country,year,production_bags_1000,production_tonnes
Angola,1960,2500.0,150000.0
Angola,1961,2800.0,168000.0
Angola,1962,2500.0,150000.0
Angola,1963,2691.0,161460.0
Angola,1964,2487.0,149220.0
Angola,1965,3057.0,183420.0
Angola,1966,3691.0,221460.0
Angola,1967,3458.0,207480.0
Angola,1968,3525.0,211500.0
Angola,1969,3368.0,202080.0
Angola,1970,2794.0,167640.0
Angola,1971,3880.0,232800.0
Angola,1972,4063.0,243780.0
Angola,1973,3547.0,212820.0
Angola,1974,3192.0,191520.0
Angola,1975,1100.0,66000.0
Angola,1976,1011.0,60660.0
Angola,1977,920.0,55200.0
Angola,1978,613.0,36780.0
Angola,1979,260.0,15600.0
Angola,1980,586.0,35160.0
Angola,1981,392.0,23520.0
Angola,1982,330.0,19800.0
Angola,1983,260.0,15600.0
Angola,1984,230.0,13800.0
Angola,1985,250.0,15000.0
Angola,1986,250.0,15000.0
Angola,1987,270.0,16200.0
Angola,1988,200.0,12000.0
Angola,1989,170.0,10200.0
Angola,1990,100.0,6000.0
Angola,1991,80.0,4800.0
Angola,1992,80.0,4800.0
Angola,1993,33.0,1980.0
Angola,1994,100.0,6000.0
Angola,1995,62.0,3720.0
Angola,1996,71.0,4260.0
Angola,1997,64.0,3840.0
Angola,1998,85.0,5100.0
Angola,1999,55.0,3300.0
Angola,2000,50.0,3000.0
Angola,2001,21.0,1260.0
Angola,2002,57.0,3420.0
Angola,2003,38.0,2280.0
Angola,2004,15.0,900.0
Angola,2005,25.0,1500.0
Angola,2006,35.0,2100.0
Angola,2007,30.0,1800.0
Angola,2008,30.0,1800.0
Angola,2009,30.0,1800.0
Angola,2010,25.0,1500.0
Angola,2011,35.0,2100.0
Angola,2012,29.0,1740.0
Angola,2013,31.0,1860.0
Angola,2014,30.0,1800.0
Angola,2015,25.0,1500.0
Angola,2016,20.0,1200.0
Angola,2017,19.0,1140.0
Angola,2018,20.0,1200.0
Angola,2019,32.0,1920.0
Angola,2020,30.0,1800.0
Angola,2021,30.0,1800.0
Angola,2022,20.0,1200.0
Angola,2023,30.0,1800.0
Angola,2024,45.0,2700.0
Angola,2025,50.0,3000.0
Benin,1960,36.0,2160.0
Benin,1961,30.0,1800.0
Benin,1962,18.0,1080.0
Benin,1963,20.0,1200.0
Benin,1964,12.0,720.0
Benin,1965,11.0,660.0
Benin,1966,18.0,1080.0
Benin,1967,7.0,420.0
Benin,1968,28.0,1680.0
Benin,1969,9.0,540.0
Benin,1970,21.0,1260.0
Benin,1971,43.0,2580.0
Benin,1972,9.0,540.0
Benin,1973,23.0,1380.0
Benin,1974,49.0,2940.0
Benin,1975,19.0,1140.0
Benin,1976,17.0,1020.0
Benin,1977,3.0,180.0
Benin,1978,3.0,180.0
Benin,1979,5.0,300.0
Benin,1980,36.0,2160.0
Benin,1981,37.0,2220.0
Benin,1982,50.0,3000.0
Benin,1983,55.0,3300.0
Benin,1984,55.0,3300.0
Benin,1985,25.0,1500.0
Benin,1986,20.0,1200.0
Benin,1987,30.0,1800.0
Benin,1988,40.0,2400.0
Benin,1989,35.0,2100.0
Benin,1990,35.0,2100.0
Benin,1991,35.0,2100.0
Benin,1992,35.0,2100.0
Benin,2003,0.0,0.0
Benin,2005,0.0,0.0
Benin,2006,0.0,0.0
Benin,2007,0.0,0.0
Benin,2008,0.0,0.0
Benin,2009,0.0,0.0
Benin,2010,0.0,0.0
Benin,2011,0.0,0.0
Benin,2012,0.0,0.0
Benin,2013,0.0,0.0
Benin,2014,0.0,0.0
Benin,2015,0.0,0.0
Benin,2016,0.0,0.0
Benin,2017,0.0,0.0
Benin,2018,0.0,0.0
Benin,2019,0.0,0.0
Benin,2020,0.0,0.0
Benin,2021,0.0,0.0
Benin,2022,0.0,0.0
Benin,2023,0.0,0.0
Benin,2024,0.0,0.0
Benin,2025,0.0,0.0
Bolivia,1960,28.0,1680.0
Bolivia,1961,34.0,2040.0
Bolivia,1962,38.0,2280.0
Bolivia,1963,38.0,2280.0
Bolivia,1964,58.0,3480.0
Bolivia,1965,59.0,3540.0
Bolivia,1966,72.0,4320.0
Bolivia,1967,92.0,5520.0
Bolivia,1968,59.0,3540.0
Bolivia,1969,69.0,4140.0
Bolivia,1970,86.0,5160.0
Bolivia,1971,92.0,5520.0
Bolivia,1972,88.0,5280.0
Bolivia,1973,89.0,5340.0
Bolivia,1974,100.0,6000.0
Bolivia,1975,124.0,7440.0
Bolivia,1976,108.0,6480.0
Bolivia,1977,118.0,7080.0
Bolivia,1978,122.0,7320.0
Bolivia,1979,129.0,7740.0
Bolivia,1980,145.0,8700.0
Bolivia,1981,135.0,8100.0
Bolivia,1982,155.0,9300.0
Bolivia,1983,150.0,9000.0
Bolivia,1984,140.0,8400.0
Bolivia,1985,150.0,9000.0
Bolivia,1986,157.0,9420.0
Bolivia,1987,160.0,9600.0
Bolivia,1988,170.0,10200.0
Bolivia,1989,170.0,10200.0
Bolivia,1990,190.0,11400.0
Bolivia,1991,200.0,12000.0
Bolivia,1992,85.0,5100.0
Bolivia,1993,58.0,3480.0
Bolivia,1994,123.0,7380.0
Bolivia,1995,151.0,9060.0
Bolivia,1996,133.0,7980.0
Bolivia,1997,153.0,9180.0
Bolivia,1998,150.0,9000.0
Bolivia,1999,184.0,11040.0
Bolivia,2000,173.0,10380.0
Bolivia,2001,118.0,7080.0
Bolivia,2002,149.0,8940.0
Bolivia,2003,125.0,7500.0
Bolivia,2004,165.0,9900.0
Bolivia,2005,135.0,8100.0
Bolivia,2006,152.0,9120.0
Bolivia,2007,140.0,8400.0
Bolivia,2008,135.0,8100.0
Bolivia,2009,140.0,8400.0
Bolivia,2010,125.0,7500.0
Bolivia,2011,140.0,8400.0
Bolivia,2012,115.0,6900.0
Bolivia,2013,128.0,7680.0
Bolivia,2014,100.0,6000.0
Bolivia,2015,80.0,4800.0
Bolivia,2016,75.0,4500.0
Bolivia,2017,85.0,5100.0
Bolivia,2018,85.0,5100.0
Bolivia,2019,85.0,5100.0
Bolivia,2020,80.0,4800.0
Bolivia,2021,85.0,5100.0
Bolivia,2022,90.0,5400.0
Bolivia,2023,70.0,4200.0
Bolivia,2024,85.0,5100.0
Bolivia,2025,80.0,4800.0
Brazil,1960,29800.0,1788000.0
Brazil,1961,39600.0,2376000.0
Brazil,1962,28900.0,1734000.0
Brazil,1963,23200.0,1392000.0
Brazil,1964,11000.0,660000.0
Brazil,1965,37700.0,2262000.0
Brazil,1966,21000.0,1260000.0
Brazil,1967,24500.0,1470000.0
Brazil,1968,17000.0,1020000.0
Brazil,1969,21000.0,1260000.0
Brazil,1970,11000.0,660000.0
Brazil,1971,24600.0,1476000.0
Brazil,1972,24500.0,1470000.0
Brazil,1973,14300.0,858000.0
Brazil,1974,27500.0,1650000.0
Brazil,1975,23000.0,1380000.0
Brazil,1976,9300.0,558000.0
Brazil,1977,17500.0,1050000.0
Brazil,1978,20000.0,1200000.0
Brazil,1979,22000.0,1320000.0
Brazil,1980,21500.0,1290000.0
Brazil,1981,33000.0,1980000.0
Brazil,1982,17750.0,1065000.0
Brazil,1983,30000.0,1800000.0
Brazil,1984,27000.0,1620000.0
Brazil,1985,33000.0,1980000.0
Brazil,1986,13900.0,834000.0
Brazil,1987,38000.0,2280000.0
Brazil,1988,25000.0,1500000.0
Brazil,1989,26000.0,1560000.0
Brazil,1990,31000.0,1860000.0
Brazil,1991,28500.0,1710000.0
Brazil,1992,24000.0,1440000.0
Brazil,1993,28500.0,1710000.0
Brazil,1994,28000.0,1680000.0
Brazil,1995,16800.0,1008000.0
Brazil,1996,28000.0,1680000.0
Brazil,1997,23500.0,1410000.0
Brazil,1998,35600.0,2136000.0
Brazil,1999,30800.0,1848000.0
Brazil,2000,34100.0,2046000.0
Brazil,2001,35100.0,2106000.0
Brazil,2002,53600.0,3216000.0
Brazil,2003,33200.0,1992000.0
Brazil,2004,43600.0,2616000.0
Brazil,2005,36100.0,2166000.0
Brazil,2006,46700.0,2802000.0
Brazil,2007,39100.0,2346000.0
Brazil,2008,53300.0,3198000.0
Brazil,2009,44800.0,2688000.0
Brazil,2010,54500.0,3270000.0
Brazil,2011,49200.0,2952000.0
Brazil,2012,57600.0,3456000.0
Brazil,2013,57200.0,3432000.0
Brazil,2014,54300.0,3258000.0
Brazil,2015,49400.0,2964000.0
Brazil,2016,56100.0,3366000.0
Brazil,2017,52100.0,3126000.0
Brazil,2018,66500.0,3990000.0
Brazil,2019,60500.0,3630000.0
Brazil,2020,69900.0,4194000.0
Brazil,2021,58100.0,3486000.0
Brazil,2022,62600.0,3756000.0
Brazil,2023,66300.0,3978000.0
Brazil,2024,65000.0,3900000.0
Brazil,2025,63000.0,3780000.0
Burundi,1960,232.0,13920.0
Burundi,1961,217.0,13020.0
Burundi,1962,202.0,12120.0
Burundi,1963,94.0,5640.0
Burundi,1964,266.0,15960.0
Burundi,1965,227.0,13620.0
Burundi,1966,250.0,15000.0
Burundi,1967,215.0,12900.0
Burundi,1968,278.0,16680.0
Burundi,1969,244.0,14640.0
Burundi,1970,371.0,22260.0
Burundi,1971,420.0,25200.0
Burundi,1972,328.0,19680.0
Burundi,1973,359.0,21540.0
Burundi,1974,479.0,28740.0
Burundi,1975,279.0,16740.0
Burundi,1976,359.0,21540.0
Burundi,1977,285.0,17100.0
Burundi,1978,387.0,23220.0
Burundi,1979,466.0,27960.0
Burundi,1980,315.0,18900.0
Burundi,1981,730.0,43800.0
Burundi,1982,340.0,20400.0
Burundi,1983,730.0,43800.0
Burundi,1984,325.0,19500.0
Burundi,1985,535.0,32100.0
Burundi,1986,495.0,29700.0
Burundi,1987,625.0,37500.0
Burundi,1988,605.0,36300.0
Burundi,1989,616.0,36960.0
Burundi,1990,517.0,31020.0
Burundi,1991,562.0,33720.0
Burundi,1992,607.0,36420.0
Burundi,1993,394.0,23640.0
Burundi,1994,664.0,39840.0
Burundi,1995,434.0,26040.0
Burundi,1996,401.0,24060.0
Burundi,1997,297.0,17820.0
Burundi,1998,357.0,21420.0
Burundi,1999,507.0,30420.0
Burundi,2000,446.0,26760.0
Burundi,2001,261.0,15660.0
Burundi,2002,454.0,27240.0
Burundi,2003,338.0,20280.0
Burundi,2004,337.0,20220.0
Burundi,2005,285.0,17100.0
Burundi,2006,287.0,17220.0
Burundi,2007,209.0,12540.0
Burundi,2008,250.0,15000.0
Burundi,2009,300.0,18000.0
Burundi,2010,235.0,14100.0
Burundi,2011,210.0,12600.0
Burundi,2012,235.0,14100.0
Burundi,2013,185.0,11100.0
Burundi,2014,160.0,9600.0
Burundi,2015,240.0,14400.0
Burundi,2016,200.0,12000.0
Burundi,2017,205.0,12300.0
Burundi,2018,205.0,12300.0
Burundi,2019,265.0,15900.0
Burundi,2020,230.0,13800.0
Burundi,2021,165.0,9900.0
Burundi,2022,175.0,10500.0
Burundi,2023,140.0,8400.0
Burundi,2024,115.0,6900.0
Burundi,2025,125.0,7500.0
Cameroon,1960,855.0,51300.0
Cameroon,1961,543.0,32580.0
Cameroon,1962,750.0,45000.0
Cameroon,1963,856.0,51360.0
Cameroon,1964,863.0,51780.0
Cameroon,1965,1176.0,70560.0
Cameroon,1966,1193.0,71580.0
Cameroon,1967,1204.0,72240.0
Cameroon,1968,1194.0,71640.0
Cameroon,1969,1192.0,71520.0
Cameroon,1970,1180.0,70800.0
Cameroon,1971,1250.0,75000.0
Cameroon,1972,1363.0,81780.0
Cameroon,1973,1553.0,93180.0
Cameroon,1974,1820.0,109200.0
Cameroon,1975,1482.0,88920.0
Cameroon,1976,1307.0,78420.0
Cameroon,1977,1371.0,82260.0
Cameroon,1978,1634.0,98040.0
Cameroon,1979,1658.0,99480.0
Cameroon,1980,1860.0,111600.0
Cameroon,1981,1850.0,111000.0
Cameroon,1982,1830.0,109800.0
Cameroon,1983,1000.0,60000.0
Cameroon,1984,2316.0,138960.0
Cameroon,1985,2067.0,124020.0
Cameroon,1986,2191.0,131460.0
Cameroon,1987,1251.0,75060.0
Cameroon,1988,1760.0,105600.0
Cameroon,1989,1440.0,86400.0
Cameroon,1990,1450.0,87000.0
Cameroon,1991,1920.0,115200.0
Cameroon,1992,837.0,50220.0
Cameroon,1993,682.0,40920.0
Cameroon,1994,403.0,24180.0
Cameroon,1995,663.0,39780.0
Cameroon,1996,1432.0,85920.0
Cameroon,1997,889.0,53340.0
Cameroon,1998,1114.0,66840.0
Cameroon,1999,1370.0,82200.0
Cameroon,2000,1113.0,66780.0
Cameroon,2001,686.0,41160.0
Cameroon,2002,801.0,48060.0
Cameroon,2003,900.0,54000.0
Cameroon,2004,727.0,43620.0
Cameroon,2005,850.0,51000.0
Cameroon,2006,835.0,50100.0
Cameroon,2007,695.0,41700.0
Cameroon,2008,650.0,39000.0
Cameroon,2009,590.0,35400.0
Cameroon,2010,715.0,42900.0
Cameroon,2011,735.0,44100.0
Cameroon,2012,535.0,32100.0
Cameroon,2013,425.0,25500.0
Cameroon,2014,575.0,34500.0
Cameroon,2015,625.0,37500.0
Cameroon,2016,500.0,30000.0
Cameroon,2017,425.0,25500.0
Cameroon,2018,450.0,27000.0
Cameroon,2019,475.0,28500.0
Cameroon,2020,400.0,24000.0
Cameroon,2021,275.0,16500.0
Cameroon,2022,270.0,16200.0
Cameroon,2023,215.0,12900.0
Cameroon,2024,205.0,12300.0
Cameroon,2025,225.0,13500.0
Central African Republic,1960,130.0,7800.0
Central African Republic,1961,141.0,8460.0
Central African Republic,1962,99.0,5940.0
Central African Republic,1963,180.0,10800.0
Central African Republic,1964,121.0,7260.0
Central African Republic,1965,183.0,10980.0
Central African Republic,1966,150.0,9000.0
Central African Republic,1967,142.0,8520.0
Central African Republic,1968,155.0,9300.0
Central African Republic,1969,242.0,14520.0
Central African Republic,1970,212.0,12720.0
Central African Republic,1971,195.0,11700.0
Central African Republic,1972,193.0,11580.0
Central African Republic,1973,132.0,7920.0
Central African Republic,1974,194.0,11640.0
Central African Republic,1975,150.0,9000.0
Central African Republic,1976,166.0,9960.0
Central African Republic,1977,165.0,9900.0
Central African Republic,1978,130.0,7800.0
Central African Republic,1979,230.0,13800.0
Central African Republic,1980,277.0,16620.0
Central African Republic,1981,284.0,17040.0
Central African Republic,1982,316.0,18960.0
Central African Republic,1983,150.0,9000.0
Central African Republic,1984,275.0,16500.0
Central African Republic,1985,250.0,15000.0
Central African Republic,1986,255.0,15300.0
Central African Republic,1987,215.0,12900.0
Central African Republic,1988,362.0,21720.0
Central African Republic,1989,300.0,18000.0
Central African Republic,1990,350.0,21000.0
Central African Republic,1991,350.0,21000.0
Central African Republic,1992,200.0,12000.0
Central African Republic,1993,165.0,9900.0
Central African Republic,1994,250.0,15000.0
Central African Republic,1995,108.0,6480.0
Central African Republic,1996,208.0,12480.0
Central African Republic,1997,115.0,6900.0
Central African Republic,1998,214.0,12840.0
Central African Republic,1999,241.0,14460.0
Central African Republic,2000,122.0,7320.0
Central African Republic,2001,75.0,4500.0
Central African Republic,2002,92.0,5520.0
Central African Republic,2003,25.0,1500.0
Central African Republic,2004,20.0,1200.0
Central African Republic,2005,21.0,1260.0
Central African Republic,2006,45.0,2700.0
Central African Republic,2007,50.0,3000.0
Central African Republic,2008,10.0,600.0
Central African Republic,2009,30.0,1800.0
Central African Republic,2010,27.0,1620.0
Central African Republic,2011,10.0,600.0
Central African Republic,2012,7.0,420.0
Central African Republic,2013,6.0,360.0
Central African Republic,2014,6.0,360.0
Central African Republic,2015,8.0,480.0
Central African Republic,2016,5.0,300.0
Central African Republic,2017,3.0,180.0
Central African Republic,2018,2.0,120.0
Central African Republic,2019,0.0,0.0
Central African Republic,2020,0.0,0.0
Central African Republic,2021,0.0,0.0
Central African Republic,2022,0.0,0.0
Central African Republic,2023,0.0,0.0
Central African Republic,2024,0.0,0.0
Central African Republic,2025,0.0,0.0
China,2002,324.0,19440.0
China,2003,386.0,23160.0
China,2004,361.0,21660.0
China,2005,365.0,21900.0
China,2006,428.0,25680.0
China,2007,433.0,25980.0
China,2008,555.0,33300.0
China,2009,1173.0,70380.0
China,2010,827.0,49620.0
China,2011,1090.0,65400.0
China,2012,1535.0,92100.0
China,2013,1947.0,116820.0
China,2014,2125.0,127500.0
China,2015,1925.0,115500.0
China,2016,1900.0,114000.0
China,2017,1925.0,115500.0
China,2018,1925.0,115500.0
China,2019,2000.0,120000.0
China,2020,1900.0,114000.0
China,2021,1800.0,108000.0
China,2022,1800.0,108000.0
China,2023,1800.0,108000.0
China,2024,1900.0,114000.0
China,2025,1900.0,114000.0
Colombia,1960,7260.0,435600.0
Colombia,1961,7571.0,454260.0
Colombia,1962,7180.0,430800.0
Colombia,1963,7556.0,453360.0
Colombia,1964,8428.0,505680.0
Colombia,1965,8200.0,492000.0
Colombia,1966,7600.0,456000.0
Colombia,1967,8000.0,480000.0
Colombia,1968,7900.0,474000.0
Colombia,1969,8450.0,507000.0
Colombia,1970,8000.0,480000.0
Colombia,1971,7200.0,432000.0
Colombia,1972,8600.0,516000.0
Colombia,1973,7800.0,468000.0
Colombia,1974,9000.0,540000.0
Colombia,1975,8500.0,510000.0
Colombia,1976,9300.0,558000.0
Colombia,1977,11050.0,663000.0
Colombia,1978,12600.0,756000.0
Colombia,1979,12712.0,762720.0
Colombia,1980,13500.0,810000.0
Colombia,1981,14342.0,860520.0
Colombia,1982,13300.0,798000.0
Colombia,1983,13000.0,780000.0
Colombia,1984,11000.0,660000.0
Colombia,1985,12000.0,720000.0
Colombia,1986,11000.0,660000.0
Colombia,1987,13000.0,780000.0
Colombia,1988,10700.0,642000.0
Colombia,1989,13300.0,798000.0
Colombia,1990,14500.0,870000.0
Colombia,1991,17980.0,1078800.0
Colombia,1992,14950.0,897000.0
Colombia,1993,11400.0,684000.0
Colombia,1994,13000.0,780000.0
Colombia,1995,12939.0,776340.0
Colombia,1996,10779.0,646740.0
Colombia,1997,12043.0,722580.0
Colombia,1998,10868.0,652080.0
Colombia,1999,9512.0,570720.0
Colombia,2000,10500.0,630000.0
Colombia,2001,11950.0,717000.0
Colombia,2002,11712.0,702720.0
Colombia,2003,11053.0,663180.0
Colombia,2004,11532.0,691920.0
Colombia,2005,11953.0,717180.0
Colombia,2006,12164.0,729840.0
Colombia,2007,12515.0,750900.0
Colombia,2008,8664.0,519840.0
Colombia,2009,8100.0,486000.0
Colombia,2010,8525.0,511500.0
Colombia,2011,7655.0,459300.0
Colombia,2012,9927.0,595620.0
Colombia,2013,12075.0,724500.0
Colombia,2014,13300.0,798000.0
Colombia,2015,14000.0,840000.0
Colombia,2016,14600.0,876000.0
Colombia,2017,13825.0,829500.0
Colombia,2018,13870.0,832200.0
Colombia,2019,14100.0,846000.0
Colombia,2020,13400.0,804000.0
Colombia,2021,11800.0,708000.0
Colombia,2022,10700.0,642000.0
Colombia,2023,12760.0,765600.0
Colombia,2024,14800.0,888000.0
Colombia,2025,13800.0,828000.0
Congo (Brazzaville),1960,5.0,300.0
Congo (Brazzaville),1961,8.0,480.0
Congo (Brazzaville),1962,11.0,660.0
Congo (Brazzaville),1963,11.0,660.0
Congo (Brazzaville),1964,8.0,480.0
Congo (Brazzaville),1965,22.0,1320.0
Congo (Brazzaville),1966,11.0,660.0
Congo (Brazzaville),1967,16.0,960.0
Congo (Brazzaville),1968,21.0,1260.0
Congo (Brazzaville),1969,25.0,1500.0
Congo (Brazzaville),1970,16.0,960.0
Congo (Brazzaville),1971,18.0,1080.0
Congo (Brazzaville),1972,14.0,840.0
Congo (Brazzaville),1973,8.0,480.0
Congo (Brazzaville),1974,11.0,660.0
Congo (Brazzaville),1975,28.0,1680.0
Congo (Brazzaville),1976,33.0,1980.0
Congo (Brazzaville),1977,46.0,2760.0
Congo (Brazzaville),1978,107.0,6420.0
Congo (Brazzaville),1979,43.0,2580.0
Congo (Brazzaville),1980,40.0,2400.0
Congo (Brazzaville),1981,36.0,2160.0
Congo (Brazzaville),1982,32.0,1920.0
Congo (Brazzaville),1983,35.0,2100.0
Congo (Brazzaville),1984,25.0,1500.0
Congo (Brazzaville),1985,20.0,1200.0
Congo (Brazzaville),1986,15.0,900.0
Congo (Brazzaville),1987,15.0,900.0
Congo (Brazzaville),1988,25.0,1500.0
Congo (Brazzaville),1989,25.0,1500.0
Congo (Brazzaville),1990,25.0,1500.0
Congo (Brazzaville),1991,25.0,1500.0
Congo (Brazzaville),1992,25.0,1500.0
Congo (Brazzaville),1993,3.0,180.0
Congo (Brazzaville),1994,8.0,480.0
Congo (Brazzaville),1995,12.0,720.0
Congo (Brazzaville),1996,14.0,840.0
Congo (Brazzaville),1997,3.0,180.0
Congo (Brazzaville),1998,3.0,180.0
Congo (Brazzaville),1999,3.0,180.0
Congo (Brazzaville),2000,3.0,180.0
Congo (Brazzaville),2001,3.0,180.0
Congo (Brazzaville),2002,3.0,180.0
Congo (Brazzaville),2003,0.0,0.0
Congo (Brazzaville),2004,0.0,0.0
Congo (Brazzaville),2005,0.0,0.0
Congo (Brazzaville),2006,0.0,0.0
Congo (Brazzaville),2007,0.0,0.0
Congo (Brazzaville),2008,0.0,0.0
Congo (Brazzaville),2009,0.0,0.0
Congo (Brazzaville),2010,0.0,0.0
Congo (Brazzaville),2011,0.0,0.0
Congo (Brazzaville),2012,0.0,0.0
Congo (Brazzaville),2013,0.0,0.0
Congo (Brazzaville),2014,0.0,0.0
Congo (Brazzaville),2015,0.0,0.0
Congo (Brazzaville),2016,0.0,0.0
Congo (Brazzaville),2017,0.0,0.0
Congo (Brazzaville),2018,0.0,0.0
Congo (Brazzaville),2019,0.0,0.0
Congo (Brazzaville),2020,0.0,0.0
Congo (Brazzaville),2021,0.0,0.0
Congo (Brazzaville),2022,0.0,0.0
Congo (Brazzaville),2023,0.0,0.0
Congo (Brazzaville),2024,0.0,0.0
Congo (Brazzaville),2025,0.0,0.0
Congo (Kinshasa),1960,693.0,41580.0
Congo (Kinshasa),1961,706.0,42360.0
Congo (Kinshasa),1962,867.0,52020.0
Congo (Kinshasa),1963,1050.0,63000.0
Congo (Kinshasa),1964,779.0,46740.0
Congo (Kinshasa),1965,684.0,41040.0
Congo (Kinshasa),1966,1087.0,65220.0
Congo (Kinshasa),1967,1200.0,72000.0
Congo (Kinshasa),1968,1167.0,70020.0
Congo (Kinshasa),1969,1453.0,87180.0
Congo (Kinshasa),1970,1222.0,73320.0
Congo (Kinshasa),1971,1335.0,80100.0
Congo (Kinshasa),1972,1508.0,90480.0
Congo (Kinshasa),1973,1585.0,95100.0
Congo (Kinshasa),1974,1276.0,76560.0
Congo (Kinshasa),1975,1072.0,64320.0
Congo (Kinshasa),1976,1417.0,85020.0
Congo (Kinshasa),1977,1129.0,67740.0
Congo (Kinshasa),1978,1293.0,77580.0
Congo (Kinshasa),1979,1316.0,78960.0
Congo (Kinshasa),1980,1526.0,91560.0
Congo (Kinshasa),1981,1425.0,85500.0
Congo (Kinshasa),1982,1354.0,81240.0
Congo (Kinshasa),1983,1350.0,81000.0
Congo (Kinshasa),1984,1540.0,92400.0
Congo (Kinshasa),1985,1610.0,96600.0
Congo (Kinshasa),1986,1875.0,112500.0
Congo (Kinshasa),1987,2000.0,120000.0
Congo (Kinshasa),1988,1750.0,105000.0
Congo (Kinshasa),1989,2000.0,120000.0
Congo (Kinshasa),1990,1695.0,101700.0
Congo (Kinshasa),1991,1500.0,90000.0
Congo (Kinshasa),1992,1790.0,107400.0
Congo (Kinshasa),1993,980.0,58800.0
Congo (Kinshasa),1994,1298.0,77880.0
Congo (Kinshasa),1995,1099.0,65940.0
Congo (Kinshasa),1996,794.0,47640.0
Congo (Kinshasa),1997,800.0,48000.0
Congo (Kinshasa),1998,644.0,38640.0
Congo (Kinshasa),1999,477.0,28620.0
Congo (Kinshasa),2000,362.0,21720.0
Congo (Kinshasa),2001,420.0,25200.0
Congo (Kinshasa),2002,319.0,19140.0
Congo (Kinshasa),2003,350.0,21000.0
Congo (Kinshasa),2004,260.0,15600.0
Congo (Kinshasa),2005,236.0,14160.0
Congo (Kinshasa),2006,280.0,16800.0
Congo (Kinshasa),2007,315.0,18900.0
Congo (Kinshasa),2008,300.0,18000.0
Congo (Kinshasa),2009,305.0,18300.0
Congo (Kinshasa),2010,265.0,15900.0
Congo (Kinshasa),2011,255.0,15300.0
Congo (Kinshasa),2012,230.0,13800.0
Congo (Kinshasa),2013,240.0,14400.0
Congo (Kinshasa),2014,220.0,13200.0
Congo (Kinshasa),2015,220.0,13200.0
Congo (Kinshasa),2016,230.0,13800.0
Congo (Kinshasa),2017,250.0,15000.0
Congo (Kinshasa),2018,245.0,14700.0
Congo (Kinshasa),2019,255.0,15300.0
Congo (Kinshasa),2020,250.0,15000.0
Congo (Kinshasa),2021,270.0,16200.0
Congo (Kinshasa),2022,255.0,15300.0
Congo (Kinshasa),2023,225.0,13500.0
Congo (Kinshasa),2024,195.0,11700.0
Congo (Kinshasa),2025,200.0,12000.0
Costa Rica,1960,951.0,57060.0
Costa Rica,1961,1073.0,64380.0
Costa Rica,1962,952.0,57120.0
Costa Rica,1963,1043.0,62580.0
Costa Rica,1964,845.0,50700.0
Costa Rica,1965,1001.0,60060.0
Costa Rica,1966,1164.0,69840.0
Costa Rica,1967,1313.0,78780.0
Costa Rica,1968,1228.0,73680.0
Costa Rica,1969,1403.0,84180.0
Costa Rica,1970,1295.0,77700.0
Costa Rica,1971,1551.0,93060.0
Costa Rica,1972,1266.0,75960.0
Costa Rica,1973,1539.0,92340.0
Costa Rica,1974,1430.0,85800.0
Costa Rica,1975,1276.0,76560.0
Costa Rica,1976,1331.0,79860.0
Costa Rica,1977,1449.0,86940.0
Costa Rica,1978,1749.0,104940.0
Costa Rica,1979,1522.0,91320.0
Costa Rica,1980,2140.0,128400.0
Costa Rica,1981,1782.0,106920.0
Costa Rica,1982,2300.0,138000.0
Costa Rica,1983,2070.0,124200.0
Costa Rica,1984,2516.0,150960.0
Costa Rica,1985,1514.0,90840.0
Costa Rica,1986,2566.0,153960.0
Costa Rica,1987,2375.0,142500.0
Costa Rica,1988,2758.0,165480.0
Costa Rica,1989,2453.0,147180.0
Costa Rica,1990,2565.0,153900.0
Costa Rica,1991,2530.0,151800.0
Costa Rica,1992,2620.0,157200.0
Costa Rica,1993,2475.0,148500.0
Costa Rica,1994,2492.0,149520.0
Costa Rica,1995,2595.0,155700.0
Costa Rica,1996,2376.0,142560.0
Costa Rica,1997,2455.0,147300.0
Costa Rica,1998,2459.0,147540.0
Costa Rica,1999,2688.0,161280.0
Costa Rica,2000,2502.0,150120.0
Costa Rica,2001,2338.0,140280.0
Costa Rica,2002,2207.0,132420.0
Costa Rica,2003,2106.0,126360.0
Costa Rica,2004,1907.0,114420.0
Costa Rica,2005,1751.0,105060.0
Costa Rica,2006,1782.0,106920.0
Costa Rica,2007,1867.0,112020.0
Costa Rica,2008,1580.0,94800.0
Costa Rica,2009,1475.0,88500.0
Costa Rica,2010,1575.0,94500.0
Costa Rica,2011,1775.0,106500.0
Costa Rica,2012,1675.0,100500.0
Costa Rica,2013,1450.0,87000.0
Costa Rica,2014,1400.0,84000.0
Costa Rica,2015,1625.0,97500.0
Costa Rica,2016,1300.0,78000.0
Costa Rica,2017,1525.0,91500.0
Costa Rica,2018,1250.0,75000.0
Costa Rica,2019,1466.0,87960.0
Costa Rica,2020,1472.0,88320.0
Costa Rica,2021,1215.0,72900.0
Costa Rica,2022,1100.0,66000.0
Costa Rica,2023,1158.0,69480.0
Costa Rica,2024,1298.0,77880.0
Costa Rica,2025,1170.0,70200.0
Cote d'Ivoire,1960,3134.0,188040.0
Cote d'Ivoire,1961,1608.0,96480.0
Cote d'Ivoire,1962,3140.0,188400.0
Cote d'Ivoire,1963,4275.0,256500.0
Cote d'Ivoire,1964,3342.0,200520.0
Cote d'Ivoire,1965,4343.0,260580.0
Cote d'Ivoire,1966,2010.0,120600.0
Cote d'Ivoire,1967,4712.0,282720.0
Cote d'Ivoire,1968,3328.0,199680.0
Cote d'Ivoire,1969,4414.0,264840.0
Cote d'Ivoire,1970,3996.0,239760.0
Cote d'Ivoire,1971,4544.0,272640.0
Cote d'Ivoire,1972,4007.0,240420.0
Cote d'Ivoire,1973,4368.0,262080.0
Cote d'Ivoire,1974,4486.0,269160.0
Cote d'Ivoire,1975,5266.0,315960.0
Cote d'Ivoire,1976,4867.0,292020.0
Cote d'Ivoire,1977,3123.0,187380.0
Cote d'Ivoire,1978,4742.0,284520.0
Cote d'Ivoire,1979,3973.0,238380.0
Cote d'Ivoire,1980,6090.0,365400.0
Cote d'Ivoire,1981,4160.0,249600.0
Cote d'Ivoire,1982,4510.0,270600.0
Cote d'Ivoire,1983,1420.0,85200.0
Cote d'Ivoire,1984,4609.0,276540.0
Cote d'Ivoire,1985,4420.0,265200.0
Cote d'Ivoire,1986,4405.0,264300.0
Cote d'Ivoire,1987,3103.0,186180.0
Cote d'Ivoire,1988,3989.0,239340.0
Cote d'Ivoire,1989,4734.0,284040.0
Cote d'Ivoire,1990,3300.0,198000.0
Cote d'Ivoire,1991,3967.0,238020.0
Cote d'Ivoire,1992,2500.0,150000.0
Cote d'Ivoire,1993,2700.0,162000.0
Cote d'Ivoire,1994,3733.0,223980.0
Cote d'Ivoire,1995,2900.0,174000.0
Cote d'Ivoire,1996,5333.0,319980.0
Cote d'Ivoire,1997,4080.0,244800.0
Cote d'Ivoire,1998,2217.0,133020.0
Cote d'Ivoire,1999,5700.0,342000.0
Cote d'Ivoire,2000,5100.0,306000.0
Cote d'Ivoire,2001,3568.0,214080.0
Cote d'Ivoire,2002,1825.0,109500.0
Cote d'Ivoire,2003,2689.0,161340.0
Cote d'Ivoire,2004,1801.0,108060.0
Cote d'Ivoire,2005,2062.0,123720.0
Cote d'Ivoire,2006,2447.0,146820.0
Cote d'Ivoire,2007,2098.0,125880.0
Cote d'Ivoire,2008,1853.0,111180.0
Cote d'Ivoire,2009,2350.0,141000.0
Cote d'Ivoire,2010,1600.0,96000.0
Cote d'Ivoire,2011,1600.0,96000.0
Cote d'Ivoire,2012,1750.0,105000.0
Cote d'Ivoire,2013,1675.0,100500.0
Cote d'Ivoire,2014,1400.0,84000.0
Cote d'Ivoire,2015,1600.0,96000.0
Cote d'Ivoire,2016,1090.0,65400.0
Cote d'Ivoire,2017,1250.0,75000.0
Cote d'Ivoire,2018,2000.0,120000.0
Cote d'Ivoire,2019,1775.0,106500.0
Cote d'Ivoire,2020,910.0,54600.0
Cote d'Ivoire,2021,1110.0,66600.0
Cote d'Ivoire,2022,1020.0,61200.0
Cote d'Ivoire,2023,1325.0,79500.0
Cote d'Ivoire,2024,650.0,39000.0
Cote d'Ivoire,2025,1300.0,78000.0
Cuba,1960,700.0,42000.0
Cuba,1961,750.0,45000.0
Cuba,1962,630.0,37800.0
Cuba,1963,475.0,28500.0
Cuba,1964,600.0,36000.0
Cuba,1965,460.0,27600.0
Cuba,1966,450.0,27000.0
Cuba,1967,450.0,27000.0
Cuba,1968,500.0,30000.0
Cuba,1969,500.0,30000.0
Cuba,1970,475.0,28500.0
Cuba,1971,460.0,27600.0
Cuba,1972,475.0,28500.0
Cuba,1973,500.0,30000.0
Cuba,1974,450.0,27000.0
Cuba,1975,365.0,21900.0
Cuba,1976,400.0,24000.0
Cuba,1977,262.0,15720.0
Cuba,1978,223.0,13380.0
Cuba,1979,372.0,22320.0
Cuba,1980,344.0,20640.0
Cuba,1981,383.0,22980.0
Cuba,1982,300.0,18000.0
Cuba,1983,385.0,23100.0
Cuba,1984,400.0,24000.0
Cuba,1985,396.0,23760.0
Cuba,1986,408.0,24480.0
Cuba,1987,436.0,26160.0
Cuba,1988,450.0,27000.0
Cuba,1989,475.0,28500.0
Cuba,1990,480.0,28800.0
Cuba,1991,450.0,27000.0
Cuba,1992,335.0,20100.0
Cuba,1993,285.0,17100.0
Cuba,1994,284.0,17040.0
Cuba,1995,285.0,17100.0
Cuba,1996,366.0,21960.0
Cuba,1997,300.0,18000.0
Cuba,1998,280.0,16800.0
Cuba,1999,328.0,19680.0
Cuba,2000,313.0,18780.0
Cuba,2001,285.0,17100.0
Cuba,2002,239.0,14340.0
Cuba,2003,224.0,13440.0
Cuba,2004,154.0,9240.0
Cuba,2005,125.0,7500.0
Cuba,2006,100.0,6000.0
Cuba,2007,70.0,4200.0
Cuba,2008,127.0,7620.0
Cuba,2009,120.0,7200.0
Cuba,2010,120.0,7200.0
Cuba,2011,170.0,10200.0
Cuba,2012,125.0,7500.0
Cuba,2013,150.0,9000.0
Cuba,2014,150.0,9000.0
Cuba,2015,150.0,9000.0
Cuba,2016,150.0,9000.0
Cuba,2017,100.0,6000.0
Cuba,2018,110.0,6600.0
Cuba,2019,90.0,5400.0
Cuba,2020,100.0,6000.0
Cuba,2021,100.0,6000.0
Cuba,2022,100.0,6000.0
Cuba,2023,100.0,6000.0
Cuba,2024,100.0,6000.0
Cuba,2025,100.0,6000.0
Dominican Republic,1960,550.0,33000.0
Dominican Republic,1961,649.0,38940.0
Dominican Republic,1962,625.0,37500.0
Dominican Republic,1963,755.0,45300.0
Dominican Republic,1964,758.0,45480.0
Dominican Republic,1965,709.0,42540.0
Dominican Republic,1966,576.0,34560.0
Dominican Republic,1967,706.0,42360.0
Dominican Republic,1968,602.0,36120.0
Dominican Republic,1969,795.0,47700.0
Dominican Republic,1970,853.0,51180.0
Dominican Republic,1971,768.0,46080.0
Dominican Republic,1972,767.0,46020.0
Dominican Republic,1973,853.0,51180.0
Dominican Republic,1974,883.0,52980.0
Dominican Republic,1975,1054.0,63240.0
Dominican Republic,1976,733.0,43980.0
Dominican Republic,1977,1062.0,63720.0
Dominican Republic,1978,664.0,39840.0
Dominican Republic,1979,1020.0,61200.0
Dominican Republic,1980,1105.0,66300.0
Dominican Republic,1981,813.0,48780.0
Dominican Republic,1982,1159.0,69540.0
Dominican Republic,1983,871.0,52260.0
Dominican Republic,1984,913.0,54780.0
Dominican Republic,1985,910.0,54600.0
Dominican Republic,1986,786.0,47160.0
Dominican Republic,1987,837.0,50220.0
Dominican Republic,1988,726.0,43560.0
Dominican Republic,1989,756.0,45360.0
Dominican Republic,1990,672.0,40320.0
Dominican Republic,1991,702.0,42120.0
Dominican Republic,1992,682.0,40920.0
Dominican Republic,1993,545.0,32700.0
Dominican Republic,1994,700.0,42000.0
Dominican Republic,1995,795.0,47700.0
Dominican Republic,1996,638.0,38280.0
Dominican Republic,1997,941.0,56460.0
Dominican Republic,1998,422.0,25320.0
Dominican Republic,1999,694.0,41640.0
Dominican Republic,2000,439.0,26340.0
Dominican Republic,2001,435.0,26100.0
Dominican Republic,2002,455.0,27300.0
Dominican Republic,2003,351.0,21060.0
Dominican Republic,2004,491.0,29460.0
Dominican Republic,2005,310.0,18600.0
Dominican Republic,2006,390.0,23400.0
Dominican Republic,2007,465.0,27900.0
Dominican Republic,2008,545.0,32700.0
Dominican Republic,2009,500.0,30000.0
Dominican Republic,2010,500.0,30000.0
Dominican Republic,2011,500.0,30000.0
Dominican Republic,2012,475.0,28500.0
Dominican Republic,2013,275.0,16500.0
Dominican Republic,2014,225.0,13500.0
Dominican Republic,2015,225.0,13500.0
Dominican Republic,2016,225.0,13500.0
Dominican Republic,2017,125.0,7500.0
Dominican Republic,2018,125.0,7500.0
Dominican Republic,2019,120.0,7200.0
Dominican Republic,2020,120.0,7200.0
Dominican Republic,2021,125.0,7500.0
Dominican Republic,2022,125.0,7500.0
Dominican Republic,2023,125.0,7500.0
Dominican Republic,2024,125.0,7500.0
Dominican Republic,2025,125.0,7500.0
Ecuador,1960,594.0,35640.0
Ecuador,1961,728.0,43680.0
Ecuador,1962,626.0,37560.0
Ecuador,1963,619.0,37140.0
Ecuador,1964,783.0,46980.0
Ecuador,1965,960.0,57600.0
Ecuador,1966,899.0,53940.0
Ecuador,1967,1098.0,65880.0
Ecuador,1968,974.0,58440.0
Ecuador,1969,581.0,34860.0
Ecuador,1970,1255.0,75300.0
Ecuador,1971,1027.0,61620.0
Ecuador,1972,1059.0,63540.0
Ecuador,1973,1414.0,84840.0
Ecuador,1974,961.0,57660.0
Ecuador,1975,1244.0,74640.0
Ecuador,1976,1389.0,83340.0
Ecuador,1977,1434.0,86040.0
Ecuador,1978,1640.0,98400.0
Ecuador,1979,1609.0,96540.0
Ecuador,1980,1517.0,91020.0
Ecuador,1981,1792.0,107520.0
Ecuador,1982,1800.0,108000.0
Ecuador,1983,1380.0,82800.0
Ecuador,1984,1500.0,90000.0
Ecuador,1985,1966.0,117960.0
Ecuador,1986,2268.0,136080.0
Ecuador,1987,1663.0,99780.0
Ecuador,1988,2150.0,129000.0
Ecuador,1989,2150.0,129000.0
Ecuador,1990,1830.0,109800.0
Ecuador,1991,1700.0,102000.0
Ecuador,1992,1560.0,93600.0
Ecuador,1993,2150.0,129000.0
Ecuador,1994,2550.0,153000.0
Ecuador,1995,1900.0,114000.0
Ecuador,1996,1815.0,108900.0
Ecuador,1997,1230.0,73800.0
Ecuador,1998,1322.0,79320.0
Ecuador,1999,1295.0,77700.0
Ecuador,2000,1005.0,60300.0
Ecuador,2001,910.0,54600.0
Ecuador,2002,790.0,47400.0
Ecuador,2003,692.0,41520.0
Ecuador,2004,733.0,43980.0
Ecuador,2005,835.0,50100.0
Ecuador,2006,875.0,52500.0
Ecuador,2007,825.0,49500.0
Ecuador,2008,635.0,38100.0
Ecuador,2009,685.0,41100.0
Ecuador,2010,650.0,39000.0
Ecuador,2011,630.0,37800.0
Ecuador,2012,465.0,27900.0
Ecuador,2013,220.0,13200.0
Ecuador,2014,255.0,15300.0
Ecuador,2015,225.0,13500.0
Ecuador,2016,170.0,10200.0
Ecuador,2017,205.0,12300.0
Ecuador,2018,255.0,15300.0
Ecuador,2019,275.0,16500.0
Ecuador,2020,255.0,15300.0
Ecuador,2021,260.0,15600.0
Ecuador,2022,354.0,21240.0
Ecuador,2023,370.0,22200.0
Ecuador,2024,355.0,21300.0
Ecuador,2025,350.0,21000.0
El Salvador,1960,1452.0,87120.0
El Salvador,1961,1930.0,115800.0
El Salvador,1962,1638.0,98280.0
El Salvador,1963,1904.0,114240.0
El Salvador,1964,2052.0,123120.0
El Salvador,1965,1810.0,108600.0
El Salvador,1966,1935.0,116100.0
El Salvador,1967,2393.0,143580.0
El Salvador,1968,1817.0,109020.0
El Salvador,1969,2468.0,148080.0
El Salvador,1970,2054.0,123240.0
El Salvador,1971,2680.0,160800.0
El Salvador,1972,2238.0,134280.0
El Salvador,1973,2370.0,142200.0
El Salvador,1974,3800.0,228000.0
El Salvador,1975,2030.0,121800.0
El Salvador,1976,2610.0,156600.0
El Salvador,1977,2800.0,168000.0
El Salvador,1978,3423.0,205380.0
El Salvador,1979,3322.0,199320.0
El Salvador,1980,2940.0,176400.0
El Salvador,1981,2886.0,173160.0
El Salvador,1982,2800.0,168000.0
El Salvador,1983,2400.0,144000.0
El Salvador,1984,2680.0,160800.0
El Salvador,1985,2300.0,138000.0
El Salvador,1986,2275.0,136500.0
El Salvador,1987,2538.0,152280.0
El Salvador,1988,1492.0,89520.0
El Salvador,1989,2787.0,167220.0
El Salvador,1990,2603.0,156180.0
El Salvador,1991,2357.0,141420.0
El Salvador,1992,2894.0,173640.0
El Salvador,1993,2361.0,141660.0
El Salvador,1994,2314.0,138840.0
El Salvador,1995,2325.0,139500.0
El Salvador,1996,2498.0,149880.0
El Salvador,1997,2040.0,122400.0
El Salvador,1998,1860.0,111600.0
El Salvador,1999,2612.0,156720.0
El Salvador,2000,1624.0,97440.0
El Salvador,2001,1610.0,96600.0
El Salvador,2002,1351.0,81060.0
El Salvador,2003,1343.0,80580.0
El Salvador,2004,1329.0,79740.0
El Salvador,2005,1387.0,83220.0
El Salvador,2006,1400.0,84000.0
El Salvador,2007,1650.0,99000.0
El Salvador,2008,1550.0,93000.0
El Salvador,2009,1300.0,78000.0
El Salvador,2010,1860.0,111600.0
El Salvador,2011,1200.0,72000.0
El Salvador,2012,1250.0,75000.0
El Salvador,2013,550.0,33000.0
El Salvador,2014,700.0,42000.0
El Salvador,2015,560.0,33600.0
El Salvador,2016,600.0,36000.0
El Salvador,2017,660.0,39600.0
El Salvador,2018,654.0,39240.0
El Salvador,2019,510.0,30600.0
El Salvador,2020,540.0,32400.0
El Salvador,2021,600.0,36000.0
El Salvador,2022,550.0,33000.0
El Salvador,2023,604.0,36240.0
El Salvador,2024,450.0,27000.0
El Salvador,2025,500.0,30000.0
Equatorial Guinea,1960,120.0,7200.0
Equatorial Guinea,1961,120.0,7200.0
Equatorial Guinea,1962,120.0,7200.0
Equatorial Guinea,1963,120.0,7200.0
Equatorial Guinea,1964,130.0,7800.0
Equatorial Guinea,1965,126.0,7560.0
Equatorial Guinea,1966,130.0,7800.0
Equatorial Guinea,1967,146.0,8760.0
Equatorial Guinea,1968,126.0,7560.0
Equatorial Guinea,1969,120.0,7200.0
Equatorial Guinea,1970,120.0,7200.0
Equatorial Guinea,1971,116.0,6960.0
Equatorial Guinea,1972,45.0,2700.0
Equatorial Guinea,1973,55.0,3300.0
Equatorial Guinea,1974,70.0,4200.0
Equatorial Guinea,1975,25.0,1500.0
Equatorial Guinea,1976,10.0,600.0
Equatorial Guinea,1977,10.0,600.0
Equatorial Guinea,1978,10.0,600.0
Equatorial Guinea,1979,10.0,600.0
Equatorial Guinea,1980,15.0,900.0
Equatorial Guinea,1981,20.0,1200.0
Equatorial Guinea,1982,15.0,900.0
Equatorial Guinea,1983,15.0,900.0
Equatorial Guinea,1984,15.0,900.0
Equatorial Guinea,1985,15.0,900.0
Equatorial Guinea,1986,18.0,1080.0
Equatorial Guinea,1987,18.0,1080.0
Equatorial Guinea,1988,15.0,900.0
Equatorial Guinea,1989,15.0,900.0
Equatorial Guinea,1990,15.0,900.0
Equatorial Guinea,1991,15.0,900.0
Equatorial Guinea,1992,15.0,900.0
Equatorial Guinea,1993,0.0,0.0
Equatorial Guinea,1994,3.0,180.0
Equatorial Guinea,1995,2.0,120.0
Equatorial Guinea,1996,1.0,60.0
Equatorial Guinea,1997,2.0,120.0
Equatorial Guinea,1998,1.0,60.0
Equatorial Guinea,1999,0.0,0.0
Equatorial Guinea,2000,0.0,0.0
Equatorial Guinea,2001,0.0,0.0
Equatorial Guinea,2002,0.0,0.0
Equatorial Guinea,2003,0.0,0.0
Equatorial Guinea,2004,0.0,0.0
Equatorial Guinea,2005,0.0,0.0
Equatorial Guinea,2006,0.0,0.0
Equatorial Guinea,2007,0.0,0.0
Equatorial Guinea,2008,0.0,0.0
Equatorial Guinea,2009,0.0,0.0
Equatorial Guinea,2010,0.0,0.0
Equatorial Guinea,2011,0.0,0.0
Equatorial Guinea,2012,0.0,0.0
Equatorial Guinea,2013,0.0,0.0
Equatorial Guinea,2014,0.0,0.0
Equatorial Guinea,2015,0.0,0.0
Equatorial Guinea,2016,0.0,0.0
Equatorial Guinea,2017,0.0,0.0
Equatorial Guinea,2018,0.0,0.0
Equatorial Guinea,2019,0.0,0.0
Equatorial Guinea,2020,0.0,0.0
Equatorial Guinea,2021,0.0,0.0
Equatorial Guinea,2022,0.0,0.0
Equatorial Guinea,2023,0.0,0.0
Equatorial Guinea,2024,0.0,0.0
Equatorial Guinea,2025,0.0,0.0
Ethiopia,1960,1687.0,101220.0
Ethiopia,1961,2007.0,120420.0
Ethiopia,1962,2073.0,124380.0
Ethiopia,1963,2205.0,132300.0
Ethiopia,1964,2416.0,144960.0
Ethiopia,1965,2234.0,134040.0
Ethiopia,1966,2426.0,145560.0
Ethiopia,1967,2153.0,129180.0
Ethiopia,1968,1988.0,119280.0
Ethiopia,1969,2991.0,179460.0
Ethiopia,1970,2589.0,155340.0
Ethiopia,1971,2290.0,137400.0
Ethiopia,1972,2580.0,154800.0
Ethiopia,1973,2187.0,131220.0
Ethiopia,1974,2488.0,149280.0
Ethiopia,1975,2611.0,156660.0
Ethiopia,1976,2782.0,166920.0
Ethiopia,1977,3143.0,188580.0
Ethiopia,1978,3142.0,188520.0
Ethiopia,1979,3188.0,191280.0
Ethiopia,1980,3264.0,195840.0
Ethiopia,1981,3212.0,192720.0
Ethiopia,1982,3350.0,201000.0
Ethiopia,1983,3300.0,198000.0
Ethiopia,1984,2587.0,155220.0
Ethiopia,1985,2833.0,169980.0
Ethiopia,1986,2700.0,162000.0
Ethiopia,1987,3200.0,192000.0
Ethiopia,1988,3400.0,204000.0
Ethiopia,1989,3400.0,204000.0
Ethiopia,1990,3500.0,210000.0
Ethiopia,1991,3000.0,180000.0
Ethiopia,1992,3500.0,210000.0
Ethiopia,1993,3700.0,222000.0
Ethiopia,1994,3800.0,228000.0
Ethiopia,1995,3800.0,228000.0
Ethiopia,1996,3800.0,228000.0
Ethiopia,1997,3833.0,229980.0
Ethiopia,1998,3867.0,232020.0
Ethiopia,1999,3505.0,210300.0
Ethiopia,2000,2768.0,166080.0
Ethiopia,2001,3756.0,225360.0
Ethiopia,2002,3693.0,221580.0
Ethiopia,2003,3875.0,232500.0
Ethiopia,2004,4068.0,244080.0
Ethiopia,2005,4500.0,270000.0
Ethiopia,2006,5000.0,300000.0
Ethiopia,2007,5000.0,300000.0
Ethiopia,2008,5500.0,330000.0
Ethiopia,2009,6000.0,360000.0
Ethiopia,2010,6125.0,367500.0
Ethiopia,2011,6320.0,379200.0
Ethiopia,2012,6500.0,390000.0
Ethiopia,2013,6345.0,380700.0
Ethiopia,2014,6475.0,388500.0
Ethiopia,2015,6510.0,390600.0
Ethiopia,2016,6943.0,416580.0
Ethiopia,2017,7055.0,423300.0
Ethiopia,2018,7350.0,441000.0
Ethiopia,2019,7475.0,448500.0
Ethiopia,2020,7600.0,456000.0
Ethiopia,2021,8150.0,489000.0
Ethiopia,2022,7300.0,438000.0
Ethiopia,2023,9130.0,547800.0
Ethiopia,2024,11100.0,666000.0
Ethiopia,2025,11560.0,693600.0
Gabon,1960,14.0,840.0
Gabon,1961,19.0,1140.0
Gabon,1962,24.0,1440.0
Gabon,1963,16.0,960.0
Gabon,1964,24.0,1440.0
Gabon,1965,18.0,1080.0
Gabon,1966,13.0,780.0
Gabon,1967,16.0,960.0
Gabon,1968,7.0,420.0
Gabon,1969,11.0,660.0
Gabon,1970,17.0,1020.0
Gabon,1971,11.0,660.0
Gabon,1972,12.0,720.0
Gabon,1973,6.0,360.0
Gabon,1974,3.0,180.0
Gabon,1975,1.0,60.0
Gabon,1976,7.0,420.0
Gabon,1977,3.0,180.0
Gabon,1978,6.0,360.0
Gabon,1979,8.0,480.0
Gabon,1980,8.0,480.0
Gabon,1981,15.0,900.0
Gabon,1982,29.0,1740.0
Gabon,1983,35.0,2100.0
Gabon,1984,40.0,2400.0
Gabon,1985,25.0,1500.0
Gabon,1986,12.0,720.0
Gabon,1987,30.0,1800.0
Gabon,1988,35.0,2100.0
Gabon,1989,30.0,1800.0
Gabon,1990,37.0,2220.0
Gabon,1991,25.0,1500.0
Gabon,1992,25.0,1500.0
Gabon,1993,3.0,180.0
Gabon,1994,8.0,480.0
Gabon,1995,2.0,120.0
Gabon,1996,2.0,120.0
Gabon,1997,3.0,180.0
Gabon,1998,4.0,240.0
Gabon,1999,2.0,120.0
Gabon,2000,0.0,0.0
Gabon,2001,1.0,60.0
Gabon,2002,1.0,60.0
Gabon,2003,0.0,0.0
Gabon,2005,0.0,0.0
Gabon,2006,0.0,0.0
Gabon,2007,0.0,0.0
Gabon,2008,0.0,0.0
Gabon,2009,0.0,0.0
Gabon,2010,0.0,0.0
Gabon,2011,0.0,0.0
Gabon,2012,0.0,0.0
Gabon,2013,0.0,0.0
Gabon,2014,0.0,0.0
Gabon,2015,0.0,0.0
Gabon,2016,0.0,0.0
Gabon,2017,0.0,0.0
Gabon,2018,0.0,0.0
Gabon,2019,0.0,0.0
Gabon,2020,0.0,0.0
Gabon,2021,0.0,0.0
Gabon,2022,0.0,0.0
Gabon,2023,0.0,0.0
Gabon,2024,0.0,0.0
Gabon,2025,0.0,0.0
Ghana,1960,54.0,3240.0
Ghana,1961,38.0,2280.0
Ghana,1962,40.0,2400.0
Ghana,1963,116.0,6960.0
Ghana,1964,32.0,1920.0
Ghana,1965,100.0,6000.0
Ghana,1966,66.0,3960.0
Ghana,1967,113.0,6780.0
Ghana,1968,92.0,5520.0
Ghana,1969,83.0,4980.0
Ghana,1970,39.0,2340.0
Ghana,1971,58.0,3480.0
Ghana,1972,60.0,3600.0
Ghana,1973,61.0,3660.0
Ghana,1974,78.0,4680.0
Ghana,1975,56.0,3360.0
Ghana,1976,70.0,4200.0
Ghana,1977,32.0,1920.0
Ghana,1978,31.0,1860.0
Ghana,1979,35.0,2100.0
Ghana,1980,27.0,1620.0
Ghana,1981,35.0,2100.0
Ghana,1982,23.0,1380.0
Ghana,1983,20.0,1200.0
Ghana,1984,15.0,900.0
Ghana,1985,15.0,900.0
Ghana,1986,18.0,1080.0
Ghana,1987,14.0,840.0
Ghana,1988,17.0,1020.0
Ghana,1989,17.0,1020.0
Ghana,1990,35.0,2100.0
Ghana,1991,32.0,1920.0
Ghana,1992,20.0,1200.0
Ghana,1993,46.0,2760.0
Ghana,1994,57.0,3420.0
Ghana,1995,57.0,3420.0
Ghana,1996,32.0,1920.0
Ghana,1997,28.0,1680.0
Ghana,1998,55.0,3300.0
Ghana,1999,89.0,5340.0
Ghana,2000,76.0,4560.0
Ghana,2001,13.0,780.0
Ghana,2002,29.0,1740.0
Ghana,2003,17.0,1020.0
Ghana,2004,13.0,780.0
Ghana,2005,17.0,1020.0
Ghana,2006,29.0,1740.0
Ghana,2007,27.0,1620.0
Ghana,2008,19.0,1140.0
Ghana,2009,30.0,1800.0
Ghana,2010,57.0,3420.0
Ghana,2011,70.0,4200.0
Ghana,2012,30.0,1800.0
Ghana,2013,6.0,360.0
Ghana,2014,4.0,240.0
Ghana,2015,1.0,60.0
Ghana,2016,1.0,60.0
Ghana,2017,1.0,60.0
Ghana,2018,0.0,0.0
Ghana,2019,0.0,0.0
Ghana,2020,0.0,0.0
Ghana,2021,0.0,0.0
Ghana,2022,0.0,0.0
Ghana,2023,0.0,0.0
Ghana,2024,0.0,0.0
Ghana,2025,0.0,0.0
Guatemala,1960,1500.0,90000.0
Guatemala,1961,1700.0,102000.0
Guatemala,1962,1929.0,115740.0
Guatemala,1963,1712.0,102720.0
Guatemala,1964,1660.0,99600.0
Guatemala,1965,2095.0,125700.0
Guatemala,1966,1726.0,103560.0
Guatemala,1967,1792.0,107520.0
Guatemala,1968,1716.0,102960.0
Guatemala,1969,1941.0,116460.0
Guatemala,1970,1965.0,117900.0
Guatemala,1971,2099.0,125940.0
Guatemala,1972,2133.0,127980.0
Guatemala,1973,2352.0,141120.0
Guatemala,1974,2386.0,143160.0
Guatemala,1975,2043.0,122580.0
Guatemala,1976,2213.0,132780.0
Guatemala,1977,2541.0,152460.0
Guatemala,1978,2827.0,169620.0
Guatemala,1979,2647.0,158820.0
Guatemala,1980,2702.0,162120.0
Guatemala,1981,2653.0,159180.0
Guatemala,1982,2530.0,151800.0
Guatemala,1983,2340.0,140400.0
Guatemala,1984,2703.0,162180.0
Guatemala,1985,2650.0,159000.0
Guatemala,1986,2843.0,170580.0
Guatemala,1987,3020.0,181200.0
Guatemala,1988,3022.0,181320.0
Guatemala,1989,3472.0,208320.0
Guatemala,1990,3282.0,196920.0
Guatemala,1991,3549.0,212940.0
Guatemala,1992,3584.0,215040.0
Guatemala,1993,3078.0,184680.0
Guatemala,1994,3500.0,210000.0
Guatemala,1995,3827.0,229620.0
Guatemala,1996,4141.0,248460.0
Guatemala,1997,4200.0,252000.0
Guatemala,1998,4300.0,258000.0
Guatemala,1999,4364.0,261840.0
Guatemala,2000,4564.0,273840.0
Guatemala,2001,3530.0,211800.0
Guatemala,2002,3802.0,228120.0
Guatemala,2003,3671.0,220260.0
Guatemala,2004,3817.0,229020.0
Guatemala,2005,3715.0,222900.0
Guatemala,2006,4050.0,243000.0
Guatemala,2007,4110.0,246600.0
Guatemala,2008,3980.0,238800.0
Guatemala,2009,4010.0,240600.0
Guatemala,2010,3960.0,237600.0
Guatemala,2011,4410.0,264600.0
Guatemala,2012,4010.0,240600.0
Guatemala,2013,3515.0,210900.0
Guatemala,2014,3185.0,191100.0
Guatemala,2015,3295.0,197700.0
Guatemala,2016,3570.0,214200.0
Guatemala,2017,3780.0,226800.0
Guatemala,2018,3770.0,226200.0
Guatemala,2019,3645.0,218700.0
Guatemala,2020,3930.0,235800.0
Guatemala,2021,3540.0,212400.0
Guatemala,2022,3270.0,196200.0
Guatemala,2023,3469.0,208140.0
Guatemala,2024,3205.0,192300.0
Guatemala,2025,3540.0,212400.0
Guinea,1960,200.0,12000.0
Guinea,1961,235.0,14100.0
Guinea,1962,215.0,12900.0
Guinea,1963,175.0,10500.0
Guinea,1964,150.0,9000.0
Guinea,1965,169.0,10140.0
Guinea,1966,61.0,3660.0
Guinea,1967,103.0,6180.0
Guinea,1968,76.0,4560.0
Guinea,1969,111.0,6660.0
Guinea,1970,125.0,7500.0
Guinea,1971,95.0,5700.0
Guinea,1972,97.0,5820.0
Guinea,1973,70.0,4200.0
Guinea,1974,110.0,6600.0
Guinea,1975,73.0,4380.0
Guinea,1976,89.0,5340.0
Guinea,1977,66.0,3960.0
Guinea,1978,109.0,6540.0
Guinea,1979,48.0,2880.0
Guinea,1980,112.0,6720.0
Guinea,1981,64.0,3840.0
Guinea,1982,65.0,3900.0
Guinea,1983,50.0,3000.0
Guinea,1984,30.0,1800.0
Guinea,1985,85.0,5100.0
Guinea,1986,90.0,5400.0
Guinea,1987,95.0,5700.0
Guinea,1988,100.0,6000.0
Guinea,1989,125.0,7500.0
Guinea,1990,125.0,7500.0
Guinea,1991,125.0,7500.0
Guinea,1992,100.0,6000.0
Guinea,1993,64.0,3840.0
Guinea,1994,198.0,11880.0
Guinea,1995,104.0,6240.0
Guinea,1996,148.0,8880.0
Guinea,1997,172.0,10320.0
Guinea,1998,421.0,25260.0
Guinea,1999,382.0,22920.0
Guinea,2000,368.0,22080.0
Guinea,2001,236.0,14160.0
Guinea,2002,328.0,19680.0
Guinea,2003,366.0,21960.0
Guinea,2004,316.0,18960.0
Guinea,2005,525.0,31500.0
Guinea,2006,400.0,24000.0
Guinea,2007,250.0,15000.0
Guinea,2008,400.0,24000.0
Guinea,2009,445.0,26700.0
Guinea,2010,325.0,19500.0
Guinea,2011,425.0,25500.0
Guinea,2012,165.0,9900.0
Guinea,2013,50.0,3000.0
Guinea,2014,150.0,9000.0
Guinea,2015,280.0,16800.0
Guinea,2016,200.0,12000.0
Guinea,2017,190.0,11400.0
Guinea,2018,70.0,4200.0
Guinea,2019,145.0,8700.0
Guinea,2020,70.0,4200.0
Guinea,2021,300.0,18000.0
Guinea,2022,100.0,6000.0
Guinea,2023,190.0,11400.0
Guinea,2024,175.0,10500.0
Guinea,2025,190.0,11400.0
Guyana,1960,5.0,300.0
Guyana,1961,4.0,240.0
Guyana,1962,5.0,300.0
Guyana,1963,5.0,300.0
Guyana,1964,10.0,600.0
Guyana,1965,19.0,1140.0
Guyana,1966,19.0,1140.0
Guyana,1967,19.0,1140.0
Guyana,1968,20.0,1200.0
Guyana,1969,18.0,1080.0
Guyana,1970,11.0,660.0
Guyana,1971,12.0,720.0
Guyana,1972,12.0,720.0
Guyana,1973,10.0,600.0
Guyana,1974,15.0,900.0
Guyana,1975,15.0,900.0
Guyana,1976,17.0,1020.0
Guyana,1977,18.0,1080.0
Guyana,1978,19.0,1140.0
Guyana,1979,22.0,1320.0
Guyana,1980,26.0,1560.0
Guyana,1981,26.0,1560.0
Guyana,1982,21.0,1260.0
Guyana,1983,17.0,1020.0
Guyana,1984,15.0,900.0
Guyana,1985,12.0,720.0
Guyana,1986,7.0,420.0
Guyana,1987,4.0,240.0
Guyana,1988,5.0,300.0
Guyana,1989,5.0,300.0
Guyana,1990,5.0,300.0
Guyana,1991,5.0,300.0
Guyana,1992,5.0,300.0
Guyana,1993,5.0,300.0
Guyana,1994,5.0,300.0
Guyana,1995,5.0,300.0
Guyana,1996,5.0,300.0
Guyana,1997,5.0,300.0
Guyana,1998,2.0,120.0
Guyana,1999,2.0,120.0
Guyana,2001,3.0,180.0
Guyana,2002,3.0,180.0
Guyana,2003,3.0,180.0
Guyana,2004,2.0,120.0
Guyana,2005,0.0,0.0
Guyana,2006,0.0,0.0
Guyana,2007,0.0,0.0
Guyana,2008,0.0,0.0
Guyana,2009,0.0,0.0
Guyana,2010,0.0,0.0
Guyana,2011,0.0,0.0
Guyana,2012,0.0,0.0
Guyana,2013,0.0,0.0
Guyana,2014,0.0,0.0
Guyana,2015,0.0,0.0
Guyana,2016,0.0,0.0
Guyana,2017,0.0,0.0
Guyana,2018,0.0,0.0
Guyana,2019,0.0,0.0
Guyana,2020,0.0,0.0
Guyana,2021,0.0,0.0
Guyana,2022,0.0,0.0
Guyana,2023,0.0,0.0
Guyana,2024,0.0,0.0
Guyana,2025,0.0,0.0
Haiti,1960,421.0,25260.0
Haiti,1961,746.0,44760.0
Haiti,1962,590.0,35400.0
Haiti,1963,562.0,33720.0
Haiti,1964,588.0,35280.0
Haiti,1965,613.0,36780.0
Haiti,1966,446.0,26760.0
Haiti,1967,534.0,32040.0
Haiti,1968,564.0,33840.0
Haiti,1969,458.0,27480.0
Haiti,1970,564.0,33840.0
Haiti,1971,604.0,36240.0
Haiti,1972,536.0,32160.0
Haiti,1973,580.0,34800.0
Haiti,1974,590.0,35400.0
Haiti,1975,575.0,34500.0
Haiti,1976,486.0,29160.0
Haiti,1977,519.0,31140.0
Haiti,1978,443.0,26580.0
Haiti,1979,669.0,40140.0
Haiti,1980,465.0,27900.0
Haiti,1981,494.0,29640.0
Haiti,1982,674.0,40440.0
Haiti,1983,630.0,37800.0
Haiti,1984,592.0,35520.0
Haiti,1985,505.0,30300.0
Haiti,1986,463.0,27780.0
Haiti,1987,526.0,31560.0
Haiti,1988,479.0,28740.0
Haiti,1989,527.0,31620.0
Haiti,1990,580.0,34800.0
Haiti,1991,550.0,33000.0
Haiti,1992,500.0,30000.0
Haiti,1993,459.0,27540.0
Haiti,1994,358.0,21480.0
Haiti,1995,506.0,30360.0
Haiti,1996,429.0,25740.0
Haiti,1997,435.0,26100.0
Haiti,1998,442.0,26520.0
Haiti,1999,399.0,23940.0
Haiti,2000,420.0,25200.0
Haiti,2001,403.0,24180.0
Haiti,2002,374.0,22440.0
Haiti,2003,350.0,21000.0
Haiti,2004,340.0,20400.0
Haiti,2005,331.0,19860.0
Haiti,2006,337.0,20220.0
Haiti,2007,335.0,20100.0
Haiti,2008,360.0,21600.0
Haiti,2009,275.0,16500.0
Haiti,2010,350.0,21000.0
Haiti,2011,350.0,21000.0
Haiti,2012,325.0,19500.0
Haiti,2013,325.0,19500.0
Haiti,2014,325.0,19500.0
Haiti,2015,0.0,0.0
Haiti,2016,0.0,0.0
Haiti,2017,0.0,0.0
Haiti,2018,0.0,0.0
Haiti,2019,0.0,0.0
Haiti,2020,0.0,0.0
Haiti,2021,0.0,0.0
Haiti,2022,0.0,0.0
Haiti,2023,0.0,0.0
Haiti,2024,0.0,0.0
Haiti,2025,0.0,0.0
Honduras,1960,291.0,17460.0
Honduras,1961,315.0,18900.0
Honduras,1962,405.0,24300.0
Honduras,1963,390.0,23400.0
Honduras,1964,479.0,28740.0
Honduras,1965,461.0,27660.0
Honduras,1966,431.0,25860.0
Honduras,1967,495.0,29700.0
Honduras,1968,514.0,30840.0
Honduras,1969,443.0,26580.0
Honduras,1970,545.0,32700.0
Honduras,1971,586.0,35160.0
Honduras,1972,759.0,45540.0
Honduras,1973,689.0,41340.0
Honduras,1974,983.0,58980.0
Honduras,1975,847.0,50820.0
Honduras,1976,691.0,41460.0
Honduras,1977,1036.0,62160.0
Honduras,1978,1132.0,67920.0
Honduras,1979,1137.0,68220.0
Honduras,1980,1265.0,75900.0
Honduras,1981,1200.0,72000.0
Honduras,1982,1500.0,90000.0
Honduras,1983,1310.0,78600.0
Honduras,1984,1400.0,84000.0
Honduras,1985,1062.0,63720.0
Honduras,1986,1535.0,92100.0
Honduras,1987,1553.0,93180.0
Honduras,1988,1635.0,98100.0
Honduras,1989,1928.0,115680.0
Honduras,1990,1685.0,101100.0
Honduras,1991,2255.0,135300.0
Honduras,1992,1981.0,118860.0
Honduras,1993,2060.0,123600.0
Honduras,1994,2295.0,137700.0
Honduras,1995,2254.0,135240.0
Honduras,1996,2279.0,136740.0
Honduras,1997,2905.0,174300.0
Honduras,1998,2494.0,149640.0
Honduras,1999,3067.0,184020.0
Honduras,2000,2821.0,169260.0
Honduras,2001,3098.0,185880.0
Honduras,2002,2496.0,149760.0
Honduras,2003,2968.0,178080.0
Honduras,2004,2575.0,154500.0
Honduras,2005,3204.0,192240.0
Honduras,2006,3460.0,207600.0
Honduras,2007,3642.0,218520.0
Honduras,2008,3225.0,193500.0
Honduras,2009,3550.0,213000.0
Honduras,2010,3975.0,238500.0
Honduras,2011,5600.0,336000.0
Honduras,2012,4725.0,283500.0
Honduras,2013,4400.0,264000.0
Honduras,2014,5100.0,306000.0
Honduras,2015,5300.0,318000.0
Honduras,2016,7510.0,450600.0
Honduras,2017,7600.0,456000.0
Honduras,2018,7100.0,426000.0
Honduras,2019,5200.0,312000.0
Honduras,2020,6500.0,390000.0
Honduras,2021,4800.0,288000.0
Honduras,2022,5700.0,342000.0
Honduras,2023,5050.0,303000.0
Honduras,2024,5000.0,300000.0
Honduras,2025,5800.0,348000.0
India,1960,1225.0,73500.0
India,1961,769.0,46140.0
India,1962,1028.0,61680.0
India,1963,1241.0,74460.0
India,1964,1008.0,60480.0
India,1965,1154.0,69240.0
India,1966,1384.0,83040.0
India,1967,1046.0,62760.0
India,1968,1310.0,78600.0
India,1969,1148.0,68880.0
India,1970,1914.0,114840.0
India,1971,1236.0,74160.0
India,1972,1626.0,97560.0
India,1973,1508.0,90480.0
India,1974,1662.0,99720.0
India,1975,1498.0,89880.0
India,1976,1753.0,105180.0
India,1977,2031.0,121860.0
India,1978,1842.0,110520.0
India,1979,2495.0,149700.0
India,1980,1977.0,118620.0
India,1981,2540.0,152400.0
India,1982,2170.0,130200.0
India,1983,1667.0,100020.0
India,1984,3250.0,195000.0
India,1985,2033.0,121980.0
India,1986,3350.0,201000.0
India,1987,2050.0,123000.0
India,1988,3590.0,215400.0
India,1989,2150.0,129000.0
India,1990,2970.0,178200.0
India,1991,3200.0,192000.0
India,1992,2700.0,162000.0
India,1993,3465.0,207900.0
India,1994,3060.0,183600.0
India,1995,3717.0,223020.0
India,1996,3417.0,205020.0
India,1997,3805.0,228300.0
India,1998,4415.0,264900.0
India,1999,4870.0,292200.0
India,2000,5020.0,301200.0
India,2001,5010.0,300600.0
India,2002,4588.0,275280.0
India,2003,4508.0,270480.0
India,2004,4595.0,275700.0
India,2005,4570.0,274200.0
India,2006,4800.0,288000.0
India,2007,4365.0,261900.0
India,2008,4375.0,262500.0
India,2009,4825.0,289500.0
India,2010,5035.0,302100.0
India,2011,5230.0,313800.0
India,2012,5303.0,318180.0
India,2013,5075.0,304500.0
India,2014,5440.0,326400.0
India,2015,5800.0,348000.0
India,2016,5200.0,312000.0
India,2017,5266.0,315960.0
India,2018,5325.0,319500.0
India,2019,4967.0,298020.0
India,2020,5567.0,334020.0
India,2021,5700.0,342000.0
India,2022,5867.0,352020.0
India,2023,6560.0,393600.0
India,2024,6200.0,372000.0
India,2025,6050.0,363000.0
Indonesia,1960,1330.0,79800.0
Indonesia,1961,1857.0,111420.0
Indonesia,1962,1759.0,105540.0
Indonesia,1963,2253.0,135180.0
Indonesia,1964,1983.0,118980.0
Indonesia,1965,2190.0,131400.0
Indonesia,1966,2447.0,146820.0
Indonesia,1967,3006.0,180360.0
Indonesia,1968,2542.0,152520.0
Indonesia,1969,2626.0,157560.0
Indonesia,1970,2330.0,139800.0
Indonesia,1971,2298.0,137880.0
Indonesia,1972,2236.0,134160.0
Indonesia,1973,2609.0,156540.0
Indonesia,1974,2652.0,159120.0
Indonesia,1975,3049.0,182940.0
Indonesia,1976,3384.0,203040.0
Indonesia,1977,3911.0,234660.0
Indonesia,1978,4788.0,287280.0
Indonesia,1979,4803.0,288180.0
Indonesia,1980,5365.0,321900.0
Indonesia,1981,5785.0,347100.0
Indonesia,1982,4750.0,285000.0
Indonesia,1983,5515.0,330900.0
Indonesia,1984,5600.0,336000.0
Indonesia,1985,5800.0,348000.0
Indonesia,1986,5900.0,354000.0
Indonesia,1987,5965.0,357900.0
Indonesia,1988,6750.0,405000.0
Indonesia,1989,7100.0,426000.0
Indonesia,1990,7480.0,448800.0
Indonesia,1991,7100.0,426000.0
Indonesia,1992,7350.0,441000.0
Indonesia,1993,7400.0,444000.0
Indonesia,1994,6400.0,384000.0
Indonesia,1995,5800.0,348000.0
Indonesia,1996,7900.0,474000.0
Indonesia,1997,7000.0,420000.0
Indonesia,1998,6950.0,417000.0
Indonesia,1999,6660.0,399600.0
Indonesia,2000,6495.0,389700.0
Indonesia,2001,6160.0,369600.0
Indonesia,2002,6800.0,408000.0
Indonesia,2003,7250.0,435000.0
Indonesia,2004,8450.0,507000.0
Indonesia,2005,9450.0,567000.0
Indonesia,2006,7500.0,450000.0
Indonesia,2007,8000.0,480000.0
Indonesia,2008,10000.0,600000.0
Indonesia,2009,10500.0,630000.0
Indonesia,2010,9325.0,559500.0
Indonesia,2011,7970.0,478200.0
Indonesia,2012,11900.0,714000.0
Indonesia,2013,11900.0,714000.0
Indonesia,2014,10470.0,628200.0
Indonesia,2015,12100.0,726000.0
Indonesia,2016,10600.0,636000.0
Indonesia,2017,10400.0,624000.0
Indonesia,2018,10600.0,636000.0
Indonesia,2019,10700.0,642000.0
Indonesia,2020,10700.0,642000.0
Indonesia,2021,10580.0,634800.0
Indonesia,2022,10700.0,642000.0
Indonesia,2023,8150.0,489000.0
Indonesia,2024,10700.0,642000.0
Indonesia,2025,12450.0,747000.0
Jamaica,1960,18.0,1080.0
Jamaica,1961,24.0,1440.0
Jamaica,1962,21.0,1260.0
Jamaica,1963,26.0,1560.0
Jamaica,1964,23.0,1380.0
Jamaica,1965,22.0,1320.0
Jamaica,1966,22.0,1320.0
Jamaica,1967,26.0,1560.0
Jamaica,1968,17.0,1020.0
Jamaica,1969,21.0,1260.0
Jamaica,1970,21.0,1260.0
Jamaica,1971,24.0,1440.0
Jamaica,1972,21.0,1260.0
Jamaica,1973,31.0,1860.0
Jamaica,1974,24.0,1440.0
Jamaica,1975,30.0,1800.0
Jamaica,1976,17.0,1020.0
Jamaica,1977,23.0,1380.0
Jamaica,1978,14.0,840.0
Jamaica,1979,34.0,2040.0
Jamaica,1980,20.0,1200.0
Jamaica,1981,23.0,1380.0
Jamaica,1982,30.0,1800.0
Jamaica,1983,25.0,1500.0
Jamaica,1984,25.0,1500.0
Jamaica,1985,27.0,1620.0
Jamaica,1986,28.0,1680.0
Jamaica,1987,41.0,2460.0
Jamaica,1988,14.0,840.0
Jamaica,1989,19.0,1140.0
Jamaica,1990,26.0,1560.0
Jamaica,1991,38.0,2280.0
Jamaica,1992,29.0,1740.0
Jamaica,1993,35.0,2100.0
Jamaica,1994,44.0,2640.0
Jamaica,1995,43.0,2580.0
Jamaica,1996,54.0,3240.0
Jamaica,1997,46.0,2760.0
Jamaica,1998,29.0,1740.0
Jamaica,1999,39.0,2340.0
Jamaica,2000,37.0,2220.0
Jamaica,2001,31.0,1860.0
Jamaica,2002,37.0,2220.0
Jamaica,2003,37.0,2220.0
Jamaica,2004,21.0,1260.0
Jamaica,2005,34.0,2040.0
Jamaica,2006,30.0,1800.0
Jamaica,2007,35.0,2100.0
Jamaica,2008,31.0,1860.0
Jamaica,2009,28.0,1680.0
Jamaica,2010,23.0,1380.0
Jamaica,2011,20.0,1200.0
Jamaica,2012,25.0,1500.0
Jamaica,2013,31.0,1860.0
Jamaica,2014,27.0,1620.0
Jamaica,2015,27.0,1620.0
Jamaica,2016,16.0,960.0
Jamaica,2017,16.0,960.0
Jamaica,2018,15.0,900.0
Jamaica,2019,16.0,960.0
Jamaica,2020,15.0,900.0
Jamaica,2021,15.0,900.0
Jamaica,2022,18.0,1080.0
Jamaica,2023,19.0,1140.0
Jamaica,2024,15.0,900.0
Jamaica,2025,20.0,1200.0
Kenya,1960,566.0,33960.0
Kenya,1961,525.0,31500.0
Kenya,1962,635.0,38100.0
Kenya,1963,724.0,43440.0
Kenya,1964,730.0,43800.0
Kenya,1965,859.0,51540.0
Kenya,1966,923.0,55380.0
Kenya,1967,652.0,39120.0
Kenya,1968,803.0,48180.0
Kenya,1969,913.0,54780.0
Kenya,1970,999.0,59940.0
Kenya,1971,1020.0,61200.0
Kenya,1972,1266.0,75960.0
Kenya,1973,1222.0,73320.0
Kenya,1974,1102.0,66120.0
Kenya,1975,1244.0,74640.0
Kenya,1976,1687.0,101220.0
Kenya,1977,1417.0,85020.0
Kenya,1978,1239.0,74340.0
Kenya,1979,1531.0,91860.0
Kenya,1980,1568.0,94080.0
Kenya,1981,1396.0,83760.0
Kenya,1982,1522.0,91320.0
Kenya,1983,2160.0,129600.0
Kenya,1984,1620.0,97200.0
Kenya,1985,1945.0,116700.0
Kenya,1986,1750.0,105000.0
Kenya,1987,2160.0,129600.0
Kenya,1988,1960.0,117600.0
Kenya,1989,1740.0,104400.0
Kenya,1990,1455.0,87300.0
Kenya,1991,1505.0,90300.0
Kenya,1992,1217.0,73020.0
Kenya,1993,1230.0,73800.0
Kenya,1994,1584.0,95040.0
Kenya,1995,1810.0,108600.0
Kenya,1996,1138.0,68280.0
Kenya,1997,1028.0,61680.0
Kenya,1998,1148.0,68880.0
Kenya,1999,1685.0,101100.0
Kenya,2000,864.0,51840.0
Kenya,2001,869.0,52140.0
Kenya,2002,926.0,55560.0
Kenya,2003,847.0,50820.0
Kenya,2004,756.0,45360.0
Kenya,2005,805.0,48300.0
Kenya,2006,876.0,52560.0
Kenya,2007,750.0,45000.0
Kenya,2008,900.0,54000.0
Kenya,2009,900.0,54000.0
Kenya,2010,710.0,42600.0
Kenya,2011,750.0,45000.0
Kenya,2012,660.0,39600.0
Kenya,2013,850.0,51000.0
Kenya,2014,780.0,46800.0
Kenya,2015,750.0,45000.0
Kenya,2016,850.0,51000.0
Kenya,2017,720.0,43200.0
Kenya,2018,850.0,51000.0
Kenya,2019,750.0,45000.0
Kenya,2020,693.0,41580.0
Kenya,2021,860.0,51600.0
Kenya,2022,750.0,45000.0
Kenya,2023,825.0,49500.0
Kenya,2024,1000.0,60000.0
Kenya,2025,850.0,51000.0
Laos,1983,10.0,600.0
Laos,1984,25.0,1500.0
Laos,1985,50.0,3000.0
Laos,1986,75.0,4500.0
Laos,1987,85.0,5100.0
Laos,1988,130.0,7800.0
Laos,1989,90.0,5400.0
Laos,1990,110.0,6600.0
Laos,1991,100.0,6000.0
Laos,1992,120.0,7200.0
Laos,1993,130.0,7800.0
Laos,1994,100.0,6000.0
Laos,1995,150.0,9000.0
Laos,1996,150.0,9000.0
Laos,1997,150.0,9000.0
Laos,1998,283.0,16980.0
Laos,1999,292.0,17520.0
Laos,2000,392.0,23520.0
Laos,2001,430.0,25800.0
Laos,2002,537.0,32220.0
Laos,2003,464.0,27840.0
Laos,2004,385.0,23100.0
Laos,2005,300.0,18000.0
Laos,2006,420.0,25200.0
Laos,2007,355.0,21300.0
Laos,2008,350.0,21000.0
Laos,2009,390.0,23400.0
Laos,2010,500.0,30000.0
Laos,2011,450.0,27000.0
Laos,2012,460.0,27600.0
Laos,2013,475.0,28500.0
Laos,2014,475.0,28500.0
Laos,2015,475.0,28500.0
Laos,2016,410.0,24600.0
Laos,2017,450.0,27000.0
Laos,2018,375.0,22500.0
Laos,2019,440.0,26400.0
Laos,2020,485.0,29100.0
Laos,2021,385.0,23100.0
Laos,2022,410.0,24600.0
Laos,2023,410.0,24600.0
Laos,2024,430.0,25800.0
Laos,2025,430.0,25800.0
Liberia,1960,15.0,900.0
Liberia,1961,27.0,1620.0
Liberia,1962,48.0,2880.0
Liberia,1963,72.0,4320.0
Liberia,1964,55.0,3300.0
Liberia,1965,72.0,4320.0
Liberia,1966,74.0,4440.0
Liberia,1967,84.0,5040.0
Liberia,1968,99.0,5940.0
Liberia,1969,82.0,4920.0
Liberia,1970,85.0,5100.0
Liberia,1971,78.0,4680.0
Liberia,1972,86.0,5160.0
Liberia,1973,67.0,4020.0
Liberia,1974,81.0,4860.0
Liberia,1975,86.0,5160.0
Liberia,1976,156.0,9360.0
Liberia,1977,137.0,8220.0
Liberia,1978,144.0,8640.0
Liberia,1979,171.0,10260.0
Liberia,1980,147.0,8820.0
Liberia,1981,165.0,9900.0
Liberia,1982,159.0,9540.0
Liberia,1983,69.0,4140.0
Liberia,1984,209.0,12540.0
Liberia,1985,70.0,4200.0
Liberia,1986,72.0,4320.0
Liberia,1987,60.0,3600.0
Liberia,1988,82.0,4920.0
Liberia,1989,40.0,2400.0
Liberia,1990,30.0,1800.0
Liberia,1991,30.0,1800.0
Liberia,1992,25.0,1500.0
Liberia,1993,5.0,300.0
Liberia,1994,5.0,300.0
Liberia,1995,5.0,300.0
Liberia,1996,5.0,300.0
Liberia,1997,5.0,300.0
Liberia,1998,18.0,1080.0
Liberia,1999,12.0,720.0
Liberia,2000,14.0,840.0
Liberia,2001,12.0,720.0
Liberia,2002,63.0,3780.0
Liberia,2003,66.0,3960.0
Liberia,2004,68.0,4080.0
Liberia,2005,71.0,4260.0
Liberia,2006,53.0,3180.0
Liberia,2007,25.0,1500.0
Liberia,2008,7.0,420.0
Liberia,2009,2.0,120.0
Liberia,2010,4.0,240.0
Liberia,2011,5.0,300.0
Liberia,2012,5.0,300.0
Liberia,2013,1.0,60.0
Liberia,2014,3.0,180.0
Liberia,2015,0.0,0.0
Liberia,2016,0.0,0.0
Liberia,2017,0.0,0.0
Liberia,2018,0.0,0.0
Liberia,2019,0.0,0.0
Liberia,2020,0.0,0.0
Liberia,2021,0.0,0.0
Liberia,2022,0.0,0.0
Liberia,2023,0.0,0.0
Liberia,2024,0.0,0.0
Liberia,2025,0.0,0.0
Madagascar,1960,933.0,55980.0
Madagascar,1961,872.0,52320.0
Madagascar,1962,1017.0,61020.0
Madagascar,1963,833.0,49980.0
Madagascar,1964,1117.0,67020.0
Madagascar,1965,700.0,42000.0
Madagascar,1966,892.0,53520.0
Madagascar,1967,1037.0,62220.0
Madagascar,1968,1120.0,67200.0
Madagascar,1969,824.0,49440.0
Madagascar,1970,1243.0,74580.0
Madagascar,1971,1000.0,60000.0
Madagascar,1972,949.0,56940.0
Madagascar,1973,1303.0,78180.0
Madagascar,1974,1202.0,72120.0
Madagascar,1975,1223.0,73380.0
Madagascar,1976,984.0,59040.0
Madagascar,1977,1292.0,77520.0
Madagascar,1978,814.0,48840.0
Madagascar,1979,1313.0,78780.0
Madagascar,1980,1150.0,69000.0
Madagascar,1981,1305.0,78300.0
Madagascar,1982,1000.0,60000.0
Madagascar,1983,1100.0,66000.0
Madagascar,1984,1100.0,66000.0
Madagascar,1985,1000.0,60000.0
Madagascar,1986,1000.0,60000.0
Madagascar,1987,1125.0,67500.0
Madagascar,1988,1100.0,66000.0
Madagascar,1989,1100.0,66000.0
Madagascar,1990,1100.0,66000.0
Madagascar,1991,1150.0,69000.0
Madagascar,1992,1000.0,60000.0
Madagascar,1993,442.0,26520.0
Madagascar,1994,642.0,38520.0
Madagascar,1995,785.0,47100.0
Madagascar,1996,849.0,50940.0
Madagascar,1997,623.0,37380.0
Madagascar,1998,992.0,59520.0
Madagascar,1999,427.0,25620.0
Madagascar,2000,366.0,21960.0
Madagascar,2001,147.0,8820.0
Madagascar,2002,445.0,26700.0
Madagascar,2003,435.0,26100.0
Madagascar,2004,522.0,31320.0
Madagascar,2005,592.0,35520.0
Madagascar,2006,582.0,34920.0
Madagascar,2007,555.0,33300.0
Madagascar,2008,530.0,31800.0
Madagascar,2009,475.0,28500.0
Madagascar,2010,550.0,33000.0
Madagascar,2011,550.0,33000.0
Madagascar,2012,525.0,31500.0
Madagascar,2013,550.0,33000.0
Madagascar,2014,500.0,30000.0
Madagascar,2015,255.0,15300.0
Madagascar,2016,295.0,17700.0
Madagascar,2017,250.0,15000.0
Madagascar,2018,280.0,16800.0
Madagascar,2019,325.0,19500.0
Madagascar,2020,325.0,19500.0
Madagascar,2021,300.0,18000.0
Madagascar,2022,325.0,19500.0
Madagascar,2023,300.0,18000.0
Madagascar,2024,300.0,18000.0
Madagascar,2025,300.0,18000.0
Malawi,1960,2.0,120.0
Malawi,1961,1.0,60.0
Malawi,1962,3.0,180.0
Malawi,1963,2.0,120.0
Malawi,1964,3.0,180.0
Malawi,1965,1.0,60.0
Malawi,1966,2.0,120.0
Malawi,1967,3.0,180.0
Malawi,1968,3.0,180.0
Malawi,1969,4.0,240.0
Malawi,1970,3.0,180.0
Malawi,1971,3.0,180.0
Malawi,1972,3.0,180.0
Malawi,1973,3.0,180.0
Malawi,1974,3.0,180.0
Malawi,1975,2.0,120.0
Malawi,1976,2.0,120.0
Malawi,1977,2.0,120.0
Malawi,1978,3.0,180.0
Malawi,1979,5.0,300.0
Malawi,1980,7.0,420.0
Malawi,1981,10.0,600.0
Malawi,1982,16.0,960.0
Malawi,1983,21.0,1260.0
Malawi,1984,36.0,2160.0
Malawi,1985,56.0,3360.0
Malawi,1986,59.0,3540.0
Malawi,1987,83.0,4980.0
Malawi,1988,72.0,4320.0
Malawi,1989,95.0,5700.0
Malawi,1990,90.0,5400.0
Malawi,1991,90.0,5400.0
Malawi,1992,137.0,8220.0
Malawi,1993,62.0,3720.0
Malawi,1994,84.0,5040.0
Malawi,1995,91.0,5460.0
Malawi,1996,49.0,2940.0
Malawi,1997,61.0,3660.0
Malawi,1998,64.0,3840.0
Malawi,1999,59.0,3540.0
Malawi,2000,63.0,3780.0
Malawi,2001,60.0,3600.0
Malawi,2002,42.0,2520.0
Malawi,2003,48.0,2880.0
Malawi,2004,21.0,1260.0
Malawi,2005,24.0,1440.0
Malawi,2006,17.0,1020.0
Malawi,2007,25.0,1500.0
Malawi,2008,15.0,900.0
Malawi,2009,20.0,1200.0
Malawi,2010,24.0,1440.0
Malawi,2011,21.0,1260.0
Malawi,2012,25.0,1500.0
Malawi,2013,25.0,1500.0
Malawi,2014,21.0,1260.0
Malawi,2015,23.0,1380.0
Malawi,2016,16.0,960.0
Malawi,2017,12.0,720.0
Malawi,2018,11.0,660.0
Malawi,2019,10.0,600.0
Malawi,2020,0.0,0.0
Malawi,2021,0.0,0.0
Malawi,2022,0.0,0.0
Malawi,2023,0.0,0.0
Malawi,2024,0.0,0.0
Malawi,2025,0.0,0.0
Malaysia,1960,45.0,2700.0
Malaysia,1961,43.0,2580.0
Malaysia,1962,47.0,2820.0
Malaysia,1963,52.0,3120.0
Malaysia,1964,52.0,3120.0
Malaysia,1965,58.0,3480.0
Malaysia,1966,57.0,3420.0
Malaysia,1967,60.0,3600.0
Malaysia,1968,63.0,3780.0
Malaysia,1969,59.0,3540.0
Malaysia,1970,66.0,3960.0
Malaysia,1971,70.0,4200.0
Malaysia,1972,82.0,4920.0
Malaysia,1973,98.0,5880.0
Malaysia,1974,104.0,6240.0
Malaysia,1975,135.0,8100.0
Malaysia,1976,125.0,7500.0
Malaysia,1977,90.0,5400.0
Malaysia,1978,102.0,6120.0
Malaysia,1979,98.0,5880.0
Malaysia,1980,88.0,5280.0
Malaysia,1981,89.0,5340.0
Malaysia,1982,90.0,5400.0
Malaysia,1983,91.0,5460.0
Malaysia,1984,86.0,5160.0
Malaysia,1985,83.0,4980.0
Malaysia,1986,80.0,4800.0
Malaysia,1987,78.0,4680.0
Malaysia,1988,75.0,4500.0
Malaysia,1989,75.0,4500.0
Malaysia,1990,75.0,4500.0
Malaysia,1991,75.0,4500.0
Malaysia,1992,75.0,4500.0
Malaysia,1993,150.0,9000.0
Malaysia,1994,153.0,9180.0
Malaysia,1995,158.0,9480.0
Malaysia,1996,160.0,9600.0
Malaysia,1997,195.0,11700.0
Malaysia,1998,217.0,13020.0
Malaysia,1999,250.0,15000.0
Malaysia,2000,700.0,42000.0
Malaysia,2001,800.0,48000.0
Malaysia,2002,950.0,57000.0
Malaysia,2003,1000.0,60000.0
Malaysia,2004,1000.0,60000.0
Malaysia,2005,700.0,42000.0
Malaysia,2006,500.0,30000.0
Malaysia,2007,770.0,46200.0
Malaysia,2008,975.0,58500.0
Malaysia,2009,1000.0,60000.0
Malaysia,2010,1100.0,66000.0
Malaysia,2011,1450.0,87000.0
Malaysia,2012,1400.0,84000.0
Malaysia,2013,1500.0,90000.0
Malaysia,2014,2100.0,126000.0
Malaysia,2015,2200.0,132000.0
Malaysia,2016,2100.0,126000.0
Malaysia,2017,2100.0,126000.0
Malaysia,2018,2100.0,126000.0
Malaysia,2019,1900.0,114000.0
Malaysia,2020,2000.0,120000.0
Malaysia,2021,2000.0,120000.0
Malaysia,2022,2000.0,120000.0
Malaysia,2023,1330.0,79800.0
Malaysia,2024,1400.0,84000.0
Malaysia,2025,1500.0,90000.0
Mexico,1960,2100.0,126000.0
Mexico,1961,2350.0,141000.0
Mexico,1962,2202.0,132120.0
Mexico,1963,2900.0,174000.0
Mexico,1964,2650.0,159000.0
Mexico,1965,3000.0,180000.0
Mexico,1966,2700.0,162000.0
Mexico,1967,2900.0,174000.0
Mexico,1968,2865.0,171900.0
Mexico,1969,3082.0,184920.0
Mexico,1970,3200.0,192000.0
Mexico,1971,3400.0,204000.0
Mexico,1972,3914.0,234840.0
Mexico,1973,3500.0,210000.0
Mexico,1974,4030.0,241800.0
Mexico,1975,4136.0,248160.0
Mexico,1976,3431.0,205860.0
Mexico,1977,3301.0,198060.0
Mexico,1978,4022.0,241320.0
Mexico,1979,3600.0,216000.0
Mexico,1980,3862.0,231720.0
Mexico,1981,3900.0,234000.0
Mexico,1982,4530.0,271800.0
Mexico,1983,4530.0,271800.0
Mexico,1984,4250.0,255000.0
Mexico,1985,4826.0,289560.0
Mexico,1986,5297.0,317820.0
Mexico,1987,4717.0,283020.0
Mexico,1988,5500.0,330000.0
Mexico,1989,5100.0,306000.0
Mexico,1990,4550.0,273000.0
Mexico,1991,4620.0,277200.0
Mexico,1992,4180.0,250800.0
Mexico,1993,4200.0,252000.0
Mexico,1994,4030.0,241800.0
Mexico,1995,5400.0,324000.0
Mexico,1996,5300.0,318000.0
Mexico,1997,4950.0,297000.0
Mexico,1998,5010.0,300600.0
Mexico,1999,6193.0,371580.0
Mexico,2000,4800.0,288000.0
Mexico,2001,4200.0,252000.0
Mexico,2002,4350.0,261000.0
Mexico,2003,4300.0,258000.0
Mexico,2004,4000.0,240000.0
Mexico,2005,4200.0,252000.0
Mexico,2006,4500.0,270000.0
Mexico,2007,4350.0,261000.0
Mexico,2008,4550.0,273000.0
Mexico,2009,4150.0,249000.0
Mexico,2010,4000.0,240000.0
Mexico,2011,4300.0,258000.0
Mexico,2012,4650.0,279000.0
Mexico,2013,3950.0,237000.0
Mexico,2014,3180.0,190800.0
Mexico,2015,2300.0,138000.0
Mexico,2016,3300.0,198000.0
Mexico,2017,4000.0,240000.0
Mexico,2018,3550.0,213000.0
Mexico,2019,3700.0,222000.0
Mexico,2020,3530.0,211800.0
Mexico,2021,3740.0,224400.0
Mexico,2022,3545.0,212700.0
Mexico,2023,3856.0,231360.0
Mexico,2024,3870.0,232200.0
Mexico,2025,3903.0,234180.0
New Caledonia,1960,30.0,1800.0
New Caledonia,1961,35.0,2100.0
New Caledonia,1962,35.0,2100.0
New Caledonia,1963,35.0,2100.0
New Caledonia,1964,35.0,2100.0
New Caledonia,1965,35.0,2100.0
New Caledonia,1966,35.0,2100.0
New Caledonia,1967,35.0,2100.0
New Caledonia,1968,30.0,1800.0
New Caledonia,1969,30.0,1800.0
New Caledonia,1970,25.0,1500.0
New Caledonia,1971,20.0,1200.0
New Caledonia,1972,18.0,1080.0
New Caledonia,1973,15.0,900.0
New Caledonia,1974,12.0,720.0
New Caledonia,1975,10.0,600.0
New Caledonia,1976,9.0,540.0
New Caledonia,1977,5.0,300.0
New Caledonia,1978,11.0,660.0
New Caledonia,1979,10.0,600.0
New Caledonia,1980,10.0,600.0
New Caledonia,1981,8.0,480.0
New Caledonia,1982,6.0,360.0
New Caledonia,1983,4.0,240.0
New Caledonia,1984,6.0,360.0
New Caledonia,1985,6.0,360.0
New Caledonia,1986,6.0,360.0
New Caledonia,1987,6.0,360.0
New Caledonia,1988,6.0,360.0
New Caledonia,1989,5.0,300.0
New Caledonia,1990,5.0,300.0
New Caledonia,1991,5.0,300.0
New Caledonia,1992,5.0,300.0
New Caledonia,1993,5.0,300.0
New Caledonia,1994,5.0,300.0
New Caledonia,1995,5.0,300.0
New Caledonia,1996,5.0,300.0
New Caledonia,1997,5.0,300.0
New Caledonia,1998,1.0,60.0
New Caledonia,1999,1.0,60.0
New Caledonia,2001,0.0,0.0
New Caledonia,2003,0.0,0.0
New Caledonia,2004,0.0,0.0
New Caledonia,2005,0.0,0.0
New Caledonia,2006,0.0,0.0
New Caledonia,2007,0.0,0.0
New Caledonia,2008,0.0,0.0
New Caledonia,2009,0.0,0.0
New Caledonia,2010,0.0,0.0
New Caledonia,2011,0.0,0.0
New Caledonia,2012,0.0,0.0
New Caledonia,2013,0.0,0.0
New Caledonia,2014,0.0,0.0
New Caledonia,2015,0.0,0.0
New Caledonia,2016,0.0,0.0
New Caledonia,2017,0.0,0.0
New Caledonia,2018,0.0,0.0
New Caledonia,2019,0.0,0.0
New Caledonia,2020,0.0,0.0
New Caledonia,2021,0.0,0.0
New Caledonia,2022,0.0,0.0
New Caledonia,2023,0.0,0.0
New Caledonia,2024,0.0,0.0
New Caledonia,2025,0.0,0.0
Nicaragua,1960,437.0,26220.0
Nicaragua,1961,432.0,25920.0
Nicaragua,1962,535.0,32100.0
Nicaragua,1963,533.0,31980.0
Nicaragua,1964,610.0,36600.0
Nicaragua,1965,513.0,30780.0
Nicaragua,1966,421.0,25260.0
Nicaragua,1967,556.0,33360.0
Nicaragua,1968,504.0,30240.0
Nicaragua,1969,563.0,33780.0
Nicaragua,1970,641.0,38460.0
Nicaragua,1971,725.0,43500.0
Nicaragua,1972,537.0,32220.0
Nicaragua,1973,683.0,40980.0
Nicaragua,1974,730.0,43800.0
Nicaragua,1975,790.0,47400.0
Nicaragua,1976,852.0,51120.0
Nicaragua,1977,967.0,58020.0
Nicaragua,1978,1004.0,60240.0
Nicaragua,1979,1019.0,61140.0
Nicaragua,1980,971.0,58260.0
Nicaragua,1981,1004.0,60240.0
Nicaragua,1982,1186.0,71160.0
Nicaragua,1983,809.0,48540.0
Nicaragua,1984,843.0,50580.0
Nicaragua,1985,581.0,34860.0
Nicaragua,1986,712.0,42720.0
Nicaragua,1987,635.0,38100.0
Nicaragua,1988,714.0,42840.0
Nicaragua,1989,743.0,44580.0
Nicaragua,1990,460.0,27600.0
Nicaragua,1991,782.0,46920.0
Nicaragua,1992,545.0,32700.0
Nicaragua,1993,695.0,41700.0
Nicaragua,1994,685.0,41100.0
Nicaragua,1995,986.0,59160.0
Nicaragua,1996,831.0,49860.0
Nicaragua,1997,1083.0,64980.0
Nicaragua,1998,1079.0,64740.0
Nicaragua,1999,1514.0,90840.0
Nicaragua,2000,1610.0,96600.0
Nicaragua,2001,895.0,53700.0
Nicaragua,2002,1200.0,72000.0
Nicaragua,2003,1547.0,92820.0
Nicaragua,2004,1130.0,67800.0
Nicaragua,2005,1718.0,103080.0
Nicaragua,2006,1300.0,78000.0
Nicaragua,2007,1850.0,111000.0
Nicaragua,2008,1650.0,99000.0
Nicaragua,2009,1925.0,115500.0
Nicaragua,2010,1740.0,104400.0
Nicaragua,2011,2100.0,126000.0
Nicaragua,2012,1925.0,115500.0
Nicaragua,2013,2000.0,120000.0
Nicaragua,2014,2125.0,127500.0
Nicaragua,2015,2125.0,127500.0
Nicaragua,2016,2625.0,157500.0
Nicaragua,2017,2730.0,163800.0
Nicaragua,2018,2950.0,177000.0
Nicaragua,2019,2755.0,165300.0
Nicaragua,2020,2650.0,159000.0
Nicaragua,2021,2838.0,170280.0
Nicaragua,2022,2590.0,155400.0
Nicaragua,2023,2347.0,140820.0
Nicaragua,2024,2560.0,153600.0
Nicaragua,2025,2580.0,154800.0
Nigeria,1960,18.0,1080.0
Nigeria,1961,20.0,1200.0
Nigeria,1962,36.0,2160.0
Nigeria,1963,95.0,5700.0
Nigeria,1964,45.0,2700.0
Nigeria,1965,74.0,4440.0
Nigeria,1966,44.0,2640.0
Nigeria,1967,52.0,3120.0
Nigeria,1968,75.0,4500.0
Nigeria,1969,60.0,3600.0
Nigeria,1970,83.0,4980.0
Nigeria,1971,58.0,3480.0
Nigeria,1972,45.0,2700.0
Nigeria,1973,41.0,2460.0
Nigeria,1974,42.0,2520.0
Nigeria,1975,67.0,4020.0
Nigeria,1976,53.0,3180.0
Nigeria,1977,43.0,2580.0
Nigeria,1978,60.0,3600.0
Nigeria,1979,40.0,2400.0
Nigeria,1980,52.0,3120.0
Nigeria,1981,52.0,3120.0
Nigeria,1982,45.0,2700.0
Nigeria,1983,42.0,2520.0
Nigeria,1984,48.0,2880.0
Nigeria,1985,60.0,3600.0
Nigeria,1986,80.0,4800.0
Nigeria,1987,95.0,5700.0
Nigeria,1988,90.0,5400.0
Nigeria,1989,95.0,5700.0
Nigeria,1990,90.0,5400.0
Nigeria,1991,90.0,5400.0
Nigeria,1992,40.0,2400.0
Nigeria,1993,45.0,2700.0
Nigeria,1994,52.0,3120.0
Nigeria,1995,53.0,3180.0
Nigeria,1996,46.0,2760.0
Nigeria,1997,45.0,2700.0
Nigeria,1998,53.0,3180.0
Nigeria,1999,46.0,2760.0
Nigeria,2000,48.0,2880.0
Nigeria,2001,44.0,2640.0
Nigeria,2002,50.0,3000.0
Nigeria,2003,36.0,2160.0
Nigeria,2004,35.0,2100.0
Nigeria,2005,59.0,3540.0
Nigeria,2006,51.0,3060.0
Nigeria,2007,35.0,2100.0
Nigeria,2008,30.0,1800.0
Nigeria,2009,30.0,1800.0
Nigeria,2010,30.0,1800.0
Nigeria,2011,40.0,2400.0
Nigeria,2012,30.0,1800.0
Nigeria,2013,20.0,1200.0
Nigeria,2014,20.0,1200.0
Nigeria,2015,20.0,1200.0
Nigeria,2016,10.0,600.0
Nigeria,2017,5.0,300.0
Nigeria,2018,0.0,0.0
Nigeria,2019,0.0,0.0
Nigeria,2020,0.0,0.0
Nigeria,2021,0.0,0.0
Nigeria,2022,0.0,0.0
Nigeria,2023,0.0,0.0
Nigeria,2024,0.0,0.0
Nigeria,2025,0.0,0.0
Panama,1960,67.0,4020.0
Panama,1961,84.0,5040.0
Panama,1962,73.0,4380.0
Panama,1963,76.0,4560.0
Panama,1964,72.0,4320.0
Panama,1965,72.0,4320.0
Panama,1966,84.0,5040.0
Panama,1967,86.0,5160.0
Panama,1968,75.0,4500.0
Panama,1969,86.0,5160.0
Panama,1970,74.0,4440.0
Panama,1971,89.0,5340.0
Panama,1972,83.0,4980.0
Panama,1973,72.0,4320.0
Panama,1974,75.0,4500.0
Panama,1975,66.0,3960.0
Panama,1976,78.0,4680.0
Panama,1977,105.0,6300.0
Panama,1978,104.0,6240.0
Panama,1979,105.0,6300.0
Panama,1980,142.0,8520.0
Panama,1981,119.0,7140.0
Panama,1982,138.0,8280.0
Panama,1983,150.0,9000.0
Panama,1984,237.0,14220.0
Panama,1985,207.0,12420.0
Panama,1986,195.0,11700.0
Panama,1987,171.0,10260.0
Panama,1988,163.0,9780.0
Panama,1989,182.0,10920.0
Panama,1990,182.0,10920.0
Panama,1991,192.0,11520.0
Panama,1992,172.0,10320.0
Panama,1993,202.0,12120.0
Panama,1994,190.0,11400.0
Panama,1995,209.0,12540.0
Panama,1996,211.0,12660.0
Panama,1997,218.0,13080.0
Panama,1998,192.0,11520.0
Panama,1999,167.0,10020.0
Panama,2000,170.0,10200.0
Panama,2001,160.0,9600.0
Panama,2002,140.0,8400.0
Panama,2003,172.0,10320.0
Panama,2004,90.0,5400.0
Panama,2005,150.0,9000.0
Panama,2006,150.0,9000.0
Panama,2007,150.0,9000.0
Panama,2008,100.0,6000.0
Panama,2009,100.0,6000.0
Panama,2010,125.0,7500.0
Panama,2011,100.0,6000.0
Panama,2012,100.0,6000.0
Panama,2013,95.0,5700.0
Panama,2014,120.0,7200.0
Panama,2015,85.0,5100.0
Panama,2016,95.0,5700.0
Panama,2017,75.0,4500.0
Panama,2018,75.0,4500.0
Panama,2019,75.0,4500.0
Panama,2020,75.0,4500.0
Panama,2021,75.0,4500.0
Panama,2022,85.0,5100.0
Panama,2023,75.0,4500.0
Panama,2024,100.0,6000.0
Panama,2025,80.0,4800.0
Papua New Guinea,1960,33.0,1980.0
Papua New Guinea,1961,54.0,3240.0
Papua New Guinea,1962,77.0,4620.0
Papua New Guinea,1963,107.0,6420.0
Papua New Guinea,1964,141.0,8460.0
Papua New Guinea,1965,175.0,10500.0
Papua New Guinea,1966,209.0,12540.0
Papua New Guinea,1967,210.0,12600.0
Papua New Guinea,1968,296.0,17760.0
Papua New Guinea,1969,424.0,25440.0
Papua New Guinea,1970,401.0,24060.0
Papua New Guinea,1971,448.0,26880.0
Papua New Guinea,1972,619.0,37140.0
Papua New Guinea,1973,608.0,36480.0
Papua New Guinea,1974,543.0,32580.0
Papua New Guinea,1975,588.0,35280.0
Papua New Guinea,1976,802.0,48120.0
Papua New Guinea,1977,655.0,39300.0
Papua New Guinea,1978,818.0,49080.0
Papua New Guinea,1979,776.0,46560.0
Papua New Guinea,1980,880.0,52800.0
Papua New Guinea,1981,917.0,55020.0
Papua New Guinea,1982,648.0,38880.0
Papua New Guinea,1983,925.0,55500.0
Papua New Guinea,1984,775.0,46500.0
Papua New Guinea,1985,860.0,51600.0
Papua New Guinea,1986,756.0,45360.0
Papua New Guinea,1987,1100.0,66000.0
Papua New Guinea,1988,1175.0,70500.0
Papua New Guinea,1989,1092.0,65520.0
Papua New Guinea,1990,964.0,57840.0
Papua New Guinea,1991,841.0,50460.0
Papua New Guinea,1992,1030.0,61800.0
Papua New Guinea,1993,1019.0,61140.0
Papua New Guinea,1994,1139.0,68340.0
Papua New Guinea,1995,1002.0,60120.0
Papua New Guinea,1996,1089.0,65340.0
Papua New Guinea,1997,1076.0,64560.0
Papua New Guinea,1998,1351.0,81060.0
Papua New Guinea,1999,1387.0,83220.0
Papua New Guinea,2000,1041.0,62460.0
Papua New Guinea,2001,1063.0,63780.0
Papua New Guinea,2002,1085.0,65100.0
Papua New Guinea,2003,813.0,48780.0
Papua New Guinea,2004,1000.0,60000.0
Papua New Guinea,2005,1265.0,75900.0
Papua New Guinea,2006,810.0,48600.0
Papua New Guinea,2007,970.0,58200.0
Papua New Guinea,2008,1035.0,62100.0
Papua New Guinea,2009,1085.0,65100.0
Papua New Guinea,2010,865.0,51900.0
Papua New Guinea,2011,1400.0,84000.0
Papua New Guinea,2012,825.0,49500.0
Papua New Guinea,2013,855.0,51300.0
Papua New Guinea,2014,810.0,48600.0
Papua New Guinea,2015,750.0,45000.0
Papua New Guinea,2016,1115.0,66900.0
Papua New Guinea,2017,810.0,48600.0
Papua New Guinea,2018,965.0,57900.0
Papua New Guinea,2019,825.0,49500.0
Papua New Guinea,2020,700.0,42000.0
Papua New Guinea,2021,775.0,46500.0
Papua New Guinea,2022,875.0,52500.0
Papua New Guinea,2023,980.0,58800.0
Papua New Guinea,2024,840.0,50400.0
Papua New Guinea,2025,950.0,57000.0
Paraguay,1960,40.0,2400.0
Paraguay,1961,44.0,2640.0
Paraguay,1962,103.0,6180.0
Paraguay,1963,119.0,7140.0
Paraguay,1964,99.0,5940.0
Paraguay,1965,106.0,6360.0
Paraguay,1966,65.0,3900.0
Paraguay,1967,61.0,3660.0
Paraguay,1968,67.0,4020.0
Paraguay,1969,49.0,2940.0
Paraguay,1970,27.0,1620.0
Paraguay,1971,62.0,3720.0
Paraguay,1972,115.0,6900.0
Paraguay,1973,26.0,1560.0
Paraguay,1974,126.0,7560.0
Paraguay,1975,135.0,8100.0
Paraguay,1976,35.0,2100.0
Paraguay,1977,66.0,3960.0
Paraguay,1978,138.0,8280.0
Paraguay,1979,31.0,1860.0
Paraguay,1980,130.0,7800.0
Paraguay,1981,100.0,6000.0
Paraguay,1982,100.0,6000.0
Paraguay,1983,100.0,6000.0
Paraguay,1984,100.0,6000.0
Paraguay,1985,100.0,6000.0
Paraguay,1986,100.0,6000.0
Paraguay,1987,100.0,6000.0
Paraguay,1988,100.0,6000.0
Paraguay,1989,100.0,6000.0
Paraguay,1990,100.0,6000.0
Paraguay,1991,40.0,2400.0
Paraguay,1992,60.0,3600.0
Paraguay,1993,70.0,4200.0
Paraguay,1994,50.0,3000.0
Paraguay,1995,45.0,2700.0
Paraguay,1996,40.0,2400.0
Paraguay,1997,34.0,2040.0
Paraguay,1998,66.0,3960.0
Paraguay,1999,20.0,1200.0
Paraguay,2000,46.0,2760.0
Paraguay,2001,20.0,1200.0
Paraguay,2002,26.0,1560.0
Paraguay,2003,52.0,3120.0
Paraguay,2004,26.0,1560.0
Paraguay,2005,35.0,2100.0
Paraguay,2006,20.0,1200.0
Paraguay,2007,0.0,0.0
Paraguay,2008,0.0,0.0
Paraguay,2009,0.0,0.0
Paraguay,2010,0.0,0.0
Paraguay,2011,0.0,0.0
Paraguay,2012,0.0,0.0
Paraguay,2013,0.0,0.0
Paraguay,2014,0.0,0.0
Paraguay,2015,0.0,0.0
Paraguay,2016,0.0,0.0
Paraguay,2017,0.0,0.0
Paraguay,2018,0.0,0.0
Paraguay,2019,0.0,0.0
Paraguay,2020,0.0,0.0
Paraguay,2021,0.0,0.0
Paraguay,2022,0.0,0.0
Paraguay,2023,0.0,0.0
Paraguay,2024,0.0,0.0
Paraguay,2025,0.0,0.0
Peru,1960,598.0,35880.0
Peru,1961,670.0,40200.0
Peru,1962,827.0,49620.0
Peru,1963,800.0,48000.0
Peru,1964,872.0,52320.0
Peru,1965,826.0,49560.0
Peru,1966,789.0,47340.0
Peru,1967,952.0,57120.0
Peru,1968,940.0,56400.0
Peru,1969,951.0,57060.0
Peru,1970,1114.0,66840.0
Peru,1971,947.0,56820.0
Peru,1972,1087.0,65220.0
Peru,1973,949.0,56940.0
Peru,1974,875.0,52500.0
Peru,1975,881.0,52860.0
Peru,1976,947.0,56820.0
Peru,1977,1050.0,63000.0
Peru,1978,1130.0,67800.0
Peru,1979,1265.0,75900.0
Peru,1980,1170.0,70200.0
Peru,1981,1100.0,66000.0
Peru,1982,1100.0,66000.0
Peru,1983,1270.0,76200.0
Peru,1984,1150.0,69000.0
Peru,1985,1250.0,75000.0
Peru,1986,1200.0,72000.0
Peru,1987,1020.0,61200.0
Peru,1988,1400.0,84000.0
Peru,1989,1400.0,84000.0
Peru,1990,1170.0,70200.0
Peru,1991,1150.0,69000.0
Peru,1992,1190.0,71400.0
Peru,1993,1022.0,61320.0
Peru,1994,1453.0,87180.0
Peru,1995,1811.0,108660.0
Peru,1996,1583.0,94980.0
Peru,1997,1820.0,109200.0
Peru,1998,1980.0,118800.0
Peru,1999,2571.0,154260.0
Peru,2000,2824.0,169440.0
Peru,2001,2550.0,153000.0
Peru,2002,2760.0,165600.0
Peru,2003,2870.0,172200.0
Peru,2004,3550.0,213000.0
Peru,2005,2420.0,145200.0
Peru,2006,4400.0,264000.0
Peru,2007,2800.0,168000.0
Peru,2008,4000.0,240000.0
Peru,2009,3300.0,198000.0
Peru,2010,4100.0,246000.0
Peru,2011,5200.0,312000.0
Peru,2012,4300.0,258000.0
Peru,2013,4250.0,255000.0
Peru,2014,2900.0,174000.0
Peru,2015,3500.0,210000.0
Peru,2016,4225.0,253500.0
Peru,2017,4375.0,262500.0
Peru,2018,4390.0,263400.0
Peru,2019,3925.0,235500.0
Peru,2020,3369.0,202140.0
Peru,2021,4200.0,252000.0
Peru,2022,3475.0,208500.0
Peru,2023,3912.0,234720.0
Peru,2024,3700.0,222000.0
Peru,2025,4200.0,252000.0
Philippines,1960,452.0,27120.0
Philippines,1961,509.0,30540.0
Philippines,1962,490.0,29400.0
Philippines,1963,485.0,29100.0
Philippines,1964,500.0,30000.0
Philippines,1965,503.0,30180.0
Philippines,1966,521.0,31260.0
Philippines,1967,516.0,30960.0
Philippines,1968,519.0,31140.0
Philippines,1969,544.0,32640.0
Philippines,1970,535.0,32100.0
Philippines,1971,521.0,31260.0
Philippines,1972,484.0,29040.0
Philippines,1973,460.0,27600.0
Philippines,1974,467.0,28020.0
Philippines,1975,483.0,28980.0
Philippines,1976,557.0,33420.0
Philippines,1977,563.0,33780.0
Philippines,1978,678.0,40680.0
Philippines,1979,811.0,48660.0
Philippines,1980,944.0,56640.0
Philippines,1981,1067.0,64020.0
Philippines,1982,1225.0,73500.0
Philippines,1983,973.0,58380.0
Philippines,1984,1111.0,66660.0
Philippines,1985,1138.0,68280.0
Philippines,1986,1125.0,67500.0
Philippines,1987,1045.0,62700.0
Philippines,1988,1350.0,81000.0
Philippines,1989,1149.0,68940.0
Philippines,1990,970.0,58200.0
Philippines,1991,950.0,57000.0
Philippines,1992,900.0,54000.0
Philippines,1993,875.0,52500.0
Philippines,1994,878.0,52680.0
Philippines,1995,876.0,52560.0
Philippines,1996,980.0,58800.0
Philippines,1997,700.0,42000.0
Philippines,1998,684.0,41040.0
Philippines,1999,740.0,44400.0
Philippines,2000,745.0,44700.0
Philippines,2001,735.0,44100.0
Philippines,2002,726.0,43560.0
Philippines,2003,690.0,41400.0
Philippines,2004,700.0,42000.0
Philippines,2005,710.0,42600.0
Philippines,2006,705.0,42300.0
Philippines,2007,460.0,27600.0
Philippines,2008,360.0,21600.0
Philippines,2009,245.0,14700.0
Philippines,2010,460.0,27600.0
Philippines,2011,455.0,27300.0
Philippines,2012,455.0,27300.0
Philippines,2013,450.0,27000.0
Philippines,2014,475.0,28500.0
Philippines,2015,425.0,25500.0
Philippines,2016,475.0,28500.0
Philippines,2017,450.0,27000.0
Philippines,2018,425.0,25500.0
Philippines,2019,450.0,27000.0
Philippines,2020,425.0,25500.0
Philippines,2021,450.0,27000.0
Philippines,2022,475.0,28500.0
Philippines,2023,450.0,27000.0
Philippines,2024,450.0,27000.0
Philippines,2025,450.0,27000.0
Rwanda,1960,187.0,11220.0
Rwanda,1961,161.0,9660.0
Rwanda,1962,192.0,11520.0
Rwanda,1963,83.0,4980.0
Rwanda,1964,177.0,10620.0
Rwanda,1965,167.0,10020.0
Rwanda,1966,146.0,8760.0
Rwanda,1967,197.0,11820.0
Rwanda,1968,192.0,11520.0
Rwanda,1969,208.0,12480.0
Rwanda,1970,246.0,14760.0
Rwanda,1971,257.0,15420.0
Rwanda,1972,184.0,11040.0
Rwanda,1973,435.0,26100.0
Rwanda,1974,497.0,29820.0
Rwanda,1975,434.0,26040.0
Rwanda,1976,531.0,31860.0
Rwanda,1977,362.0,21720.0
Rwanda,1978,311.0,18660.0
Rwanda,1979,501.0,30060.0
Rwanda,1980,506.0,30360.0
Rwanda,1981,502.0,30120.0
Rwanda,1982,377.0,22620.0
Rwanda,1983,536.0,32160.0
Rwanda,1984,542.0,32520.0
Rwanda,1985,717.0,43020.0
Rwanda,1986,643.0,38580.0
Rwanda,1987,705.0,42300.0
Rwanda,1988,679.0,40740.0
Rwanda,1989,561.0,33660.0
Rwanda,1990,619.0,37140.0
Rwanda,1991,550.0,33000.0
Rwanda,1992,650.0,39000.0
Rwanda,1993,443.0,26580.0
Rwanda,1994,22.0,1320.0
Rwanda,1995,330.0,19800.0
Rwanda,1996,293.0,17580.0
Rwanda,1997,194.0,11640.0
Rwanda,1998,222.0,13320.0
Rwanda,1999,308.0,18480.0
Rwanda,2000,273.0,16380.0
Rwanda,2001,296.0,17760.0
Rwanda,2002,320.0,19200.0
Rwanda,2003,266.0,15960.0
Rwanda,2004,317.0,19020.0
Rwanda,2005,340.0,20400.0
Rwanda,2006,400.0,24000.0
Rwanda,2007,230.0,13800.0
Rwanda,2008,340.0,20400.0
Rwanda,2009,240.0,14400.0
Rwanda,2010,317.0,19020.0
Rwanda,2011,245.0,14700.0
Rwanda,2012,260.0,15600.0
Rwanda,2013,250.0,15000.0
Rwanda,2014,240.0,14400.0
Rwanda,2015,300.0,18000.0
Rwanda,2016,230.0,13800.0
Rwanda,2017,275.0,16500.0
Rwanda,2018,275.0,16500.0
Rwanda,2019,350.0,21000.0
Rwanda,2020,300.0,18000.0
Rwanda,2021,270.0,16200.0
Rwanda,2022,275.0,16500.0
Rwanda,2023,360.0,21600.0
Rwanda,2024,300.0,18000.0
Rwanda,2025,350.0,21000.0
Sierra Leone,1960,89.0,5340.0
Sierra Leone,1961,87.0,5220.0
Sierra Leone,1962,88.0,5280.0
Sierra Leone,1963,104.0,6240.0
Sierra Leone,1964,69.0,4140.0
Sierra Leone,1965,173.0,10380.0
Sierra Leone,1966,52.0,3120.0
Sierra Leone,1967,73.0,4380.0
Sierra Leone,1968,138.0,8280.0
Sierra Leone,1969,109.0,6540.0
Sierra Leone,1970,163.0,9780.0
Sierra Leone,1971,129.0,7740.0
Sierra Leone,1972,195.0,11700.0
Sierra Leone,1973,57.0,3420.0
Sierra Leone,1974,111.0,6660.0
Sierra Leone,1975,64.0,3840.0
Sierra Leone,1976,168.0,10080.0
Sierra Leone,1977,77.0,4620.0
Sierra Leone,1978,230.0,13800.0
Sierra Leone,1979,172.0,10320.0
Sierra Leone,1980,147.0,8820.0
Sierra Leone,1981,176.0,10560.0
Sierra Leone,1982,233.0,13980.0
Sierra Leone,1983,42.0,2520.0
Sierra Leone,1984,129.0,7740.0
Sierra Leone,1985,107.0,6420.0
Sierra Leone,1986,95.0,5700.0
Sierra Leone,1987,110.0,6600.0
Sierra Leone,1988,92.0,5520.0
Sierra Leone,1989,100.0,6000.0
Sierra Leone,1990,100.0,6000.0
Sierra Leone,1991,90.0,5400.0
Sierra Leone,1992,90.0,5400.0
Sierra Leone,1993,37.0,2220.0
Sierra Leone,1994,73.0,4380.0
Sierra Leone,1995,44.0,2640.0
Sierra Leone,1996,41.0,2460.0
Sierra Leone,1997,50.0,3000.0
Sierra Leone,1998,27.0,1620.0
Sierra Leone,1999,59.0,3540.0
Sierra Leone,2000,53.0,3180.0
Sierra Leone,2001,79.0,4740.0
Sierra Leone,2002,42.0,2520.0
Sierra Leone,2003,34.0,2040.0
Sierra Leone,2004,15.0,900.0
Sierra Leone,2005,60.0,3600.0
Sierra Leone,2006,31.0,1860.0
Sierra Leone,2007,42.0,2520.0
Sierra Leone,2008,87.0,5220.0
Sierra Leone,2009,90.0,5400.0
Sierra Leone,2010,45.0,2700.0
Sierra Leone,2011,90.0,5400.0
Sierra Leone,2012,70.0,4200.0
Sierra Leone,2013,45.0,2700.0
Sierra Leone,2014,65.0,3900.0
Sierra Leone,2015,60.0,3600.0
Sierra Leone,2016,60.0,3600.0
Sierra Leone,2017,65.0,3900.0
Sierra Leone,2018,50.0,3000.0
Sierra Leone,2019,65.0,3900.0
Sierra Leone,2020,75.0,4500.0
Sierra Leone,2021,33.0,1980.0
Sierra Leone,2022,55.0,3300.0
Sierra Leone,2023,35.0,2100.0
Sierra Leone,2024,58.0,3480.0
Sierra Leone,2025,60.0,3600.0
Sri Lanka,1960,6.0,360.0
Sri Lanka,1961,8.0,480.0
Sri Lanka,1962,8.0,480.0
Sri Lanka,1963,10.0,600.0
Sri Lanka,1964,10.0,600.0
Sri Lanka,1965,10.0,600.0
Sri Lanka,1966,10.0,600.0
Sri Lanka,1967,10.0,600.0
Sri Lanka,1968,10.0,600.0
Sri Lanka,1969,10.0,600.0
Sri Lanka,1970,11.0,660.0
Sri Lanka,1971,11.0,660.0
Sri Lanka,1972,11.0,660.0
Sri Lanka,1973,18.0,1080.0
Sri Lanka,1974,32.0,1920.0
Sri Lanka,1975,43.0,2580.0
Sri Lanka,1976,40.0,2400.0
Sri Lanka,1977,46.0,2760.0
Sri Lanka,1978,55.0,3300.0
Sri Lanka,1979,47.0,2820.0
Sri Lanka,1980,50.0,3000.0
Sri Lanka,1981,54.0,3240.0
Sri Lanka,1982,64.0,3840.0
Sri Lanka,1983,58.0,3480.0
Sri Lanka,1984,85.0,5100.0
Sri Lanka,1985,78.0,4680.0
Sri Lanka,1986,25.0,1500.0
Sri Lanka,1987,70.0,4200.0
Sri Lanka,1988,75.0,4500.0
Sri Lanka,1989,70.0,4200.0
Sri Lanka,1990,75.0,4500.0
Sri Lanka,1991,75.0,4500.0
Sri Lanka,1992,50.0,3000.0
Sri Lanka,1993,54.0,3240.0
Sri Lanka,1994,42.0,2520.0
Sri Lanka,1995,36.0,2160.0
Sri Lanka,1996,37.0,2220.0
Sri Lanka,1997,58.0,3480.0
Sri Lanka,1998,46.0,2760.0
Sri Lanka,1999,41.0,2460.0
Sri Lanka,2000,43.0,2580.0
Sri Lanka,2001,32.0,1920.0
Sri Lanka,2002,34.0,2040.0
Sri Lanka,2003,37.0,2220.0
Sri Lanka,2004,32.0,1920.0
Sri Lanka,2005,34.0,2040.0
Sri Lanka,2006,32.0,1920.0
Sri Lanka,2007,35.0,2100.0
Sri Lanka,2008,35.0,2100.0
Sri Lanka,2009,0.0,0.0
Sri Lanka,2010,0.0,0.0
Sri Lanka,2011,0.0,0.0
Sri Lanka,2012,0.0,0.0
Sri Lanka,2013,0.0,0.0
Sri Lanka,2014,0.0,0.0
Sri Lanka,2015,0.0,0.0
Sri Lanka,2016,0.0,0.0
Sri Lanka,2017,0.0,0.0
Sri Lanka,2018,0.0,0.0
Sri Lanka,2019,0.0,0.0
Sri Lanka,2020,0.0,0.0
Sri Lanka,2021,0.0,0.0
Sri Lanka,2022,0.0,0.0
Sri Lanka,2023,0.0,0.0
Sri Lanka,2024,0.0,0.0
Sri Lanka,2025,0.0,0.0
Tanzania,1960,462.0,27720.0
Tanzania,1961,300.0,18000.0
Tanzania,1962,448.0,26880.0
Tanzania,1963,509.0,30540.0
Tanzania,1964,528.0,31680.0
Tanzania,1965,760.0,45600.0
Tanzania,1966,844.0,50640.0
Tanzania,1967,627.0,37620.0
Tanzania,1968,951.0,57060.0
Tanzania,1969,599.0,35940.0
Tanzania,1970,909.0,54540.0
Tanzania,1971,908.0,54480.0
Tanzania,1972,1123.0,67380.0
Tanzania,1973,496.0,29760.0
Tanzania,1974,935.0,56100.0
Tanzania,1975,959.0,57540.0
Tanzania,1976,805.0,48300.0
Tanzania,1977,835.0,50100.0
Tanzania,1978,856.0,51360.0
Tanzania,1979,761.0,45660.0
Tanzania,1980,1060.0,63600.0
Tanzania,1981,959.0,57540.0
Tanzania,1982,1033.0,61980.0
Tanzania,1983,843.0,50580.0
Tanzania,1984,796.0,47760.0
Tanzania,1985,867.0,52020.0
Tanzania,1986,701.0,42060.0
Tanzania,1987,818.0,49080.0
Tanzania,1988,962.0,57720.0
Tanzania,1989,888.0,53280.0
Tanzania,1990,763.0,45780.0
Tanzania,1991,790.0,47400.0
Tanzania,1992,992.0,59520.0
Tanzania,1993,736.0,44160.0
Tanzania,1994,680.0,40800.0
Tanzania,1995,897.0,53820.0
Tanzania,1996,765.0,45900.0
Tanzania,1997,624.0,37440.0
Tanzania,1998,739.0,44340.0
Tanzania,1999,842.0,50520.0
Tanzania,2000,809.0,48540.0
Tanzania,2001,624.0,37440.0
Tanzania,2002,824.0,49440.0
Tanzania,2003,612.0,36720.0
Tanzania,2004,1070.0,64200.0
Tanzania,2005,610.0,36600.0
Tanzania,2006,915.0,54900.0
Tanzania,2007,740.0,44400.0
Tanzania,2008,1150.0,69000.0
Tanzania,2009,600.0,36000.0
Tanzania,2010,1050.0,63000.0
Tanzania,2011,565.0,33900.0
Tanzania,2012,1180.0,70800.0
Tanzania,2013,800.0,48000.0
Tanzania,2014,1150.0,69000.0
Tanzania,2015,1100.0,66000.0
Tanzania,2016,1050.0,63000.0
Tanzania,2017,1150.0,69000.0
Tanzania,2018,1200.0,72000.0
Tanzania,2019,1200.0,72000.0
Tanzania,2020,1125.0,67500.0
Tanzania,2021,1200.0,72000.0
Tanzania,2022,1200.0,72000.0
Tanzania,2023,1350.0,81000.0
Tanzania,2024,1350.0,81000.0
Tanzania,2025,1450.0,87000.0
Thailand,1960,1.0,60.0
Thailand,1961,1.0,60.0
Thailand,1962,1.0,60.0
Thailand,1963,1.0,60.0
Thailand,1964,2.0,120.0
Thailand,1965,2.0,120.0
Thailand,1966,2.0,120.0
Thailand,1967,3.0,180.0
Thailand,1968,4.0,240.0
Thailand,1969,10.0,600.0
Thailand,1970,19.0,1140.0
Thailand,1971,28.0,1680.0
Thailand,1972,37.0,2220.0
Thailand,1973,67.0,4020.0
Thailand,1974,82.0,4920.0
Thailand,1975,102.0,6120.0
Thailand,1976,105.0,6300.0
Thailand,1977,124.0,7440.0
Thailand,1978,125.0,7500.0
Thailand,1979,152.0,9120.0
Thailand,1980,201.0,12060.0
Thailand,1981,277.0,16620.0
Thailand,1982,324.0,19440.0
Thailand,1983,364.0,21840.0
Thailand,1984,470.0,28200.0
Thailand,1985,527.0,31620.0
Thailand,1986,427.0,25620.0
Thailand,1987,592.0,35520.0
Thailand,1988,1025.0,61500.0
Thailand,1989,800.0,48000.0
Thailand,1990,785.0,47100.0
Thailand,1991,1000.0,60000.0
Thailand,1992,1175.0,70500.0
Thailand,1993,1275.0,76500.0
Thailand,1994,1399.0,83940.0
Thailand,1995,1317.0,79020.0
Thailand,1996,1403.0,84180.0
Thailand,1997,1293.0,77580.0
Thailand,1998,916.0,54960.0
Thailand,1999,1273.0,76380.0
Thailand,2000,1692.0,101520.0
Thailand,2001,715.0,42900.0
Thailand,2002,732.0,43920.0
Thailand,2003,827.0,49620.0
Thailand,2004,884.0,53040.0
Thailand,2005,1000.0,60000.0
Thailand,2006,850.0,51000.0
Thailand,2007,900.0,54000.0
Thailand,2008,800.0,48000.0
Thailand,2009,900.0,54000.0
Thailand,2010,1000.0,60000.0
Thailand,2011,1000.0,60000.0
Thailand,2012,1000.0,60000.0
Thailand,2013,1000.0,60000.0
Thailand,2014,1000.0,60000.0
Thailand,2015,700.0,42000.0
Thailand,2016,800.0,48000.0
Thailand,2017,700.0,42000.0
Thailand,2018,650.0,39000.0
Thailand,2019,700.0,42000.0
Thailand,2020,600.0,36000.0
Thailand,2021,650.0,39000.0
Thailand,2022,700.0,42000.0
Thailand,2023,750.0,45000.0
Thailand,2024,900.0,54000.0
Thailand,2025,900.0,54000.0
Togo,1960,167.0,10020.0
Togo,1961,196.0,11760.0
Togo,1962,119.0,7140.0
Togo,1963,280.0,16800.0
Togo,1964,144.0,8640.0
Togo,1965,249.0,14940.0
Togo,1966,58.0,3480.0
Togo,1967,173.0,10380.0
Togo,1968,277.0,16620.0
Togo,1969,232.0,13920.0
Togo,1970,213.0,12780.0
Togo,1971,103.0,6180.0
Togo,1972,190.0,11400.0
Togo,1973,238.0,14280.0
Togo,1974,115.0,6900.0
Togo,1975,151.0,9060.0
Togo,1976,177.0,10620.0
Togo,1977,82.0,4920.0
Togo,1978,105.0,6300.0
Togo,1979,182.0,10920.0
Togo,1980,165.0,9900.0
Togo,1981,225.0,13500.0
Togo,1982,284.0,17040.0
Togo,1983,275.0,16500.0
Togo,1984,215.0,12900.0
Togo,1985,275.0,16500.0
Togo,1986,260.0,15600.0
Togo,1987,290.0,17400.0
Togo,1988,300.0,18000.0
Togo,1989,215.0,12900.0
Togo,1990,161.0,9660.0
Togo,1991,432.0,25920.0
Togo,1992,86.0,5160.0
Togo,1993,195.0,11700.0
Togo,1994,176.0,10560.0
Togo,1995,85.0,5100.0
Togo,1996,290.0,17400.0
Togo,1997,222.0,13320.0
Togo,1998,321.0,19260.0
Togo,1999,263.0,15780.0
Togo,2000,197.0,11820.0
Togo,2001,112.0,6720.0
Togo,2002,68.0,4080.0
Togo,2003,144.0,8640.0
Togo,2004,166.0,9960.0
Togo,2005,140.0,8400.0
Togo,2006,180.0,10800.0
Togo,2007,255.0,15300.0
Togo,2008,185.0,11100.0
Togo,2009,436.0,26160.0
Togo,2010,615.0,36900.0
Togo,2011,560.0,33600.0
Togo,2012,200.0,12000.0
Togo,2013,165.0,9900.0
Togo,2014,175.0,10500.0
Togo,2015,120.0,7200.0
Togo,2016,80.0,4800.0
Togo,2017,130.0,7800.0
Togo,2018,95.0,5700.0
Togo,2019,100.0,6000.0
Togo,2020,85.0,5100.0
Togo,2021,80.0,4800.0
Togo,2022,110.0,6600.0
Togo,2023,75.0,4500.0
Togo,2024,90.0,5400.0
Togo,2025,85.0,5100.0
Trinidad and Tobago,1960,38.0,2280.0
Trinidad and Tobago,1961,28.0,1680.0
Trinidad and Tobago,1962,59.0,3540.0
Trinidad and Tobago,1963,62.0,3720.0
Trinidad and Tobago,1964,56.0,3360.0
Trinidad and Tobago,1965,41.0,2460.0
Trinidad and Tobago,1966,45.0,2700.0
Trinidad and Tobago,1967,73.0,4380.0
Trinidad and Tobago,1968,44.0,2640.0
Trinidad and Tobago,1969,34.0,2040.0
Trinidad and Tobago,1970,57.0,3420.0
Trinidad and Tobago,1971,54.0,3240.0
Trinidad and Tobago,1972,46.0,2760.0
Trinidad and Tobago,1973,31.0,1860.0
Trinidad and Tobago,1974,65.0,3900.0
Trinidad and Tobago,1975,42.0,2520.0
Trinidad and Tobago,1976,60.0,3600.0
Trinidad and Tobago,1977,41.0,2460.0
Trinidad and Tobago,1978,39.0,2340.0
Trinidad and Tobago,1979,37.0,2220.0
Trinidad and Tobago,1980,46.0,2760.0
Trinidad and Tobago,1981,44.0,2640.0
Trinidad and Tobago,1982,23.0,1380.0
Trinidad and Tobago,1983,30.0,1800.0
Trinidad and Tobago,1984,30.0,1800.0
Trinidad and Tobago,1985,35.0,2100.0
Trinidad and Tobago,1986,31.0,1860.0
Trinidad and Tobago,1987,10.0,600.0
Trinidad and Tobago,1988,20.0,1200.0
Trinidad and Tobago,1989,15.0,900.0
Trinidad and Tobago,1990,15.0,900.0
Trinidad and Tobago,1991,15.0,900.0
Trinidad and Tobago,1992,15.0,900.0
Trinidad and Tobago,1993,16.0,960.0
Trinidad and Tobago,1994,18.0,1080.0
Trinidad and Tobago,1995,18.0,1080.0
Trinidad and Tobago,1996,18.0,1080.0
Trinidad and Tobago,1997,20.0,1200.0
Trinidad and Tobago,1998,17.0,1020.0
Trinidad and Tobago,1999,16.0,960.0
Trinidad and Tobago,2000,14.0,840.0
Trinidad and Tobago,2001,16.0,960.0
Trinidad and Tobago,2002,16.0,960.0
Trinidad and Tobago,2003,16.0,960.0
Trinidad and Tobago,2004,15.0,900.0
Trinidad and Tobago,2005,15.0,900.0
Trinidad and Tobago,2006,12.0,720.0
Trinidad and Tobago,2007,2.0,120.0
Trinidad and Tobago,2008,2.0,120.0
Trinidad and Tobago,2009,0.0,0.0
Trinidad and Tobago,2010,0.0,0.0
Trinidad and Tobago,2011,0.0,0.0
Trinidad and Tobago,2012,0.0,0.0
Trinidad and Tobago,2013,0.0,0.0
Trinidad and Tobago,2014,0.0,0.0
Trinidad and Tobago,2015,0.0,0.0
Trinidad and Tobago,2016,0.0,0.0
Trinidad and Tobago,2017,0.0,0.0
Trinidad and Tobago,2018,0.0,0.0
Trinidad and Tobago,2019,0.0,0.0
Trinidad and Tobago,2020,0.0,0.0
Trinidad and Tobago,2021,0.0,0.0
Trinidad and Tobago,2022,0.0,0.0
Trinidad and Tobago,2023,0.0,0.0
Trinidad and Tobago,2024,0.0,0.0
Trinidad and Tobago,2025,0.0,0.0
Uganda,1960,1925.0,115500.0
Uganda,1961,2023.0,121380.0
Uganda,1962,2951.0,177060.0
Uganda,1963,2534.0,152040.0
Uganda,1964,2453.0,147180.0
Uganda,1965,2578.0,154680.0
Uganda,1966,2737.0,164220.0
Uganda,1967,2278.0,136680.0
Uganda,1968,4118.0,247080.0
Uganda,1969,3279.0,196740.0
Uganda,1970,2667.0,160020.0
Uganda,1971,2883.0,172980.0
Uganda,1972,4180.0,250800.0
Uganda,1973,3266.0,195960.0
Uganda,1974,3331.0,199860.0
Uganda,1975,2214.0,132840.0
Uganda,1976,2660.0,159600.0
Uganda,1977,1928.0,115680.0
Uganda,1978,1944.0,116640.0
Uganda,1979,2042.0,122520.0
Uganda,1980,2133.0,127980.0
Uganda,1981,2885.0,173100.0
Uganda,1982,3000.0,180000.0
Uganda,1983,2700.0,162000.0
Uganda,1984,2800.0,168000.0
Uganda,1985,2700.0,162000.0
Uganda,1986,2700.0,162000.0
Uganda,1987,2600.0,156000.0
Uganda,1988,3300.0,198000.0
Uganda,1989,2500.0,150000.0
Uganda,1990,2700.0,162000.0
Uganda,1991,2900.0,174000.0
Uganda,1992,2800.0,168000.0
Uganda,1993,2700.0,162000.0
Uganda,1994,3100.0,186000.0
Uganda,1995,4200.0,252000.0
Uganda,1996,4297.0,257820.0
Uganda,1997,3032.0,181920.0
Uganda,1998,3640.0,218400.0
Uganda,1999,3708.0,222480.0
Uganda,2000,3097.0,185820.0
Uganda,2001,3265.0,195900.0
Uganda,2002,2756.0,165360.0
Uganda,2003,2745.0,164700.0
Uganda,2004,2694.0,161640.0
Uganda,2005,2175.0,130500.0
Uganda,2006,2905.0,174300.0
Uganda,2007,3490.0,209400.0
Uganda,2008,3260.0,195600.0
Uganda,2009,2870.0,172200.0
Uganda,2010,3212.0,192720.0
Uganda,2011,3075.0,184500.0
Uganda,2012,3600.0,216000.0
Uganda,2013,3850.0,231000.0
Uganda,2014,3500.0,210000.0
Uganda,2015,3550.0,213000.0
Uganda,2016,4875.0,292500.0
Uganda,2017,4600.0,276000.0
Uganda,2018,4650.0,279000.0
Uganda,2019,5475.0,328500.0
Uganda,2020,6630.0,397800.0
Uganda,2021,6050.0,363000.0
Uganda,2022,6565.0,393900.0
Uganda,2023,6400.0,384000.0
Uganda,2024,6700.0,402000.0
Uganda,2025,6875.0,412500.0
United States,1960,277.0,16620.0
United States,1961,316.0,18960.0
United States,1962,380.0,22800.0
United States,1963,278.0,16680.0
United States,1964,344.0,20640.0
United States,1965,272.0,16320.0
United States,1966,264.0,15840.0
United States,1967,279.0,16740.0
United States,1968,231.0,13860.0
United States,1969,176.0,10560.0
United States,1970,283.0,16980.0
United States,1971,199.0,11940.0
United States,1972,226.0,13560.0
United States,1973,246.0,14760.0
United States,1974,184.0,11040.0
United States,1975,202.0,12120.0
United States,1976,158.0,9480.0
United States,1977,213.0,12780.0
United States,1978,169.0,10140.0
United States,1979,211.0,12660.0
United States,1980,236.0,14160.0
United States,1981,229.0,13740.0
United States,1982,267.0,16020.0
United States,1983,221.0,13260.0
United States,1984,245.0,14700.0
United States,1985,200.0,12000.0
United States,1986,284.0,17040.0
United States,1987,230.0,13800.0
United States,1988,257.0,15420.0
United States,1989,239.0,14340.0
United States,1990,229.0,13740.0
United States,1991,229.0,13740.0
United States,1992,225.0,13500.0
United States,1993,228.0,13680.0
United States,1994,237.0,14220.0
United States,1995,236.0,14160.0
United States,1996,270.0,16200.0
United States,1997,232.0,13920.0
United States,1998,163.0,9780.0
United States,1999,185.0,11100.0
United States,2000,183.0,10980.0
United States,2001,163.0,9780.0
United States,2002,163.0,9780.0
United States,2003,186.0,11160.0
United States,2004,140.0,8400.0
United States,2005,161.0,9660.0
United States,2006,152.0,9120.0
United States,2007,136.0,8160.0
United States,2008,125.0,7500.0
United States,2009,53.0,3180.0
United States,2010,53.0,3180.0
United States,2011,46.0,2760.0
United States,2012,42.0,2520.0
United States,2013,51.0,3060.0
United States,2014,45.0,2700.0
United States,2015,40.0,2400.0
United States,2016,33.0,1980.0
United States,2017,32.0,1920.0
United States,2018,54.0,3240.0
United States,2019,39.0,2340.0
United States,2020,33.0,1980.0
United States,2021,38.0,2280.0
United States,2022,40.0,2400.0
United States,2023,50.0,3000.0
United States,2024,50.0,3000.0
United States,2025,50.0,3000.0
Venezuela,1960,902.0,54120.0
Venezuela,1961,714.0,42840.0
Venezuela,1962,874.0,52440.0
Venezuela,1963,872.0,52320.0
Venezuela,1964,786.0,47160.0
Venezuela,1965,907.0,54420.0
Venezuela,1966,898.0,53880.0
Venezuela,1967,687.0,41220.0
Venezuela,1968,898.0,53880.0
Venezuela,1969,973.0,58380.0
Venezuela,1970,936.0,56160.0
Venezuela,1971,965.0,57900.0
Venezuela,1972,846.0,50760.0
Venezuela,1973,1083.0,64980.0
Venezuela,1974,1060.0,63600.0
Venezuela,1975,923.0,55380.0
Venezuela,1976,656.0,39360.0
Venezuela,1977,1061.0,63660.0
Venezuela,1978,1011.0,60660.0
Venezuela,1979,1031.0,61860.0
Venezuela,1980,1109.0,66540.0
Venezuela,1981,1107.0,66420.0
Venezuela,1982,791.0,47460.0
Venezuela,1983,1025.0,61500.0
Venezuela,1984,1213.0,72780.0
Venezuela,1985,960.0,57600.0
Venezuela,1986,1169.0,70140.0
Venezuela,1987,1331.0,79860.0
Venezuela,1988,1127.0,67620.0
Venezuela,1989,1075.0,64500.0
Venezuela,1990,843.0,50580.0
Venezuela,1991,1350.0,81000.0
Venezuela,1992,750.0,45000.0
Venezuela,1993,920.0,55200.0
Venezuela,1994,920.0,55200.0
Venezuela,1995,1067.0,64020.0
Venezuela,1996,843.0,50580.0
Venezuela,1997,1380.0,82800.0
Venezuela,1998,1250.0,75000.0
Venezuela,1999,880.0,52800.0
Venezuela,2000,1027.0,61620.0
Venezuela,2001,1065.0,63900.0
Venezuela,2002,920.0,55200.0
Venezuela,2003,825.0,49500.0
Venezuela,2004,800.0,48000.0
Venezuela,2005,820.0,49200.0
Venezuela,2006,862.0,51720.0
Venezuela,2007,996.0,59760.0
Venezuela,2008,1000.0,60000.0
Venezuela,2009,725.0,43500.0
Venezuela,2010,625.0,37500.0
Venezuela,2011,700.0,42000.0
Venezuela,2012,730.0,43800.0
Venezuela,2013,700.0,42000.0
Venezuela,2014,460.0,27600.0
Venezuela,2015,500.0,30000.0
Venezuela,2016,530.0,31800.0
Venezuela,2017,575.0,34500.0
Venezuela,2018,585.0,35100.0
Venezuela,2019,550.0,33000.0
Venezuela,2020,480.0,28800.0
Venezuela,2021,500.0,30000.0
Venezuela,2022,500.0,30000.0
Venezuela,2023,500.0,30000.0
Venezuela,2024,500.0,30000.0
Venezuela,2025,500.0,30000.0
Vietnam,1960,76.0,4560.0
Vietnam,1961,66.0,3960.0
Vietnam,1962,66.0,3960.0
Vietnam,1963,60.0,3600.0
Vietnam,1964,66.0,3960.0
Vietnam,1965,76.0,4560.0
Vietnam,1966,86.0,5160.0
Vietnam,1967,66.0,3960.0
Vietnam,1968,66.0,3960.0
Vietnam,1969,66.0,3960.0
Vietnam,1970,56.0,3360.0
Vietnam,1971,51.0,3060.0
Vietnam,1972,56.0,3360.0
Vietnam,1973,56.0,3360.0
Vietnam,1974,60.0,3600.0
Vietnam,1975,54.0,3240.0
Vietnam,1976,93.0,5580.0
Vietnam,1977,91.0,5460.0
Vietnam,1978,84.0,5040.0
Vietnam,1979,140.0,8400.0
Vietnam,1980,77.0,4620.0
Vietnam,1981,77.0,4620.0
Vietnam,1982,83.0,4980.0
Vietnam,1983,69.0,4140.0
Vietnam,1984,206.0,12360.0
Vietnam,1985,314.0,18840.0
Vietnam,1986,454.0,27240.0
Vietnam,1987,579.0,34740.0
Vietnam,1988,922.0,55320.0
Vietnam,1989,985.0,59100.0
Vietnam,1990,1200.0,72000.0
Vietnam,1991,1980.0,118800.0
Vietnam,1992,2250.0,135000.0
Vietnam,1993,2500.0,150000.0
Vietnam,1994,3500.0,210000.0
Vietnam,1995,3917.0,235020.0
Vietnam,1996,5750.0,345000.0
Vietnam,1997,7000.0,420000.0
Vietnam,1998,7500.0,450000.0
Vietnam,1999,11010.0,660600.0
Vietnam,2000,15333.0,919980.0
Vietnam,2001,12833.0,769980.0
Vietnam,2002,11167.0,670020.0
Vietnam,2003,15000.0,900000.0
Vietnam,2004,14500.0,870000.0
Vietnam,2005,16335.0,980100.0
Vietnam,2006,19500.0,1170000.0
Vietnam,2007,18000.0,1080000.0
Vietnam,2008,16980.0,1018800.0
Vietnam,2009,18500.0,1110000.0
Vietnam,2010,19415.0,1164900.0
Vietnam,2011,26000.0,1560000.0
Vietnam,2012,26500.0,1590000.0
Vietnam,2013,29833.0,1789980.0
Vietnam,2014,27400.0,1644000.0
Vietnam,2015,28930.0,1735800.0
Vietnam,2016,26700.0,1602000.0
Vietnam,2017,29300.0,1758000.0
Vietnam,2018,30400.0,1824000.0
Vietnam,2019,31300.0,1878000.0
Vietnam,2020,29000.0,1740000.0
Vietnam,2021,31580.0,1894800.0
Vietnam,2022,28300.0,1698000.0
Vietnam,2023,27550.0,1653000.0
Vietnam,2024,29000.0,1740000.0
Vietnam,2025,30800.0,1848000.0
Yemen,1991,65.0,3900.0
Yemen,1992,65.0,3900.0
Yemen,1993,65.0,3900.0
Yemen,1994,50.0,3000.0
Yemen,1995,70.0,4200.0
Yemen,1996,70.0,4200.0
Yemen,1997,75.0,4500.0
Yemen,1998,188.0,11280.0
Yemen,1999,186.0,11160.0
Yemen,2000,189.0,11340.0
Yemen,2001,198.0,11880.0
Yemen,2002,192.0,11520.0
Yemen,2003,193.0,11580.0
Yemen,2004,171.0,10260.0
Yemen,2005,189.0,11340.0
Yemen,2006,200.0,12000.0
Yemen,2007,150.0,9000.0
Yemen,2008,150.0,9000.0
Yemen,2009,150.0,9000.0
Yemen,2010,145.0,8700.0
Yemen,2011,135.0,8100.0
Yemen,2012,140.0,8400.0
Yemen,2013,135.0,8100.0
Yemen,2014,130.0,7800.0
Yemen,2015,0.0,0.0
Yemen,2016,0.0,0.0
Yemen,2017,0.0,0.0
Yemen,2018,0.0,0.0
Yemen,2019,0.0,0.0
Yemen,2020,0.0,0.0
Yemen,2021,0.0,0.0
Yemen,2022,0.0,0.0
Yemen,2023,0.0,0.0
Yemen,2024,0.0,0.0
Yemen,2025,0.0,0.0
Yemen (Sanaa),1960,90.0,5400.0
Yemen (Sanaa),1961,90.0,5400.0
Yemen (Sanaa),1962,82.0,4920.0
Yemen (Sanaa),1963,80.0,4800.0
Yemen (Sanaa),1964,90.0,5400.0
Yemen (Sanaa),1965,75.0,4500.0
Yemen (Sanaa),1966,60.0,3600.0
Yemen (Sanaa),1967,60.0,3600.0
Yemen (Sanaa),1968,70.0,4200.0
Yemen (Sanaa),1969,60.0,3600.0
Yemen (Sanaa),1970,60.0,3600.0
Yemen (Sanaa),1971,55.0,3300.0
Yemen (Sanaa),1972,55.0,3300.0
Yemen (Sanaa),1973,45.0,2700.0
Yemen (Sanaa),1974,45.0,2700.0
Yemen (Sanaa),1975,45.0,2700.0
Yemen (Sanaa),1976,45.0,2700.0
Yemen (Sanaa),1977,48.0,2880.0
Yemen (Sanaa),1978,50.0,3000.0
Yemen (Sanaa),1979,53.0,3180.0
Yemen (Sanaa),1980,60.0,3600.0
Yemen (Sanaa),1981,58.0,3480.0
Yemen (Sanaa),1982,57.0,3420.0
Yemen (Sanaa),1983,50.0,3000.0
Yemen (Sanaa),1984,53.0,3180.0
Yemen (Sanaa),1985,65.0,3900.0
Yemen (Sanaa),1986,55.0,3300.0
Yemen (Sanaa),1987,60.0,3600.0
Yemen (Sanaa),1988,65.0,3900.0
Yemen (Sanaa),1989,65.0,3900.0
Yemen (Sanaa),1990,65.0,3900.0
Zambia,1960,0.0,0.0
Zambia,1961,0.0,0.0
Zambia,1962,0.0,0.0
Zambia,1963,0.0,0.0
Zambia,1964,0.0,0.0
Zambia,1965,0.0,0.0
Zambia,1966,1.0,60.0
Zambia,1967,1.0,60.0
Zambia,1968,1.0,60.0
Zambia,1969,1.0,60.0
Zambia,1970,1.0,60.0
Zambia,1971,1.0,60.0
Zambia,1972,1.0,60.0
Zambia,1973,1.0,60.0
Zambia,1974,1.0,60.0
Zambia,1975,2.0,120.0
Zambia,1976,2.0,120.0
Zambia,1977,2.0,120.0
Zambia,1978,2.0,120.0
Zambia,1979,1.0,60.0
Zambia,1980,2.0,120.0
Zambia,1981,2.0,120.0
Zambia,1982,3.0,180.0
Zambia,1983,7.0,420.0
Zambia,1984,6.0,360.0
Zambia,1985,10.0,600.0
Zambia,1986,13.0,780.0
Zambia,1987,11.0,660.0
Zambia,1988,10.0,600.0
Zambia,1989,15.0,900.0
Zambia,1990,15.0,900.0
Zambia,1991,15.0,900.0
Zambia,1992,28.0,1680.0
Zambia,1993,27.0,1620.0
Zambia,1994,22.0,1320.0
Zambia,1995,27.0,1620.0
Zambia,1996,33.0,1980.0
Zambia,1997,40.0,2400.0
Zambia,1998,62.0,3720.0
Zambia,1999,59.0,3540.0
Zambia,2000,94.0,5640.0
Zambia,2001,100.0,6000.0
Zambia,2002,119.0,7140.0
Zambia,2003,100.0,6000.0
Zambia,2004,110.0,6600.0
Zambia,2005,103.0,6180.0
Zambia,2006,56.0,3360.0
Zambia,2007,60.0,3600.0
Zambia,2008,39.0,2340.0
Zambia,2009,27.0,1620.0
Zambia,2010,0.0,0.0
Zambia,2011,0.0,0.0
Zambia,2012,0.0,0.0
Zambia,2013,0.0,0.0
Zambia,2014,0.0,0.0
Zambia,2015,0.0,0.0
Zambia,2016,0.0,0.0
Zambia,2017,0.0,0.0
Zambia,2018,0.0,0.0
Zambia,2019,0.0,0.0
Zambia,2020,0.0,0.0
Zambia,2021,0.0,0.0
Zambia,2022,0.0,0.0
Zambia,2023,0.0,0.0
Zambia,2024,0.0,0.0
Zambia,2025,0.0,0.0
Zimbabwe,1960,0.0,0.0
Zimbabwe,1961,0.0,0.0
Zimbabwe,1962,0.0,0.0
Zimbabwe,1963,1.0,60.0
Zimbabwe,1964,1.0,60.0
Zimbabwe,1965,1.0,60.0
Zimbabwe,1966,2.0,120.0
Zimbabwe,1967,2.0,120.0
Zimbabwe,1968,7.0,420.0
Zimbabwe,1969,11.0,660.0
Zimbabwe,1970,15.0,900.0
Zimbabwe,1971,21.0,1260.0
Zimbabwe,1972,27.0,1620.0
Zimbabwe,1973,33.0,1980.0
Zimbabwe,1974,49.0,2940.0
Zimbabwe,1975,77.0,4620.0
Zimbabwe,1976,77.0,4620.0
Zimbabwe,1977,71.0,4260.0
Zimbabwe,1978,77.0,4620.0
Zimbabwe,1979,68.0,4080.0
Zimbabwe,1980,94.0,5640.0
Zimbabwe,1981,82.0,4920.0
Zimbabwe,1982,117.0,7020.0
Zimbabwe,1983,147.0,8820.0
Zimbabwe,1984,180.0,10800.0
Zimbabwe,1985,188.0,11280.0
Zimbabwe,1986,200.0,12000.0
Zimbabwe,1987,250.0,15000.0
Zimbabwe,1988,175.0,10500.0
Zimbabwe,1989,225.0,13500.0
Zimbabwe,1990,208.0,12480.0
Zimbabwe,1991,201.0,12060.0
Zimbabwe,1992,78.0,4680.0
Zimbabwe,1993,12.0,720.0
Zimbabwe,1994,106.0,6360.0
Zimbabwe,1995,131.0,7860.0
Zimbabwe,1996,174.0,10440.0
Zimbabwe,1997,130.0,7800.0
Zimbabwe,1998,149.0,8940.0
Zimbabwe,1999,125.0,7500.0
Zimbabwe,2000,109.0,6540.0
Zimbabwe,2001,121.0,7260.0
Zimbabwe,2002,110.0,6600.0
Zimbabwe,2003,92.0,5520.0
Zimbabwe,2004,120.0,7200.0
Zimbabwe,2005,66.0,3960.0
Zimbabwe,2006,45.0,2700.0
Zimbabwe,2007,31.0,1860.0
Zimbabwe,2008,22.0,1320.0
Zimbabwe,2009,0.0,0.0
Zimbabwe,2010,0.0,0.0
Zimbabwe,2011,0.0,0.0
Zimbabwe,2012,0.0,0.0
Zimbabwe,2013,0.0,0.0
Zimbabwe,2014,0.0,0.0
Zimbabwe,2015,0.0,0.0
Zimbabwe,2016,0.0,0.0
Zimbabwe,2017,0.0,0.0
Zimbabwe,2018,0.0,0.0
Zimbabwe,2019,0.0,0.0
Zimbabwe,2020,0.0,0.0
Zimbabwe,2021,0.0,0.0
Zimbabwe,2022,0.0,0.0
Zimbabwe,2023,0.0,0.0
Zimbabwe,2024,0.0,0.0
Zimbabwe,2025,0.0,0.0
