typeCode,freqCode,refPeriodId,refYear,refMonth,period,reporterCode,reporterISO,reporterDesc,flowCode,flowDesc,partnerCode,partnerISO,partnerDesc,partner2Code,partner2ISO,partner2Desc,classificationCode,classificationSearchCode,isOriginalClassification,cmdCode,cmdDesc,aggrLevel,isLeaf,customsCode,customsDesc,mosCode,motCode,motDesc,qtyUnitCode,qtyUnitAbbr,qty,isQtyEstimated,altQtyUnitCode,altQtyUnitAbbr,altQty,isAltQtyEstimated,netWgt,isNetWgtEstimated,grossWgt,isGrossWgtEstimated,cifvalue,fobvalue,primaryValue,legacyEstimationFlag,isReported,isAggregate
"C","A","20150101","2015","52","2015","36","AUS","Australia","M","Import","0","W00","World","0","W00","World","H4","HS","true","0901","Coffee, whether or not roasted or decaffeinated; husks and skins; coffee substitutes containing coffee in any proportion","4","false","C00","TOTAL CPC","0","0","TOTAL MOT","8","kg","99976012","false","-1","N/A",,"false","99976012","false",,"false",,"481127037","481127037","0","true","false",
"C","A","20150101","2015","52","2015","36","AUS","Australia","M","Import","36","AUS","Australia","0","W00","World","H4","HS","true","0901","Coffee, whether or not roasted or decaffeinated; husks and skins; coffee substitutes containing coffee in any proportion","4","false","C00","TOTAL CPC","0","0","TOTAL MOT","8","kg","6293","false","-1","N/A",,"false","6293","false",,"false",,"88764","88764","0","true","false",
"C","A","20150101","2015","52","2015","36","AUS","Australia","M","Import","40","AUT","Austria","0","W00","World","H4","HS","true","0901","Coffee, whether or not roasted or decaffeinated; husks and skins; coffee substitutes containing coffee in any proportion","4","false","C00","TOTAL CPC","0","0","TOTAL MOT","8","kg","14967","false","-1","N/A",,"false","14967","false",,"false",,"191939","191939","0","true","false",
"C","A","20150101","2015","52","2015","36","AUS","Australia","M","Import","56","BEL","Belgium","0","W00","World","H4","HS","true","0901","Coffee, whether or not roasted or decaffeinated; husks and skins; coffee substitutes containing coffee in any proportion","4","false","C00","TOTAL CPC","0","0","TOTAL MOT","8","kg","144651","false","-1","N/A",,"false","144651","false",,"false",,"688602","688602","0","true","false",
"C","A","20150101","2015","52","2015","36","AUS","Australia","M","Import","68","BOL","Bolivia (Plurinational State of)","0","W00","World","H4","HS","true","0901","Coffee, whether or not roasted or decaffeinated; husks and skins; coffee substitutes containing coffee in any proportion","4","false","C00","TOTAL CPC","0","0","TOTAL MOT","8","kg","52106","false","-1","N/A",,"false","52106","false",,"false",,"325090","325090","0","true","false",
"C","A","20150101","2015","52","2015","36","AUS","Australia","M","Import","70","BIH","Bosnia Herzegovina","0","W00","World","H4","HS","true","0901","Coffee, whether or not roasted or decaffeinated; husks and skins; coffee substitutes containing coffee in any proportion","4","false","C00","TOTAL CPC","0","0","TOTAL MOT","8","kg","20948","false","-1","N/A",,"false","20948","false",,"false",,"73821","73821","0","true","false",
"C","A","20150101","2015","52","2015","36","AUS","Australia","M","Import","76","BRA","Brazil","0","W00","World","H4","HS","true","0901","Coffee, whether or not roasted or decaffeinated; husks and skins; coffee substitutes containing coffee in any proportion","4","false","C00","TOTAL CPC","0","0","TOTAL MOT","8","kg","14856006","false","-1","N/A",,"false","14856006","false",,"false",,"52903636","52903636","0","true","false",
"C","A","20150101","2015","52","2015","36","AUS","Australia","M","Import","84","BLZ","Belize","0","W00","World","H4","HS","true","0901","Coffee, whether or not roasted or decaffeinated; husks and skins; coffee substitutes containing coffee in any proportion","4","false","C00","TOTAL CPC","0","0","TOTAL MOT","8","kg","38400","false","-1","N/A",,"false","38400","false",,"false",,"136580","136580","0","true","false",
"C","A","20150101","2015","52","2015","36","AUS","Australia","M","Import","104","MMR","Myanmar","0","W00","World","H4","HS","true","0901","Coffee, whether or not roasted or decaffeinated; husks and skins; coffee substitutes containing coffee in any proportion","4","false","C00","TOTAL CPC","0","0","TOTAL MOT","8","kg","16247","false","-1","N/A",,"false","16247","false",,"false",,"10449","10449","0","true","false",
"C","A","20150101","2015","52","2015","36","AUS","Australia","M","Import","108","BDI","Burundi","0","W00","World","H4","HS","true","0901","Coffee, whether or not roasted or decaffeinated; husks and skins; coffee substitutes containing coffee in any proportion","4","false","C00","TOTAL CPC","0","0","TOTAL MOT","8","kg","81497","false","-1","N/A",,"false","81497","false",,"false",,"523296","523296","0","true","false",
"C","A","20150101","2015","52","2015","36","AUS","Australia","M","Import","124","CAN","Canada","0","W00","World","H4","HS","true","0901","Coffee, whether or not roasted or decaffeinated; husks and skins; coffee substitutes containing coffee in any proportion","4","false","C00","TOTAL CPC","0","0","TOTAL MOT","8","kg","464048","false","-1","N/A",,"false","464048","false",,"false",,"2365853","2365853","0","true","false",
"C","A","20150101","2015","52","2015","36","AUS","Australia","M","Import","144","LKA","Sri Lanka","0","W00","World","H4","HS","true","0901","Coffee, whether or not roasted or decaffeinated; husks and skins; coffee substitutes containing coffee in any proportion","4","false","C00","TOTAL CPC","0","0","TOTAL MOT","8","kg","2633","false","-1","N/A",,"false","2633","false",,"false",,"15196","15196","0","true","false",
"C","A","20150101","2015","52","2015","36","AUS","Australia","M","Import","156","CHN","China","0","W00","World","H4","HS","true","0901","Coffee, whether or not roasted or decaffeinated; husks and skins; coffee substitutes containing coffee in any proportion","4","false","C00","TOTAL CPC","0","0","TOTAL MOT","8","kg","963892","false","-1","N/A",,"false","963892","false",,"false",,"3589357","3589357","0","true","false",
"C","A","20150101","2015","52","2015","36","AUS","Australia","M","Import","170","COL","Colombia","0","W00","World","H4","HS","true","0901","Coffee, whether or not roasted or decaffeinated; husks and skins; coffee substitutes containing coffee in any proportion","4","false","C00","TOTAL CPC","0","0","TOTAL MOT","8","kg","8117564","false","-1","N/A",,"false","8117564","false",,"false",,"33043239","33043239","0","true","false",
"C","A","20150101","2015","52","2015","36","AUS","Australia","M","Import","178","COG","Congo","0","W00","World","H4","HS","true","0901","Coffee, whether or not roasted or decaffeinated; husks and skins; coffee substitutes containing coffee in any proportion","4","false","C00","TOTAL CPC","0","0","TOTAL MOT","8","kg","6486","false","-1","N/A",,"false","6486","false",,"false",,"52622","52622","0","true","false",
"C","A","20150101","2015","52","2015","36","AUS","Australia","M","Import","188","CRI","Costa Rica","0","W00","World","H4","HS","true","0901","Coffee, whether or not roasted or decaffeinated; husks and skins; coffee substitutes containing coffee in any proportion","4","false","C00","TOTAL CPC","0","0","TOTAL MOT","8","kg","2978068","false","-1","N/A",,"false","2978068","false",,"false",,"14577449","14577449","0","true","false",
"C","A","20150101","2015","52","2015","36","AUS","Australia","M","Import","191","HRV","Croatia","0","W00","World","H4","HS","true","0901","Coffee, whether or not roasted or decaffeinated; husks and skins; coffee substitutes containing coffee in any proportion","4","false","C00","TOTAL CPC","0","0","TOTAL MOT","8","kg","53404","false","-1","N/A",,"false","53404","false",,"false",,"59099","59099","0","true","false",
"C","A","20150101","2015","52","2015","36","AUS","Australia","M","Import","192","CUB","Cuba","0","W00","World","H4","HS","true","0901","Coffee, whether or not roasted or decaffeinated; husks and skins; coffee substitutes containing coffee in any proportion","4","false","C00","TOTAL CPC","0","0","TOTAL MOT","8","kg","68388","false","-1","N/A",,"false","68388","false",,"false",,"288956","288956","0","true","false",
"C","A","20150101","2015","52","2015","36","AUS","Australia","M","Import","196","CYP","Cyprus","0","W00","World","H4","HS","true","0901","Coffee, whether or not roasted or decaffeinated; husks and skins; coffee substitutes containing coffee in any proportion","4","false","C00","TOTAL CPC","0","0","TOTAL MOT","8","kg","10043","false","-1","N/A",,"false","10043","false",,"false",,"63055","63055","0","true","false",
"C","A","20150101","2015","52","2015","36","AUS","Australia","M","Import","208","DNK","Denmark","0","W00","World","H4","HS","true","0901","Coffee, whether or not roasted or decaffeinated; husks and skins; coffee substitutes containing coffee in any proportion","4","false","C00","TOTAL CPC","0","0","TOTAL MOT","8","kg","160","false","-1","N/A",,"false","160","false",,"false",,"1703","1703","0","true","false",
"C","A","20150101","2015","52","2015","36","AUS","Australia","M","Import","222","SLV","El Salvador","0","W00","World","H4","HS","true","0901","Coffee, whether or not roasted or decaffeinated; husks and skins; coffee substitutes containing coffee in any proportion","4","false","C00","TOTAL CPC","0","0","TOTAL MOT","8","kg","373438","false","-1","N/A",,"false","373438","false",,"false",,"2132244","2132244","0","true","false",
"C","A","20150101","2015","52","2015","36","AUS","Australia","M","Import","231","ETH","Ethiopia","0","W00","World","H4","HS","true","0901","Coffee, whether or not roasted or decaffeinated; husks and skins; coffee substitutes containing coffee in any proportion","4","false","C00","TOTAL CPC","0","0","TOTAL MOT","8","kg","3968216","false","-1","N/A",,"false","3968216","false",,"false",,"19733228","19733228","0","true","false",
"C","A","20150101","2015","52","2015","36","AUS","Australia","M","Import","246","FIN","Finland","0","W00","World","H4","HS","true","0901","Coffee, whether or not roasted or decaffeinated; husks and skins; coffee substitutes containing coffee in any proportion","4","false","C00","TOTAL CPC","0","0","TOTAL MOT","8","kg","975","false","-1","N/A",,"false","975","false",,"false",,"8362","8362","0","true","false",
"C","A","20150101","2015","52","2015","36","AUS","Australia","M","Import","251","FRA","France","0","W00","World","H4","HS","true","0901","Coffee, whether or not roasted or decaffeinated; husks and skins; coffee substitutes containing coffee in any proportion","4","false","C00","TOTAL CPC","0","0","TOTAL MOT","8","kg","590818","false","-1","N/A",,"false","590818","false",,"false",,"3820214","3820214","0","true","false",
"C","A","20150101","2015","52","2015","36","AUS","Australia","M","Import","262","DJI","Djibouti","0","W00","World","H4","HS","true","0901","Coffee, whether or not roasted or decaffeinated; husks and skins; coffee substitutes containing coffee in any proportion","4","false","C00","TOTAL CPC","0","0","TOTAL MOT","8","kg","130766","false","-1","N/A",,"false","130766","false",,"false",,"785345","785345","0","true","false",
"C","A","20150101","2015","52","2015","36","AUS","Australia","M","Import","276","DEU","Germany","0","W00","World","H4","HS","true","0901","Coffee, whether or not roasted or decaffeinated; husks and skins; coffee substitutes containing coffee in any proportion","4","false","C00","TOTAL CPC","0","0","TOTAL MOT","8","kg","5152243","false","-1","N/A",,"false","5152243","false",,"false",,"39625096","39625096","0","true","false",
"C","A","20150101","2015","52","2015","36","AUS","Australia","M","Import","300","GRC","Greece","0","W00","World","H4","HS","true","0901","Coffee, whether or not roasted or decaffeinated; husks and skins; coffee substitutes containing coffee in any proportion","4","false","C00","TOTAL CPC","0","0","TOTAL MOT","8","kg","49079","false","-1","N/A",,"false","49079","false",,"false",,"345252","345252","0","true","false",
"C","A","20150101","2015","52","2015","36","AUS","Australia","M","Import","320","GTM","Guatemala","0","W00","World","H4","HS","true","0901","Coffee, whether or not roasted or decaffeinated; husks and skins; coffee substitutes containing coffee in any proportion","4","false","C00","TOTAL CPC","0","0","TOTAL MOT","8","kg","1409819","false","-1","N/A",,"false","1409819","false",,"false",,"7276516","7276516","0","true","false",
"C","A","20150101","2015","52","2015","36","AUS","Australia","M","Import","340","HND","Honduras","0","W00","World","H4","HS","true","0901","Coffee, whether or not roasted or decaffeinated; husks and skins; coffee substitutes containing coffee in any proportion","4","false","C00","TOTAL CPC","0","0","TOTAL MOT","8","kg","3400102","false","-1","N/A",,"false","3400102","false",,"false",,"11495052","11495052","0","true","false",
"C","A","20150101","2015","52","2015","36","AUS","Australia","M","Import","344","HKG","China, Hong Kong SAR","0","W00","World","H4","HS","true","0901","Coffee, whether or not roasted or decaffeinated; husks and skins; coffee substitutes containing coffee in any proportion","4","false","C00","TOTAL CPC","0","0","TOTAL MOT","8","kg","1396","false","-1","N/A",,"false","1396","false",,"false",,"3609","3609","0","true","false",
"C","A","20150101","2015","52","2015","36","AUS","Australia","M","Import","360","IDN","Indonesia","0","W00","World","H4","HS","true","0901","Coffee, whether or not roasted or decaffeinated; husks and skins; coffee substitutes containing coffee in any proportion","4","false","C00","TOTAL CPC","0","0","TOTAL MOT","8","kg","8688566","false","-1","N/A",,"false","8688566","false",,"false",,"26700767","26700767","0","true","false",
"C","A","20150101","2015","52","2015","36","AUS","Australia","M","Import","376","ISR","Israel","0","W00","World","H4","HS","true","0901","Coffee, whether or not roasted or decaffeinated; husks and skins; coffee substitutes containing coffee in any proportion","4","false","C00","TOTAL CPC","0","0","TOTAL MOT","8","kg","1000","false","-1","N/A",,"false","1000","false",,"false",,"5874","5874","0","true","false",
"C","A","20150101","2015","52","2015","36","AUS","Australia","M","Import","380","ITA","Italy","0","W00","World","H4","HS","true","0901","Coffee, whether or not roasted or decaffeinated; husks and skins; coffee substitutes containing coffee in any proportion","4","false","C00","TOTAL CPC","0","0","TOTAL MOT","8","kg","6184797","false","-1","N/A",,"false","6184797","false",,"false",,"48331278","48331278","0","true","false",
"C","A","20150101","2015","52","2015","36","AUS","Australia","M","Import","388","JAM","Jamaica","0","W00","World","H4","HS","true","0901","Coffee, whether or not roasted or decaffeinated; husks and skins; coffee substitutes containing coffee in any proportion","4","false","C00","TOTAL CPC","0","0","TOTAL MOT","8","kg","2374","false","-1","N/A",,"false","2374","false",,"false",,"141215","141215","0","true","false",
"C","A","20150101","2015","52","2015","36","AUS","Australia","M","Import","392","JPN","Japan","0","W00","World","H4","HS","true","0901","Coffee, whether or not roasted or decaffeinated; husks and skins; coffee substitutes containing coffee in any proportion","4","false","C00","TOTAL CPC","0","0","TOTAL MOT","8","kg","15211","false","-1","N/A",,"false","15211","false",,"false",,"12436","12436","0","true","false",
"C","A","20150101","2015","52","2015","36","AUS","Australia","M","Import","400","JOR","Jordan","0","W00","World","H4","HS","true","0901","Coffee, whether or not roasted or decaffeinated; husks and skins; coffee substitutes containing coffee in any proportion","4","false","C00","TOTAL CPC","0","0","TOTAL MOT","8","kg","14848","false","-1","N/A",,"false","14848","false",,"false",,"138319","138319","0","true","false",
"C","A","20150101","2015","52","2015","36","AUS","Australia","M","Import","404","KEN","Kenya","0","W00","World","H4","HS","true","0901","Coffee, whether or not roasted or decaffeinated; husks and skins; coffee substitutes containing coffee in any proportion","4","false","C00","TOTAL CPC","0","0","TOTAL MOT","8","kg","1120268","false","-1","N/A",,"false","1120268","false",,"false",,"6636751","6636751","0","true","false",
"C","A","20150101","2015","52","2015","36","AUS","Australia","M","Import","410","KOR","Rep. of Korea","0","W00","World","H4","HS","true","0901","Coffee, whether or not roasted or decaffeinated; husks and skins; coffee substitutes containing coffee in any proportion","4","false","C00","TOTAL CPC","0","0","TOTAL MOT","8","kg","61487","false","-1","N/A",,"false","61487","false",,"false",,"296134","296134","0","true","false",
"C","A","20150101","2015","52","2015","36","AUS","Australia","M","Import","418","LAO","Lao People's Dem. Rep.","0","W00","World","H4","HS","true","0901","Coffee, whether or not roasted or decaffeinated; husks and skins; coffee substitutes containing coffee in any proportion","4","false","C00","TOTAL CPC","0","0","TOTAL MOT","8","kg","960","false","-1","N/A",,"false","960","false",,"false",,"3601","3601","0","true","false",
"C","A","20150101","2015","52","2015","36","AUS","Australia","M","Import","422","LBN","Lebanon","0","W00","World","H4","HS","true","0901","Coffee, whether or not roasted or decaffeinated; husks and skins; coffee substitutes containing coffee in any proportion","4","false","C00","TOTAL CPC","0","0","TOTAL MOT","8","kg","126279","false","-1","N/A",,"false","126279","false",,"false",,"411517","411517","0","true","false",
"C","A","20150101","2015","52","2015","36","AUS","Australia","M","Import","458","MYS","Malaysia","0","W00","World","H4","HS","true","0901","Coffee, whether or not roasted or decaffeinated; husks and skins; coffee substitutes containing coffee in any proportion","4","false","C00","TOTAL CPC","0","0","TOTAL MOT","8","kg","196370","false","-1","N/A",,"false","196370","false",,"false",,"328998","328998","0","true","false",
"C","A","20150101","2015","52","2015","36","AUS","Australia","M","Import","466","MLI","Mali","0","W00","World","H4","HS","true","0901","Coffee, whether or not roasted or decaffeinated; husks and skins; coffee substitutes containing coffee in any proportion","4","false","C00","TOTAL CPC","0","0","TOTAL MOT","8","kg","382","false","-1","N/A",,"false","382","false",,"false",,"5107","5107","0","true","false",
"C","A","20150101","2015","52","2015","36","AUS","Australia","M","Import","484","MEX","Mexico","0","W00","World","H4","HS","true","0901","Coffee, whether or not roasted or decaffeinated; husks and skins; coffee substitutes containing coffee in any proportion","4","false","C00","TOTAL CPC","0","0","TOTAL MOT","8","kg","1214846","false","-1","N/A",,"false","1214846","false",,"false",,"5069874","5069874","0","true","false",
"C","A","20150101","2015","52","2015","36","AUS","Australia","M","Import","490","S19","Other Asia, nes","0","W00","World","H4","HS","true","0901","Coffee, whether or not roasted or decaffeinated; husks and skins; coffee substitutes containing coffee in any proportion","4","false","C00","TOTAL CPC","0","0","TOTAL MOT","8","kg","144386","false","-1","N/A",,"false","144386","false",,"false",,"21054","21054","0","true","false",
"C","A","20150101","2015","52","2015","36","AUS","Australia","M","Import","524","NPL","Nepal","0","W00","World","H4","HS","true","0901","Coffee, whether or not roasted or decaffeinated; husks and skins; coffee substitutes containing coffee in any proportion","4","false","C00","TOTAL CPC","0","0","TOTAL MOT","8","kg","510","false","-1","N/A",,"false","510","false",,"false",,"4918","4918","0","true","false",
"C","A","20150101","2015","52","2015","36","AUS","Australia","M","Import","528","NLD","Netherlands","0","W00","World","H4","HS","true","0901","Coffee, whether or not roasted or decaffeinated; husks and skins; coffee substitutes containing coffee in any proportion","4","false","C00","TOTAL CPC","0","0","TOTAL MOT","8","kg","6155","false","-1","N/A",,"false","6155","false",,"false",,"40641","40641","0","true","false",
"C","A","20150101","2015","52","2015","36","AUS","Australia","M","Import","548","VUT","Vanuatu","0","W00","World","H4","HS","true","0901","Coffee, whether or not roasted or decaffeinated; husks and skins; coffee substitutes containing coffee in any proportion","4","false","C00","TOTAL CPC","0","0","TOTAL MOT","8","kg","19883","false","-1","N/A",,"false","19883","false",,"false",,"151504","151504","0","true","false",
"C","A","20150101","2015","52","2015","36","AUS","Australia","M","Import","554","NZL","New Zealand","0","W00","World","H4","HS","true","0901","Coffee, whether or not roasted or decaffeinated; husks and skins; coffee substitutes containing coffee in any proportion","4","false","C00","TOTAL CPC","0","0","TOTAL MOT","8","kg","268629","false","-1","N/A",,"false","268629","false",,"false",,"2317827","2317827","0","true","false",
"C","A","20150101","2015","52","2015","36","AUS","Australia","M","Import","558","NIC","Nicaragua","0","W00","World","H4","HS","true","0901","Coffee, whether or not roasted or decaffeinated; husks and skins; coffee substitutes containing coffee in any proportion","4","false","C00","TOTAL CPC","0","0","TOTAL MOT","8","kg","1623643","false","-1","N/A",,"false","1623643","false",,"false",,"7574568","7574568","0","true","false",
"C","A","20150101","2015","52","2015","36","AUS","Australia","M","Import","591","PAN","Panama","0","W00","World","H4","HS","true","0901","Coffee, whether or not roasted or decaffeinated; husks and skins; coffee substitutes containing coffee in any proportion","4","false","C00","TOTAL CPC","0","0","TOTAL MOT","8","kg","355403","false","-1","N/A",,"false","355403","false",,"false",,"2387250","2387250","0","true","false",
"C","A","20150101","2015","52","2015","36","AUS","Australia","M","Import","598","PNG","Papua New Guinea","0","W00","World","H4","HS","true","0901","Coffee, whether or not roasted or decaffeinated; husks and skins; coffee substitutes containing coffee in any proportion","4","false","C00","TOTAL CPC","0","0","TOTAL MOT","8","kg","7444162","false","-1","N/A",,"false","7444162","false",,"false",,"25429455","25429455","0","true","false",
"C","A","20150101","2015","52","2015","36","AUS","Australia","M","Import","604","PER","Peru","0","W00","World","H4","HS","true","0901","Coffee, whether or not roasted or decaffeinated; husks and skins; coffee substitutes containing coffee in any proportion","4","false","C00","TOTAL CPC","0","0","TOTAL MOT","8","kg","1293177","false","-1","N/A",,"false","1293177","false",,"false",,"5382618","5382618","0","true","false",
"C","A","20150101","2015","52","2015","36","AUS","Australia","M","Import","608","PHL","Philippines","0","W00","World","H4","HS","true","0901","Coffee, whether or not roasted or decaffeinated; husks and skins; coffee substitutes containing coffee in any proportion","4","false","C00","TOTAL CPC","0","0","TOTAL MOT","8","kg","50774","false","-1","N/A",,"false","50774","false",,"false",,"176301","176301","0","true","false",
"C","A","20150101","2015","52","2015","36","AUS","Australia","M","Import","612","PCN","Pitcairn","0","W00","World","H4","HS","true","0901","Coffee, whether or not roasted or decaffeinated; husks and skins; coffee substitutes containing coffee in any proportion","4","false","C00","TOTAL CPC","0","0","TOTAL MOT","8","kg","172022","false","-1","N/A",,"false","172022","false",,"false",,"521407","521407","0","true","false",
"C","A","20150101","2015","52","2015","36","AUS","Australia","M","Import","616","POL","Poland","0","W00","World","H4","HS","true","0901","Coffee, whether or not roasted or decaffeinated; husks and skins; coffee substitutes containing coffee in any proportion","4","false","C00","TOTAL CPC","0","0","TOTAL MOT","8","kg","18190","false","-1","N/A",,"false","18190","false",,"false",,"122061","122061","0","true","false",
"C","A","20150101","2015","52","2015","36","AUS","Australia","M","Import","620","PRT","Portugal","0","W00","World","H4","HS","true","0901","Coffee, whether or not roasted or decaffeinated; husks and skins; coffee substitutes containing coffee in any proportion","4","false","C00","TOTAL CPC","0","0","TOTAL MOT","8","kg","924","false","-1","N/A",,"false","924","false",,"false",,"7119","7119","0","true","false",
"C","A","20150101","2015","52","2015","36","AUS","Australia","M","Import","626","TLS","Timor-Leste","0","W00","World","H4","HS","true","0901","Coffee, whether or not roasted or decaffeinated; husks and skins; coffee substitutes containing coffee in any proportion","4","false","C00","TOTAL CPC","0","0","TOTAL MOT","8","kg","209332","false","-1","N/A",,"false","209332","false",,"false",,"755205","755205","0","true","false",
"C","A","20150101","2015","52","2015","36","AUS","Australia","M","Import","646","RWA","Rwanda","0","W00","World","H4","HS","true","0901","Coffee, whether or not roasted or decaffeinated; husks and skins; coffee substitutes containing coffee in any proportion","4","false","C00","TOTAL CPC","0","0","TOTAL MOT","8","kg","227347","false","-1","N/A",,"false","227347","false",,"false",,"1281786","1281786","0","true","false",
"C","A","20150101","2015","52","2015","36","AUS","Australia","M","Import","682","SAU","Saudi Arabia","0","W00","World","H4","HS","true","0901","Coffee, whether or not roasted or decaffeinated; husks and skins; coffee substitutes containing coffee in any proportion","4","false","C00","TOTAL CPC","0","0","TOTAL MOT","8","kg","280","false","-1","N/A",,"false","280","false",,"false",,"2166","2166","0","true","false",
"C","A","20150101","2015","52","2015","36","AUS","Australia","M","Import","688","SRB","Serbia","0","W00","World","H4","HS","true","0901","Coffee, whether or not roasted or decaffeinated; husks and skins; coffee substitutes containing coffee in any proportion","4","false","C00","TOTAL CPC","0","0","TOTAL MOT","8","kg","76352","false","-1","N/A",,"false","76352","false",,"false",,"120510","120510","0","true","false",
"C","A","20150101","2015","52","2015","36","AUS","Australia","M","Import","699","IND","India","0","W00","World","H4","HS","true","0901","Coffee, whether or not roasted or decaffeinated; husks and skins; coffee substitutes containing coffee in any proportion","4","false","C00","TOTAL CPC","0","0","TOTAL MOT","8","kg","6108031","false","-1","N/A",,"false","6108031","false",,"false",,"20101520","20101520","0","true","false",
"C","A","20150101","2015","52","2015","36","AUS","Australia","M","Import","702","SGP","Singapore","0","W00","World","H4","HS","true","0901","Coffee, whether or not roasted or decaffeinated; husks and skins; coffee substitutes containing coffee in any proportion","4","false","C00","TOTAL CPC","0","0","TOTAL MOT","8","kg","197314","false","-1","N/A",,"false","197314","false",,"false",,"819837","819837","0","true","false",
"C","A","20150101","2015","52","2015","36","AUS","Australia","M","Import","704","VNM","Viet Nam","0","W00","World","H4","HS","true","0901","Coffee, whether or not roasted or decaffeinated; husks and skins; coffee substitutes containing coffee in any proportion","4","false","C00","TOTAL CPC","0","0","TOTAL MOT","8","kg","13821591","false","-1","N/A",,"false","13821591","false",,"false",,"28426845","28426845","0","true","false",
"C","A","20150101","2015","52","2015","36","AUS","Australia","M","Import","705","SVN","Slovenia","0","W00","World","H4","HS","true","0901","Coffee, whether or not roasted or decaffeinated; husks and skins; coffee substitutes containing coffee in any proportion","4","false","C00","TOTAL CPC","0","0","TOTAL MOT","8","kg","16377","false","-1","N/A",,"false","16377","false",,"false",,"23036","23036","0","true","false",
"C","A","20150101","2015","52","2015","36","AUS","Australia","M","Import","710","ZAF","South Africa","0","W00","World","H4","HS","true","0901","Coffee, whether or not roasted or decaffeinated; husks and skins; coffee substitutes containing coffee in any proportion","4","false","C00","TOTAL CPC","0","0","TOTAL MOT","8","kg","15739","false","-1","N/A",,"false","15739","false",,"false",,"8802","8802","0","true","false",
"C","A","20150101","2015","52","2015","36","AUS","Australia","M","Import","716","ZWE","Zimbabwe","0","W00","World","H4","HS","true","0901","Coffee, whether or not roasted or decaffeinated; husks and skins; coffee substitutes containing coffee in any proportion","4","false","C00","TOTAL CPC","0","0","TOTAL MOT","8","kg","19426","false","-1","N/A",,"false","19426","false",,"false",,"91887","91887","0","true","false",
"C","A","20150101","2015","52","2015","36","AUS","Australia","M","Import","724","ESP","Spain","0","W00","World","H4","HS","true","0901","Coffee, whether or not roasted or decaffeinated; husks and skins; coffee substitutes containing coffee in any proportion","4","false","C00","TOTAL CPC","0","0","TOTAL MOT","8","kg","337505","false","-1","N/A",,"false","337505","false",,"false",,"1479486","1479486","0","true","false",
"C","A","20150101","2015","52","2015","36","AUS","Australia","M","Import","752","SWE","Sweden","0","W00","World","H4","HS","true","0901","Coffee, whether or not roasted or decaffeinated; husks and skins; coffee substitutes containing coffee in any proportion","4","false","C00","TOTAL CPC","0","0","TOTAL MOT","8","kg","2926","false","-1","N/A",,"false","2926","false",,"false",,"18003","18003","0","true","false",
"C","A","20150101","2015","52","2015","36","AUS","Australia","M","Import","757","CHE","Switzerland","0","W00","World","H4","HS","true","0901","Coffee, whether or not roasted or decaffeinated; husks and skins; coffee substitutes containing coffee in any proportion","4","false","C00","TOTAL CPC","0","0","TOTAL MOT","8","kg","4432293","false","-1","N/A",,"false","4432293","false",,"false",,"88674530","88674530","0","true","false",
"C","A","20150101","2015","52","2015","36","AUS","Australia","M","Import","760","SYR","Syria","0","W00","World","H4","HS","true","0901","Coffee, whether or not roasted or decaffeinated; husks and skins; coffee substitutes containing coffee in any proportion","4","false","C00","TOTAL CPC","0","0","TOTAL MOT","8","kg","18174","false","-1","N/A",,"false","18174","false",,"false",,"29776","29776","0","true","false",
"C","A","20150101","2015","52","2015","36","AUS","Australia","M","Import","764","THA","Thailand","0","W00","World","H4","HS","true","0901","Coffee, whether or not roasted or decaffeinated; husks and skins; coffee substitutes containing coffee in any proportion","4","false","C00","TOTAL CPC","0","0","TOTAL MOT","8","kg","42714","false","-1","N/A",,"false","42714","false",,"false",,"43020","43020","0","true","false",
"C","A","20150101","2015","52","2015","36","AUS","Australia","M","Import","784","ARE","United Arab Emirates","0","W00","World","H4","HS","true","0901","Coffee, whether or not roasted or decaffeinated; husks and skins; coffee substitutes containing coffee in any proportion","4","false","C00","TOTAL CPC","0","0","TOTAL MOT","8","kg","10336","false","-1","N/A",,"false","10336","false",,"false",,"31606","31606","0","true","false",
"C","A","20150101","2015","52","2015","36","AUS","Australia","M","Import","792","TUR","Türkiye","0","W00","World","H4","HS","true","0901","Coffee, whether or not roasted or decaffeinated; husks and skins; coffee substitutes containing coffee in any proportion","4","false","C00","TOTAL CPC","0","0","TOTAL MOT","8","kg","17202","false","-1","N/A",,"false","17202","false",,"false",,"83599","83599","0","true","false",
"C","A","20150101","2015","52","2015","36","AUS","Australia","M","Import","800","UGA","Uganda","0","W00","World","H4","HS","true","0901","Coffee, whether or not roasted or decaffeinated; husks and skins; coffee substitutes containing coffee in any proportion","4","false","C00","TOTAL CPC","0","0","TOTAL MOT","8","kg","468327","false","-1","N/A",,"false","468327","false",,"false",,"1408643","1408643","0","true","false",
"C","A","20150101","2015","52","2015","36","AUS","Australia","M","Import","807","MKD","North Macedonia","0","W00","World","H4","HS","true","0901","Coffee, whether or not roasted or decaffeinated; husks and skins; coffee substitutes containing coffee in any proportion","4","false","C00","TOTAL CPC","0","0","TOTAL MOT","8","kg","17509","false","-1","N/A",,"false","17509","false",,"false",,"104337","104337","0","true","false",
"C","A","20150101","2015","52","2015","36","AUS","Australia","M","Import","826","GBR","United Kingdom","0","W00","World","H4","HS","true","0901","Coffee, whether or not roasted or decaffeinated; husks and skins; coffee substitutes containing coffee in any proportion","4","false","C00","TOTAL CPC","0","0","TOTAL MOT","8","kg","905235","false","-1","N/A",,"false","905235","false",,"false",,"6370732","6370732","0","true","false",
"C","A","20150101","2015","52","2015","36","AUS","Australia","M","Import","834","TZA","United Rep. of Tanzania","0","W00","World","H4","HS","true","0901","Coffee, whether or not roasted or decaffeinated; husks and skins; coffee substitutes containing coffee in any proportion","4","false","C00","TOTAL CPC","0","0","TOTAL MOT","8","kg","416079","false","-1","N/A",,"false","416079","false",,"false",,"1630766","1630766","0","true","false",
"C","A","20150101","2015","52","2015","36","AUS","Australia","M","Import","842","USA","USA","0","W00","World","H4","HS","true","0901","Coffee, whether or not roasted or decaffeinated; husks and skins; coffee substitutes containing coffee in any proportion","4","false","C00","TOTAL CPC","0","0","TOTAL MOT","8","kg","617000","false","-1","N/A",,"false","617000","false",,"false",,"3163984","3163984","0","true","false",
"C","A","20150101","2015","52","2015","36","AUS","Australia","M","Import","887","YEM","Yemen","0","W00","World","H4","HS","true","0901","Coffee, whether or not roasted or decaffeinated; husks and skins; coffee substitutes containing coffee in any proportion","4","false","C00","TOTAL CPC","0","0","TOTAL MOT","8","kg","1025","false","-1","N/A",,"false","1025","false",,"false",,"14743","14743","0","true","false",
"C","A","20160101","2016","52","2016","36","AUS","Australia","M","Import","0","W00","World","0","W00","World","H4","HS","true","0901","Coffee, whether or not roasted or decaffeinated; husks and skins; coffee substitutes containing coffee in any proportion","4","false","C00","TOTAL CPC","0","0","TOTAL MOT","8","kg","99252333","false","-1","N/A",,"false","99252333","false",,"false",,"453150663","453150663","0","true","false",
"C","A","20160101","2016","52","2016","36","AUS","Australia","M","Import","40","AUT","Austria","0","W00","World","H4","HS","true","0901","Coffee, whether or not roasted or decaffeinated; husks and skins; coffee substitutes containing coffee in any proportion","4","false","C00","TOTAL CPC","0","0","TOTAL MOT","8","kg","5556","false","-1","N/A",,"false","5556","false",,"false",,"82125","82125","0","true","false",
"C","A","20160101","2016","52","2016","36","AUS","Australia","M","Import","56","BEL","Belgium","0","W00","World","H4","HS","true","0901","Coffee, whether or not roasted or decaffeinated; husks and skins; coffee substitutes containing coffee in any proportion","4","false","C00","TOTAL CPC","0","0","TOTAL MOT","8","kg","200637","false","-1","N/A",,"false","200637","false",,"false",,"798540","798540","0","true","false",
"C","A","20160101","2016","52","2016","36","AUS","Australia","M","Import","68","BOL","Bolivia (Plurinational State of)","0","W00","World","H4","HS","true","0901","Coffee, whether or not roasted or decaffeinated; husks and skins; coffee substitutes containing coffee in any proportion","4","false","C00","TOTAL CPC","0","0","TOTAL MOT","8","kg","1104","false","-1","N/A",,"false","1104","false",,"false",,"7287","7287","0","true","false",
"C","A","20160101","2016","52","2016","36","AUS","Australia","M","Import","70","BIH","Bosnia Herzegovina","0","W00","World","H4","HS","true","0901","Coffee, whether or not roasted or decaffeinated; husks and skins; coffee substitutes containing coffee in any proportion","4","false","C00","TOTAL CPC","0","0","TOTAL MOT","8","kg","302720","false","-1","N/A",,"false","302720","false",,"false",,"101008","101008","0","true","false",
"C","A","20160101","2016","52","2016","36","AUS","Australia","M","Import","76","BRA","Brazil","0","W00","World","H4","HS","true","0901","Coffee, whether or not roasted or decaffeinated; husks and skins; coffee substitutes containing coffee in any proportion","4","false","C00","TOTAL CPC","0","0","TOTAL MOT","8","kg","16359590","false","-1","N/A",,"false","16359590","false",,"false",,"55494594","55494594","0","true","false",
"C","A","20160101","2016","52","2016","36","AUS","Australia","M","Import","84","BLZ","Belize","0","W00","World","H4","HS","true","0901","Coffee, whether or not roasted or decaffeinated; husks and skins; coffee substitutes containing coffee in any proportion","4","false","C00","TOTAL CPC","0","0","TOTAL MOT","8","kg","360","false","-1","N/A",,"false","360","false",,"false",,"9558","9558","0","true","false",
"C","A","20160101","2016","52","2016","36","AUS","Australia","M","Import","104","MMR","Myanmar","0","W00","World","H4","HS","true","0901","Coffee, whether or not roasted or decaffeinated; husks and skins; coffee substitutes containing coffee in any proportion","4","false","C00","TOTAL CPC","0","0","TOTAL MOT","8","kg","10891","false","-1","N/A",,"false","10891","false",,"false",,"33679","33679","0","true","false",
"C","A","20160101","2016","52","2016","36","AUS","Australia","M","Import","108","BDI","Burundi","0","W00","World","H4","HS","true","0901","Coffee, whether or not roasted or decaffeinated; husks and skins; coffee substitutes containing coffee in any proportion","4","false","C00","TOTAL CPC","0","0","TOTAL MOT","8","kg","56588","false","-1","N/A",,"false","56588","false",,"false",,"363964","363964","0","true","false",
"C","A","20160101","2016","52","2016","36","AUS","Australia","M","Import","124","CAN","Canada","0","W00","World","H4","HS","true","0901","Coffee, whether or not roasted or decaffeinated; husks and skins; coffee substitutes containing coffee in any proportion","4","false","C00","TOTAL CPC","0","0","TOTAL MOT","8","kg","410235","false","-1","N/A",,"false","410235","false",,"false",,"2426149","2426149","0","true","false",
"C","A","20160101","2016","52","2016","36","AUS","Australia","M","Import","144","LKA","Sri Lanka","0","W00","World","H4","HS","true","0901","Coffee, whether or not roasted or decaffeinated; husks and skins; coffee substitutes containing coffee in any proportion","4","false","C00","TOTAL CPC","0","0","TOTAL MOT","8","kg","7309","false","-1","N/A",,"false","7309","false",,"false",,"11790","11790","0","true","false",
"C","A","20160101","2016","52","2016","36","AUS","Australia","M","Import","152","CHL","Chile","0","W00","World","H4","HS","true","0901","Coffee, whether or not roasted or decaffeinated; husks and skins; coffee substitutes containing coffee in any proportion","4","false","C00","TOTAL CPC","0","0","TOTAL MOT","8","kg","31247","false","-1","N/A",,"false","31247","false",,"false",,"174668","174668","0","true","false",
"C","A","20160101","2016","52","2016","36","AUS","Australia","M","Import","156","CHN","China","0","W00","World","H4","HS","true","0901","Coffee, whether or not roasted or decaffeinated; husks and skins; coffee substitutes containing coffee in any proportion","4","false","C00","TOTAL CPC","0","0","TOTAL MOT","8","kg","616091","false","-1","N/A",,"false","616091","false",,"false",,"2283747","2283747","0","true","false",
"C","A","20160101","2016","52","2016","36","AUS","Australia","M","Import","170","COL","Colombia","0","W00","World","H4","HS","true","0901","Coffee, whether or not roasted or decaffeinated; husks and skins; coffee substitutes containing coffee in any proportion","4","false","C00","TOTAL CPC","0","0","TOTAL MOT","8","kg","8220458","false","-1","N/A",,"false","8220458","false",,"false",,"32596411","32596411","0","true","false",
"C","A","20160101","2016","52","2016","36","AUS","Australia","M","Import","188","CRI","Costa Rica","0","W00","World","H4","HS","true","0901","Coffee, whether or not roasted or decaffeinated; husks and skins; coffee substitutes containing coffee in any proportion","4","false","C00","TOTAL CPC","0","0","TOTAL MOT","8","kg","2932438","false","-1","N/A",,"false","2932438","false",,"false",,"13065962","13065962","0","true","false",
"C","A","20160101","2016","52","2016","36","AUS","Australia","M","Import","191","HRV","Croatia","0","W00","World","H4","HS","true","0901","Coffee, whether or not roasted or decaffeinated; husks and skins; coffee substitutes containing coffee in any proportion","4","false","C00","TOTAL CPC","0","0","TOTAL MOT","8","kg","130468","false","-1","N/A",,"false","130468","false",,"false",,"110181","110181","0","true","false",
"C","A","20160101","2016","52","2016","36","AUS","Australia","M","Import","192","CUB","Cuba","0","W00","World","H4","HS","true","0901","Coffee, whether or not roasted or decaffeinated; husks and skins; coffee substitutes containing coffee in any proportion","4","false","C00","TOTAL CPC","0","0","TOTAL MOT","8","kg","88075","false","-1","N/A",,"false","88075","false",,"false",,"412111","412111","0","true","false",
"C","A","20160101","2016","52","2016","36","AUS","Australia","M","Import","196","CYP","Cyprus","0","W00","World","H4","HS","true","0901","Coffee, whether or not roasted or decaffeinated; husks and skins; coffee substitutes containing coffee in any proportion","4","false","C00","TOTAL CPC","0","0","TOTAL MOT","8","kg","13460","false","-1","N/A",,"false","13460","false",,"false",,"33562","33562","0","true","false",
"C","A","20160101","2016","52","2016","36","AUS","Australia","M","Import","218","ECU","Ecuador","0","W00","World","H4","HS","true","0901","Coffee, whether or not roasted or decaffeinated; husks and skins; coffee substitutes containing coffee in any proportion","4","false","C00","TOTAL CPC","0","0","TOTAL MOT","8","kg","16931","false","-1","N/A",,"false","16931","false",,"false",,"162341","162341","0","true","false",
"C","A","20160101","2016","52","2016","36","AUS","Australia","M","Import","222","SLV","El Salvador","0","W00","World","H4","HS","true","0901","Coffee, whether or not roasted or decaffeinated; husks and skins; coffee substitutes containing coffee in any proportion","4","false","C00","TOTAL CPC","0","0","TOTAL MOT","8","kg","463971","false","-1","N/A",,"false","463971","false",,"false",,"2440579","2440579","0","true","false",
"C","A","20160101","2016","52","2016","36","AUS","Australia","M","Import","226","GNQ","Equatorial Guinea","0","W00","World","H4","HS","true","0901","Coffee, whether or not roasted or decaffeinated; husks and skins; coffee substitutes containing coffee in any proportion","4","false","C00","TOTAL CPC","0","0","TOTAL MOT","8","kg","850","false","-1","N/A",,"false","850","false",,"false",,"9390","9390","0","true","false",
"C","A","20160101","2016","52","2016","36","AUS","Australia","M","Import","231","ETH","Ethiopia","0","W00","World","H4","HS","true","0901","Coffee, whether or not roasted or decaffeinated; husks and skins; coffee substitutes containing coffee in any proportion","4","false","C00","TOTAL CPC","0","0","TOTAL MOT","8","kg","3692113","false","-1","N/A",,"false","3692113","false",,"false",,"17225351","17225351","0","true","false",
"C","A","20160101","2016","52","2016","36","AUS","Australia","M","Import","246","FIN","Finland","0","W00","World","H4","HS","true","0901","Coffee, whether or not roasted or decaffeinated; husks and skins; coffee substitutes containing coffee in any proportion","4","false","C00","TOTAL CPC","0","0","TOTAL MOT","8","kg","791","false","-1","N/A",,"false","791","false",,"false",,"5196","5196","0","true","false",
"C","A","20160101","2016","52","2016","36","AUS","Australia","M","Import","251","FRA","France","0","W00","World","H4","HS","true","0901","Coffee, whether or not roasted or decaffeinated; husks and skins; coffee substitutes containing coffee in any proportion","4","false","C00","TOTAL CPC","0","0","TOTAL MOT","8","kg","494729","false","-1","N/A",,"false","494729","false",,"false",,"3650697","3650697","0","true","false",
"C","A","20160101","2016","52","2016","36","AUS","Australia","M","Import","262","DJI","Djibouti","0","W00","World","H4","HS","true","0901","Coffee, whether or not roasted or decaffeinated; husks and skins; coffee substitutes containing coffee in any proportion","4","false","C00","TOTAL CPC","0","0","TOTAL MOT","8","kg","169507","false","-1","N/A",,"false","169507","false",,"false",,"828575","828575","0","true","false",
"C","A","20160101","2016","52","2016","36","AUS","Australia","M","Import","276","DEU","Germany","0","W00","World","H4","HS","true","0901","Coffee, whether or not roasted or decaffeinated; husks and skins; coffee substitutes containing coffee in any proportion","4","false","C00","TOTAL CPC","0","0","TOTAL MOT","8","kg","4941806","false","-1","N/A",,"false","4941806","false",,"false",,"32763765","32763765","0","true","false",
"C","A","20160101","2016","52","2016","36","AUS","Australia","M","Import","300","GRC","Greece","0","W00","World","H4","HS","true","0901","Coffee, whether or not roasted or decaffeinated; husks and skins; coffee substitutes containing coffee in any proportion","4","false","C00","TOTAL CPC","0","0","TOTAL MOT","8","kg","29164","false","-1","N/A",,"false","29164","false",,"false",,"263097","263097","0","true","false",
"C","A","20160101","2016","52","2016","36","AUS","Australia","M","Import","320","GTM","Guatemala","0","W00","World","H4","HS","true","0901","Coffee, whether or not roasted or decaffeinated; husks and skins; coffee substitutes containing coffee in any proportion","4","false","C00","TOTAL CPC","0","0","TOTAL MOT","8","kg","1517544","false","-1","N/A",,"false","1517544","false",,"false",,"7562912","7562912","0","true","false",
"C","A","20160101","2016","52","2016","36","AUS","Australia","M","Import","340","HND","Honduras","0","W00","World","H4","HS","true","0901","Coffee, whether or not roasted or decaffeinated; husks and skins; coffee substitutes containing coffee in any proportion","4","false","C00","TOTAL CPC","0","0","TOTAL MOT","8","kg","3336111","false","-1","N/A",,"false","3336111","false",,"false",,"10914403","10914403","0","true","false",
"C","A","20160101","2016","52","2016","36","AUS","Australia","M","Import","344","HKG","China, Hong Kong SAR","0","W00","World","H4","HS","true","0901","Coffee, whether or not roasted or decaffeinated; husks and skins; coffee substitutes containing coffee in any proportion","4","false","C00","TOTAL CPC","0","0","TOTAL MOT","8","kg","5461","false","-1","N/A",,"false","5461","false",,"false",,"4414","4414","0","true","false",
"C","A","20160101","2016","52","2016","36","AUS","Australia","M","Import","360","IDN","Indonesia","0","W00","World","H4","HS","true","0901","Coffee, whether or not roasted or decaffeinated; husks and skins; coffee substitutes containing coffee in any proportion","4","false","C00","TOTAL CPC","0","0","TOTAL MOT","8","kg","5299984","false","-1","N/A",,"false","5299984","false",,"false",,"17457955","17457955","0","true","false",
"C","A","20160101","2016","52","2016","36","AUS","Australia","M","Import","376","ISR","Israel","0","W00","World","H4","HS","true","0901","Coffee, whether or not roasted or decaffeinated; husks and skins; coffee substitutes containing coffee in any proportion","4","false","C00","TOTAL CPC","0","0","TOTAL MOT","8","kg","370","false","-1","N/A",,"false","370","false",,"false",,"4246","4246","0","true","false",
"C","A","20160101","2016","52","2016","36","AUS","Australia","M","Import","380","ITA","Italy","0","W00","World","H4","HS","true","0901","Coffee, whether or not roasted or decaffeinated; husks and skins; coffee substitutes containing coffee in any proportion","4","false","C00","TOTAL CPC","0","0","TOTAL MOT","8","kg","5617104","false","-1","N/A",,"false","5617104","false",,"false",,"41115169","41115169","0","true","false",
"C","A","20160101","2016","52","2016","36","AUS","Australia","M","Import","388","JAM","Jamaica","0","W00","World","H4","HS","true","0901","Coffee, whether or not roasted or decaffeinated; husks and skins; coffee substitutes containing coffee in any proportion","4","false","C00","TOTAL CPC","0","0","TOTAL MOT","8","kg","1419","false","-1","N/A",,"false","1419","false",,"false",,"86213","86213","0","true","false",
"C","A","20160101","2016","52","2016","36","AUS","Australia","M","Import","392","JPN","Japan","0","W00","World","H4","HS","true","0901","Coffee, whether or not roasted or decaffeinated; husks and skins; coffee substitutes containing coffee in any proportion","4","false","C00","TOTAL CPC","0","0","TOTAL MOT","8","kg","1065","false","-1","N/A",,"false","1065","false",,"false",,"10399","10399","0","true","false",
"C","A","20160101","2016","52","2016","36","AUS","Australia","M","Import","400","JOR","Jordan","0","W00","World","H4","HS","true","0901","Coffee, whether or not roasted or decaffeinated; husks and skins; coffee substitutes containing coffee in any proportion","4","false","C00","TOTAL CPC","0","0","TOTAL MOT","8","kg","30901","false","-1","N/A",,"false","30901","false",,"false",,"282286","282286","0","true","false",
"C","A","20160101","2016","52","2016","36","AUS","Australia","M","Import","404","KEN","Kenya","0","W00","World","H4","HS","true","0901","Coffee, whether or not roasted or decaffeinated; husks and skins; coffee substitutes containing coffee in any proportion","4","false","C00","TOTAL CPC","0","0","TOTAL MOT","8","kg","1069295","false","-1","N/A",,"false","1069295","false",,"false",,"6218660","6218660","0","true","false",
"C","A","20160101","2016","52","2016","36","AUS","Australia","M","Import","410","KOR","Rep. of Korea","0","W00","World","H4","HS","true","0901","Coffee, whether or not roasted or decaffeinated; husks and skins; coffee substitutes containing coffee in any proportion","4","false","C00","TOTAL CPC","0","0","TOTAL MOT","8","kg","27187","false","-1","N/A",,"false","27187","false",,"false",,"144689","144689","0","true","false",
"C","A","20160101","2016","52","2016","36","AUS","Australia","M","Import","422","LBN","Lebanon","0","W00","World","H4","HS","true","0901","Coffee, whether or not roasted or decaffeinated; husks and skins; coffee substitutes containing coffee in any proportion","4","false","C00","TOTAL CPC","0","0","TOTAL MOT","8","kg","74806","false","-1","N/A",,"false","74806","false",,"false",,"484834","484834","0","true","false",
"C","A","20160101","2016","52","2016","36","AUS","Australia","M","Import","458","MYS","Malaysia","0","W00","World","H4","HS","true","0901","Coffee, whether or not roasted or decaffeinated; husks and skins; coffee substitutes containing coffee in any proportion","4","false","C00","TOTAL CPC","0","0","TOTAL MOT","8","kg","118391","false","-1","N/A",,"false","118391","false",,"false",,"275533","275533","0","true","false",
"C","A","20160101","2016","52","2016","36","AUS","Australia","M","Import","484","MEX","Mexico","0","W00","World","H4","HS","true","0901","Coffee, whether or not roasted or decaffeinated; husks and skins; coffee substitutes containing coffee in any proportion","4","false","C00","TOTAL CPC","0","0","TOTAL MOT","8","kg","1197562","false","-1","N/A",,"false","1197562","false",,"false",,"4841904","4841904","0","true","false",
"C","A","20160101","2016","52","2016","36","AUS","Australia","M","Import","490","S19","Other Asia, nes","0","W00","World","H4","HS","true","0901","Coffee, whether or not roasted or decaffeinated; husks and skins; coffee substitutes containing coffee in any proportion","4","false","C00","TOTAL CPC","0","0","TOTAL MOT","8","kg","136697","false","-1","N/A",,"false","136697","false",,"false",,"20909","20909","0","true","false",
"C","A","20160101","2016","52","2016","36","AUS","Australia","M","Import","524","NPL","Nepal","0","W00","World","H4","HS","true","0901","Coffee, whether or not roasted or decaffeinated; husks and skins; coffee substitutes containing coffee in any proportion","4","false","C00","TOTAL CPC","0","0","TOTAL MOT","8","kg","760","false","-1","N/A",,"false","760","false",,"false",,"101797","101797","0","true","false",
"C","A","20160101","2016","52","2016","36","AUS","Australia","M","Import","528","NLD","Netherlands","0","W00","World","H4","HS","true","0901","Coffee, whether or not roasted or decaffeinated; husks and skins; coffee substitutes containing coffee in any proportion","4","false","C00","TOTAL CPC","0","0","TOTAL MOT","8","kg","367432","false","-1","N/A",,"false","367432","false",,"false",,"2823802","2823802","0","true","false",
"C","A","20160101","2016","52","2016","36","AUS","Australia","M","Import","548","VUT","Vanuatu","0","W00","World","H4","HS","true","0901","Coffee, whether or not roasted or decaffeinated; husks and skins; coffee substitutes containing coffee in any proportion","4","false","C00","TOTAL CPC","0","0","TOTAL MOT","8","kg","1980","false","-1","N/A",,"false","1980","false",,"false",,"29327","29327","0","true","false",
"C","A","20160101","2016","52","2016","36","AUS","Australia","M","Import","554","NZL","New Zealand","0","W00","World","H4","HS","true","0901","Coffee, whether or not roasted or decaffeinated; husks and skins; coffee substitutes containing coffee in any proportion","4","false","C00","TOTAL CPC","0","0","TOTAL MOT","8","kg","256503","false","-1","N/A",,"false","256503","false",,"false",,"2100099","2100099","0","true","false",
"C","A","20160101","2016","52","2016","36","AUS","Australia","M","Import","558","NIC","Nicaragua","0","W00","World","H4","HS","true","0901","Coffee, whether or not roasted or decaffeinated; husks and skins; coffee substitutes containing coffee in any proportion","4","false","C00","TOTAL CPC","0","0","TOTAL MOT","8","kg","1847012","false","-1","N/A",,"false","1847012","false",,"false",,"8317216","8317216","0","true","false",
"C","A","20160101","2016","52","2016","36","AUS","Australia","M","Import","591","PAN","Panama","0","W00","World","H4","HS","true","0901","Coffee, whether or not roasted or decaffeinated; husks and skins; coffee substitutes containing coffee in any proportion","4","false","C00","TOTAL CPC","0","0","TOTAL MOT","8","kg","260502","false","-1","N/A",,"false","260502","false",,"false",,"1982803","1982803","0","true","false",
"C","A","20160101","2016","52","2016","36","AUS","Australia","M","Import","598","PNG","Papua New Guinea","0","W00","World","H4","HS","true","0901","Coffee, whether or not roasted or decaffeinated; husks and skins; coffee substitutes containing coffee in any proportion","4","false","C00","TOTAL CPC","0","0","TOTAL MOT","8","kg","8576476","false","-1","N/A",,"false","8576476","false",,"false",,"28050883","28050883","0","true","false",
"C","A","20160101","2016","52","2016","36","AUS","Australia","M","Import","604","PER","Peru","0","W00","World","H4","HS","true","0901","Coffee, whether or not roasted or decaffeinated; husks and skins; coffee substitutes containing coffee in any proportion","4","false","C00","TOTAL CPC","0","0","TOTAL MOT","8","kg","1759702","false","-1","N/A",,"false","1759702","false",,"false",,"6592857","6592857","0","true","false",
"C","A","20160101","2016","52","2016","36","AUS","Australia","M","Import","608","PHL","Philippines","0","W00","World","H4","HS","true","0901","Coffee, whether or not roasted or decaffeinated; husks and skins; coffee substitutes containing coffee in any proportion","4","false","C00","TOTAL CPC","0","0","TOTAL MOT","8","kg","24412","false","-1","N/A",,"false","24412","false",,"false",,"123071","123071","0","true","false",
"C","A","20160101","2016","52","2016","36","AUS","Australia","M","Import","616","POL","Poland","0","W00","World","H4","HS","true","0901","Coffee, whether or not roasted or decaffeinated; husks and skins; coffee substitutes containing coffee in any proportion","4","false","C00","TOTAL CPC","0","0","TOTAL MOT","8","kg","15878","false","-1","N/A",,"false","15878","false",,"false",,"116688","116688","0","true","false",
"C","A","20160101","2016","52","2016","36","AUS","Australia","M","Import","620","PRT","Portugal","0","W00","World","H4","HS","true","0901","Coffee, whether or not roasted or decaffeinated; husks and skins; coffee substitutes containing coffee in any proportion","4","false","C00","TOTAL CPC","0","0","TOTAL MOT","8","kg","1764","false","-1","N/A",,"false","1764","false",,"false",,"20974","20974","0","true","false",
"C","A","20160101","2016","52","2016","36","AUS","Australia","M","Import","626","TLS","Timor-Leste","0","W00","World","H4","HS","true","0901","Coffee, whether or not roasted or decaffeinated; husks and skins; coffee substitutes containing coffee in any proportion","4","false","C00","TOTAL CPC","0","0","TOTAL MOT","8","kg","162394","false","-1","N/A",,"false","162394","false",,"false",,"691831","691831","0","true","false",
"C","A","20160101","2016","52","2016","36","AUS","Australia","M","Import","646","RWA","Rwanda","0","W00","World","H4","HS","true","0901","Coffee, whether or not roasted or decaffeinated; husks and skins; coffee substitutes containing coffee in any proportion","4","false","C00","TOTAL CPC","0","0","TOTAL MOT","8","kg","202388","false","-1","N/A",,"false","202388","false",,"false",,"1123999","1123999","0","true","false",
"C","A","20160101","2016","52","2016","36","AUS","Australia","M","Import","682","SAU","Saudi Arabia","0","W00","World","H4","HS","true","0901","Coffee, whether or not roasted or decaffeinated; husks and skins; coffee substitutes containing coffee in any proportion","4","false","C00","TOTAL CPC","0","0","TOTAL MOT","8","kg","450","false","-1","N/A",,"false","450","false",,"false",,"3276","3276","0","true","false",
"C","A","20160101","2016","52","2016","36","AUS","Australia","M","Import","688","SRB","Serbia","0","W00","World","H4","HS","true","0901","Coffee, whether or not roasted or decaffeinated; husks and skins; coffee substitutes containing coffee in any proportion","4","false","C00","TOTAL CPC","0","0","TOTAL MOT","8","kg","118566","false","-1","N/A",,"false","118566","false",,"false",,"190179","190179","0","true","false",
"C","A","20160101","2016","52","2016","36","AUS","Australia","M","Import","699","IND","India","0","W00","World","H4","HS","true","0901","Coffee, whether or not roasted or decaffeinated; husks and skins; coffee substitutes containing coffee in any proportion","4","false","C00","TOTAL CPC","0","0","TOTAL MOT","8","kg","5397306","false","-1","N/A",,"false","5397306","false",,"false",,"15151084","15151084","0","true","false",
"C","A","20160101","2016","52","2016","36","AUS","Australia","M","Import","702","SGP","Singapore","0","W00","World","H4","HS","true","0901","Coffee, whether or not roasted or decaffeinated; husks and skins; coffee substitutes containing coffee in any proportion","4","false","C00","TOTAL CPC","0","0","TOTAL MOT","8","kg","124006","false","-1","N/A",,"false","124006","false",,"false",,"450600","450600","0","true","false",
"C","A","20160101","2016","52","2016","36","AUS","Australia","M","Import","704","VNM","Viet Nam","0","W00","World","H4","HS","true","0901","Coffee, whether or not roasted or decaffeinated; husks and skins; coffee substitutes containing coffee in any proportion","4","false","C00","TOTAL CPC","0","0","TOTAL MOT","8","kg","15640591","false","-1","N/A",,"false","15640591","false",,"false",,"28380820","28380820","0","true","false",
"C","A","20160101","2016","52","2016","36","AUS","Australia","M","Import","705","SVN","Slovenia","0","W00","World","H4","HS","true","0901","Coffee, whether or not roasted or decaffeinated; husks and skins; coffee substitutes containing coffee in any proportion","4","false","C00","TOTAL CPC","0","0","TOTAL MOT","8","kg","28293","false","-1","N/A",,"false","28293","false",,"false",,"25311","25311","0","true","false",
"C","A","20160101","2016","52","2016","36","AUS","Australia","M","Import","710","ZAF","South Africa","0","W00","World","H4","HS","true","0901","Coffee, whether or not roasted or decaffeinated; husks and skins; coffee substitutes containing coffee in any proportion","4","false","C00","TOTAL CPC","0","0","TOTAL MOT","8","kg","18891","false","-1","N/A",,"false","18891","false",,"false",,"282075","282075","0","true","false",
"C","A","20160101","2016","52","2016","36","AUS","Australia","M","Import","724","ESP","Spain","0","W00","World","H4","HS","true","0901","Coffee, whether or not roasted or decaffeinated; husks and skins; coffee substitutes containing coffee in any proportion","4","false","C00","TOTAL CPC","0","0","TOTAL MOT","8","kg","377117","false","-1","N/A",,"false","377117","false",,"false",,"2010224","2010224","0","true","false",
"C","A","20160101","2016","52","2016","36","AUS","Australia","M","Import","752","SWE","Sweden","0","W00","World","H4","HS","true","0901","Coffee, whether or not roasted or decaffeinated; husks and skins; coffee substitutes containing coffee in any proportion","4","false","C00","TOTAL CPC","0","0","TOTAL MOT","8","kg","16919","false","-1","N/A",,"false","16919","false",,"false",,"37596","37596","0","true","false",
"C","A","20160101","2016","52","2016","36","AUS","Australia","M","Import","757","CHE","Switzerland","0","W00","World","H4","HS","true","0901","Coffee, whether or not roasted or decaffeinated; husks and skins; coffee substitutes containing coffee in any proportion","4","false","C00","TOTAL CPC","0","0","TOTAL MOT","8","kg","4043074","false","-1","N/A",,"false","4043074","false",,"false",,"89852334","89852334","0","true","false",
"C","A","20160101","2016","52","2016","36","AUS","Australia","M","Import","764","THA","Thailand","0","W00","World","H4","HS","true","0901","Coffee, whether or not roasted or decaffeinated; husks and skins; coffee substitutes containing coffee in any proportion","4","false","C00","TOTAL CPC","0","0","TOTAL MOT","8","kg","19951","false","-1","N/A",,"false","19951","false",,"false",,"40496","40496","0","true","false",
"C","A","20160101","2016","52","2016","36","AUS","Australia","M","Import","784","ARE","United Arab Emirates","0","W00","World","H4","HS","true","0901","Coffee, whether or not roasted or decaffeinated; husks and skins; coffee substitutes containing coffee in any proportion","4","false","C00","TOTAL CPC","0","0","TOTAL MOT","8","kg","884","false","-1","N/A",,"false","884","false",,"false",,"11004","11004","0","true","false",
"C","A","20160101","2016","52","2016","36","AUS","Australia","M","Import","792","TUR","Türkiye","0","W00","World","H4","HS","true","0901","Coffee, whether or not roasted or decaffeinated; husks and skins; coffee substitutes containing coffee in any proportion","4","false","C00","TOTAL CPC","0","0","TOTAL MOT","8","kg","25887","false","-1","N/A",,"false","25887","false",,"false",,"38540","38540","0","true","false",
"C","A","20160101","2016","52","2016","36","AUS","Australia","M","Import","800","UGA","Uganda","0","W00","World","H4","HS","true","0901","Coffee, whether or not roasted or decaffeinated; husks and skins; coffee substitutes containing coffee in any proportion","4","false","C00","TOTAL CPC","0","0","TOTAL MOT","8","kg","253552","false","-1","N/A",,"false","253552","false",,"false",,"629359","629359","0","true","false",
"C","A","20160101","2016","52","2016","36","AUS","Australia","M","Import","807","MKD","North Macedonia","0","W00","World","H4","HS","true","0901","Coffee, whether or not roasted or decaffeinated; husks and skins; coffee substitutes containing coffee in any proportion","4","false","C00","TOTAL CPC","0","0","TOTAL MOT","8","kg","16881","false","-1","N/A",,"false","16881","false",,"false",,"103109","103109","0","true","false",
"C","A","20160101","2016","52","2016","36","AUS","Australia","M","Import","826","GBR","United Kingdom","0","W00","World","H4","HS","true","0901","Coffee, whether or not roasted or decaffeinated; husks and skins; coffee substitutes containing coffee in any proportion","4","false","C00","TOTAL CPC","0","0","TOTAL MOT","8","kg","754990","false","-1","N/A",,"false","754990","false",,"false",,"4932028","4932028","0","true","false",
"C","A","20160101","2016","52","2016","36","AUS","Australia","M","Import","834","TZA","United Rep. of Tanzania","0","W00","World","H4","HS","true","0901","Coffee, whether or not roasted or decaffeinated; husks and skins; coffee substitutes containing coffee in any proportion","4","false","C00","TOTAL CPC","0","0","TOTAL MOT","8","kg","784355","false","-1","N/A",,"false","784355","false",,"false",,"1993451","1993451","0","true","false",
"C","A","20160101","2016","52","2016","36","AUS","Australia","M","Import","842","USA","USA","0","W00","World","H4","HS","true","0901","Coffee, whether or not roasted or decaffeinated; husks and skins; coffee substitutes containing coffee in any proportion","4","false","C00","TOTAL CPC","0","0","TOTAL MOT","8","kg","509307","false","-1","N/A",,"false","509307","false",,"false",,"2093546","2093546","0","true","false",
"C","A","20160101","2016","52","2016","36","AUS","Australia","M","Import","887","YEM","Yemen","0","W00","World","H4","HS","true","0901","Coffee, whether or not roasted or decaffeinated; husks and skins; coffee substitutes containing coffee in any proportion","4","false","C00","TOTAL CPC","0","0","TOTAL MOT","8","kg","1025","false","-1","N/A",,"false","1025","false",,"false",,"15497","15497","0","true","false",
"C","A","20160101","2016","52","2016","36","AUS","Australia","M","Import","894","ZMB","Zambia","0","W00","World","H4","HS","true","0901","Coffee, whether or not roasted or decaffeinated; husks and skins; coffee substitutes containing coffee in any proportion","4","false","C00","TOTAL CPC","0","0","TOTAL MOT","8","kg","12100","false","-1","N/A",,"false","12100","false",,"false",,"55934","55934","0","true","false",
"C","A","20170101","2017","52","2017","36","AUS","Australia","M","Import","0","W00","World","0","W00","World","H5","HS","true","0901","Coffee, whether or not roasted or decaffeinated; husks and skins; coffee substitutes containing coffee in any proportion","4","false","C00","TOTAL CPC","0","0","TOTAL MOT","8","kg","103354798.991","true","-1","N/A","0","false","103354798.991","true","0","false","517435457.64","503520325.939","517435457.64","6","false","true",
"C","A","20170101","2017","52","2017","36","AUS","Australia","M","Import","8","ALB","Albania","0","W00","World","H5","HS","true","0901","Coffee, whether or not roasted or decaffeinated; husks and skins; coffee substitutes containing coffee in any proportion","4","false","C00","TOTAL CPC","0","0","TOTAL MOT","8","kg","7820","false","8","kg","7820","false","7820","false","8470","false","74200.765","72392.783","74200.765","0","false","true",
"C","A","20170101","2017","52","2017","36","AUS","Australia","M","Import","36","AUS","Australia","0","W00","World","H5","HS","true","0901","Coffee, whether or not roasted or decaffeinated; husks and skins; coffee substitutes containing coffee in any proportion","4","false","C00","TOTAL CPC","0","0","TOTAL MOT","8","kg","9521.9","false","8","kg","9521.9","false","9521.9","false","0","false","116997.805","110355.816","116997.805","0","false","true",
"C","A","20170101","2017","52","2017","36","AUS","Australia","M","Import","40","AUT","Austria","0","W00","World","H5","HS","true","0901","Coffee, whether or not roasted or decaffeinated; husks and skins; coffee substitutes containing coffee in any proportion","4","false","C00","TOTAL CPC","0","0","TOTAL MOT","8","kg","2988.5","false","8","kg","2988.5","false","2988.5","false","0","false","53033.93","51751.034","53033.93","0","false","true",
"C","A","20170101","2017","52","2017","36","AUS","Australia","M","Import","44","BHS","Bahamas","0","W00","World","H5","HS","true","0901","Coffee, whether or not roasted or decaffeinated; husks and skins; coffee substitutes containing coffee in any proportion","4","false","C00","TOTAL CPC","0","0","TOTAL MOT","8","kg","1745","false","8","kg","1745","false","1745","false","1745","false","9859.208","9539.264","9859.208","0","false","true",
"C","A","20170101","2017","52","2017","36","AUS","Australia","M","Import","56","BEL","Belgium","0","W00","World","H5","HS","true","0901","Coffee, whether or not roasted or decaffeinated; husks and skins; coffee substitutes containing coffee in any proportion","4","false","C00","TOTAL CPC","0","0","TOTAL MOT","8","kg","190596.29","false","8","kg","190596.29","false","190596.29","false","204072.5","false","919165.441","886937.211","919165.441","0","false","true",
"C","A","20170101","2017","52","2017","36","AUS","Australia","M","Import","68","BOL","Bolivia (Plurinational State of)","0","W00","World","H5","HS","true","0901","Coffee, whether or not roasted or decaffeinated; husks and skins; coffee substitutes containing coffee in any proportion","4","false","C00","TOTAL CPC","0","0","TOTAL MOT","8","kg","150","false","8","kg","150","false","150","false","158.5","false","8507.51","7402.597","8507.51","0","false","true",
"C","A","20170101","2017","52","2017","36","AUS","Australia","M","Import","70","BIH","Bosnia Herzegovina","0","W00","World","H5","HS","true","0901","Coffee, whether or not roasted or decaffeinated; husks and skins; coffee substitutes containing coffee in any proportion","4","false","C00","TOTAL CPC","0","0","TOTAL MOT","8","kg","16158","false","8","kg","16158","false","16158","false","0","false","95313.896","88739.613","95313.896","0","false","true",
"C","A","20170101","2017","52","2017","36","AUS","Australia","M","Import","76","BRA","Brazil","0","W00","World","H5","HS","true","0901","Coffee, whether or not roasted or decaffeinated; husks and skins; coffee substitutes containing coffee in any proportion","4","false","C00","TOTAL CPC","0","0","TOTAL MOT","8","kg","18718903.8","false","8","kg","18718903.8","false","18718903.8","false","0","false","62485309.595","60634419.697","62485309.595","0","false","true",
"C","A","20170101","2017","52","2017","36","AUS","Australia","M","Import","104","MMR","Myanmar","0","W00","World","H5","HS","true","0901","Coffee, whether or not roasted or decaffeinated; husks and skins; coffee substitutes containing coffee in any proportion","4","false","C00","TOTAL CPC","0","0","TOTAL MOT","8","kg","6527","false","8","kg","6527","false","6527","false","23985.69","false","48048.792","45542.072","48048.792","0","false","true",
"C","A","20170101","2017","52","2017","36","AUS","Australia","M","Import","108","BDI","Burundi","0","W00","World","H5","HS","true","0901","Coffee, whether or not roasted or decaffeinated; husks and skins; coffee substitutes containing coffee in any proportion","4","false","C00","TOTAL CPC","0","0","TOTAL MOT","8","kg","10975","false","8","kg","10975","false","10975","false","11171","false","101469.613","86035.994","101469.613","0","false","true",
"C","A","20170101","2017","52","2017","36","AUS","Australia","M","Import","124","CAN","Canada","0","W00","World","H5","HS","true","0901","Coffee, whether or not roasted or decaffeinated; husks and skins; coffee substitutes containing coffee in any proportion","4","false","C00","TOTAL CPC","0","0","TOTAL MOT","8","kg","440996.2","false","8","kg","440996.2","false","440996.2","false","445469","false","2589354.758","2539688.504","2589354.758","0","false","true",
"C","A","20170101","2017","52","2017","36","AUS","Australia","M","Import","144","LKA","Sri Lanka","0","W00","World","H5","HS","true","0901","Coffee, whether or not roasted or decaffeinated; husks and skins; coffee substitutes containing coffee in any proportion","4","false","C00","TOTAL CPC","0","0","TOTAL MOT","8","kg","1718","false","8","kg","1718","false","1718","false","0","false","24064.51","23493.785","24064.51","0","false","true",
"C","A","20170101","2017","52","2017","36","AUS","Australia","M","Import","152","CHL","Chile","0","W00","World","H5","HS","true","0901","Coffee, whether or not roasted or decaffeinated; husks and skins; coffee substitutes containing coffee in any proportion","4","false","C00","TOTAL CPC","0","0","TOTAL MOT","8","kg","18515","false","8","kg","18515","false","18515","false","18630","false","211527.131","209130.152","211527.131","0","false","true",
"C","A","20170101","2017","52","2017","36","AUS","Australia","M","Import","156","CHN","China","0","W00","World","H5","HS","true","0901","Coffee, whether or not roasted or decaffeinated; husks and skins; coffee substitutes containing coffee in any proportion","4","false","C00","TOTAL CPC","0","0","TOTAL MOT","8","kg","712095.03","false","8","kg","712095.03","false","712095.03","false","0","false","2491783.221","2442939.783","2491783.221","0","false","true",
"C","A","20170101","2017","52","2017","36","AUS","Australia","M","Import","170","COL","Colombia","0","W00","World","H5","HS","true","0901","Coffee, whether or not roasted or decaffeinated; husks and skins; coffee substitutes containing coffee in any proportion","4","false","C00","TOTAL CPC","0","0","TOTAL MOT","8","kg","10556036.34","false","8","kg","10556036.34","false","10556036.34","false","0","false","44231783.262","42638218.595","44231783.262","0","false","true",
"C","A","20170101","2017","52","2017","36","AUS","Australia","M","Import","178","COG","Congo","0","W00","World","H5","HS","true","0901","Coffee, whether or not roasted or decaffeinated; husks and skins; coffee substitutes containing coffee in any proportion","4","false","C00","TOTAL CPC","0","0","TOTAL MOT","8","kg","1920","false","8","kg","1920","false","1920","false","0","false","9125.491","8898.196","9125.491","0","false","true",
"C","A","20170101","2017","52","2017","36","AUS","Australia","M","Import","180","COD","Dem. Rep. of the Congo","0","W00","World","H5","HS","true","0901","Coffee, whether or not roasted or decaffeinated; husks and skins; coffee substitutes containing coffee in any proportion","4","false","C00","TOTAL CPC","0","0","TOTAL MOT","8","kg","49620","false","8","kg","49620","false","49620","false","68237","false","212682.865","207029.592","212682.865","0","false","true",
"C","A","20170101","2017","52","2017","36","AUS","Australia","M","Import","188","CRI","Costa Rica","0","W00","World","H5","HS","true","0901","Coffee, whether or not roasted or decaffeinated; husks and skins; coffee substitutes containing coffee in any proportion","4","false","C00","TOTAL CPC","0","0","TOTAL MOT","8","kg","3342531.21","false","8","kg","3342531.21","false","3342531.21","false","3379067.8","false","15954508.82","15580462.253","15954508.82","0","false","true",
"C","A","20170101","2017","52","2017","36","AUS","Australia","M","Import","191","HRV","Croatia","0","W00","World","H5","HS","true","0901","Coffee, whether or not roasted or decaffeinated; husks and skins; coffee substitutes containing coffee in any proportion","4","false","C00","TOTAL CPC","0","0","TOTAL MOT","8","kg","97624.5","false","8","kg","97624.5","false","97624.5","false","184960.5","false","379515.561","371740.35","379515.561","0","false","true",
"C","A","20170101","2017","52","2017","36","AUS","Australia","M","Import","192","CUB","Cuba","0","W00","World","H5","HS","true","0901","Coffee, whether or not roasted or decaffeinated; husks and skins; coffee substitutes containing coffee in any proportion","4","false","C00","TOTAL CPC","0","0","TOTAL MOT","8","kg","52684","false","8","kg","52684","false","52684","false","53289","false","320006.837","307430.446","320006.837","0","false","true",
"C","A","20170101","2017","52","2017","36","AUS","Australia","M","Import","196","CYP","Cyprus","0","W00","World","H5","HS","true","0901","Coffee, whether or not roasted or decaffeinated; husks and skins; coffee substitutes containing coffee in any proportion","4","false","C00","TOTAL CPC","0","0","TOTAL MOT","8","kg","5135.05","false","8","kg","5135.05","false","5135.05","false","0","false","45856.649","43430.172","45856.649","0","false","true",
"C","A","20170101","2017","52","2017","36","AUS","Australia","M","Import","208","DNK","Denmark","0","W00","World","H5","HS","true","0901","Coffee, whether or not roasted or decaffeinated; husks and skins; coffee substitutes containing coffee in any proportion","4","false","C00","TOTAL CPC","0","0","TOTAL MOT","8","kg","31.5","false","8","kg","31.5","false","31.5","false","37.1","false","1445.766","907.967","1445.766","0","false","true",
"C","A","20170101","2017","52","2017","36","AUS","Australia","M","Import","214","DOM","Dominican Rep.","0","W00","World","H5","HS","true","0901","Coffee, whether or not roasted or decaffeinated; husks and skins; coffee substitutes containing coffee in any proportion","4","false","C00","TOTAL CPC","0","0","TOTAL MOT","8","kg","18000","false","8","kg","18000","false","18000","false","18150","false","119176.139","108067.558","119176.139","0","false","true",
"C","A","20170101","2017","52","2017","36","AUS","Australia","M","Import","218","ECU","Ecuador","0","W00","World","H5","HS","true","0901","Coffee, whether or not roasted or decaffeinated; husks and skins; coffee substitutes containing coffee in any proportion","4","false","C00","TOTAL CPC","0","0","TOTAL MOT","8","kg","4600","false","8","kg","4600","false","4600","false","4606","false","53303.09","40403.45","53303.09","0","false","true",
"C","A","20170101","2017","52","2017","36","AUS","Australia","M","Import","222","SLV","El Salvador","0","W00","World","H5","HS","true","0901","Coffee, whether or not roasted or decaffeinated; husks and skins; coffee substitutes containing coffee in any proportion","4","false","C00","TOTAL CPC","0","0","TOTAL MOT","8","kg","416767.3","false","8","kg","416767.3","false","416767.3","false","421957.15","false","2514924.275","2434860.003","2514924.275","0","false","true",
"C","A","20170101","2017","52","2017","36","AUS","Australia","M","Import","231","ETH","Ethiopia","0","W00","World","H5","HS","true","0901","Coffee, whether or not roasted or decaffeinated; husks and skins; coffee substitutes containing coffee in any proportion","4","false","C00","TOTAL CPC","0","0","TOTAL MOT","8","kg","4653872.7","false","8","kg","4653872.7","false","4653872.7","false","0","false","21796466.694","20958358.161","21796466.694","0","false","true",
"C","A","20170101","2017","52","2017","36","AUS","Australia","M","Import","246","FIN","Finland","0","W00","World","H5","HS","true","0901","Coffee, whether or not roasted or decaffeinated; husks and skins; coffee substitutes containing coffee in any proportion","4","false","C00","TOTAL CPC","0","0","TOTAL MOT","8","kg","900","false","8","kg","900","false","900","false","990","false","8511.934","8105.429","8511.934","0","false","true",
"C","A","20170101","2017","52","2017","36","AUS","Australia","M","Import","251","FRA","France","0","W00","World","H5","HS","true","0901","Coffee, whether or not roasted or decaffeinated; husks and skins; coffee substitutes containing coffee in any proportion","4","false","C00","TOTAL CPC","0","0","TOTAL MOT","8","kg","358115.4","false","8","kg","358115.4","false","358115.4","false","650808","false","6205193.292","5881363.484","6205193.292","0","false","true",
"C","A","20170101","2017","52","2017","36","AUS","Australia","M","Import","262","DJI","Djibouti","0","W00","World","H5","HS","true","0901","Coffee, whether or not roasted or decaffeinated; husks and skins; coffee substitutes containing coffee in any proportion","4","false","C00","TOTAL CPC","0","0","TOTAL MOT","8","kg","279597","false","8","kg","279597","false","279597","false","279213","false","1431418.367","1402071.074","1431418.367","0","false","true",
"C","A","20170101","2017","52","2017","36","AUS","Australia","M","Import","276","DEU","Germany","0","W00","World","H5","HS","true","0901","Coffee, whether or not roasted or decaffeinated; husks and skins; coffee substitutes containing coffee in any proportion","4","false","C00","TOTAL CPC","0","0","TOTAL MOT","8","kg","4302348.57","false","8","kg","4302348.57","false","4302348.57","false","0","false","38930342.809","38237282.224","38930342.809","0","false","true",
"C","A","20170101","2017","52","2017","36","AUS","Australia","M","Import","300","GRC","Greece","0","W00","World","H5","HS","true","0901","Coffee, whether or not roasted or decaffeinated; husks and skins; coffee substitutes containing coffee in any proportion","4","false","C00","TOTAL CPC","0","0","TOTAL MOT","8","kg","26487.72","false","8","kg","26487.72","false","26487.72","false","16434.8","false","312948.797","305631.005","312948.797","0","false","true",
"C","A","20170101","2017","52","2017","36","AUS","Australia","M","Import","320","GTM","Guatemala","0","W00","World","H5","HS","true","0901","Coffee, whether or not roasted or decaffeinated; husks and skins; coffee substitutes containing coffee in any proportion","4","false","C00","TOTAL CPC","0","0","TOTAL MOT","8","kg","1969591.499","true","-1","N/A","0","false","1969591.499","true","0","false","9643862.591","9295446.07","9643862.591","6","false","true",
"C","A","20170101","2017","52","2017","36","AUS","Australia","M","Import","340","HND","Honduras","0","W00","World","H5","HS","true","0901","Coffee, whether or not roasted or decaffeinated; husks and skins; coffee substitutes containing coffee in any proportion","4","false","C00","TOTAL CPC","0","0","TOTAL MOT","8","kg","4119365.75","false","8","kg","4119365.75","false","4119365.75","false","0","false","14113639.663","13602621.859","14113639.663","0","false","true",
"C","A","20170101","2017","52","2017","36","AUS","Australia","M","Import","360","IDN","Indonesia","0","W00","World","H5","HS","true","0901","Coffee, whether or not roasted or decaffeinated; husks and skins; coffee substitutes containing coffee in any proportion","4","false","C00","TOTAL CPC","0","0","TOTAL MOT","8","kg","6601514.4","false","8","kg","6601514.4","false","6601514.4","false","0","false","23816353.542","23479371.059","23816353.542","0","false","true",
"C","A","20170101","2017","52","2017","36","AUS","Australia","M","Import","380","ITA","Italy","0","W00","World","H5","HS","true","0901","Coffee, whether or not roasted or decaffeinated; husks and skins; coffee substitutes containing coffee in any proportion","4","false","C00","TOTAL CPC","0","0","TOTAL MOT","8","kg","4959366.622","true","-1","N/A","0","false","4959366.622","true","0","false","39630218.775","38123091.253","39630218.775","6","false","true",
"C","A","20170101","2017","52","2017","36","AUS","Australia","M","Import","388","JAM","Jamaica","0","W00","World","H5","HS","true","0901","Coffee, whether or not roasted or decaffeinated; husks and skins; coffee substitutes containing coffee in any proportion","4","false","C00","TOTAL CPC","0","0","TOTAL MOT","8","kg","1260","false","8","kg","1260","false","1260","false","1307","false","64255.487","60031.088","64255.487","0","false","true",
"C","A","20170101","2017","52","2017","36","AUS","Australia","M","Import","392","JPN","Japan","0","W00","World","H5","HS","true","0901","Coffee, whether or not roasted or decaffeinated; husks and skins; coffee substitutes containing coffee in any proportion","4","false","C00","TOTAL CPC","0","0","TOTAL MOT","8","kg","52019.55","false","8","kg","52019.55","false","52019.55","false","0","false","169992.926","160635.719","169992.926","0","false","true",
"C","A","20170101","2017","52","2017","36","AUS","Australia","M","Import","400","JOR","Jordan","0","W00","World","H5","HS","true","0901","Coffee, whether or not roasted or decaffeinated; husks and skins; coffee substitutes containing coffee in any proportion","4","false","C00","TOTAL CPC","0","0","TOTAL MOT","8","kg","13900","false","8","kg","13900","false","13900","false","0","false","146792.127","142724.227","146792.127","0","false","true",
"C","A","20170101","2017","52","2017","36","AUS","Australia","M","Import","404","KEN","Kenya","0","W00","World","H5","HS","true","0901","Coffee, whether or not roasted or decaffeinated; husks and skins; coffee substitutes containing coffee in any proportion","4","false","C00","TOTAL CPC","0","0","TOTAL MOT","8","kg","855928","false","8","kg","855928","false","855928","false","0","false","5978346.661","5736109.68","5978346.661","0","false","true",
"C","A","20170101","2017","52","2017","36","AUS","Australia","M","Import","410","KOR","Rep. of Korea","0","W00","World","H5","HS","true","0901","Coffee, whether or not roasted or decaffeinated; husks and skins; coffee substitutes containing coffee in any proportion","4","false","C00","TOTAL CPC","0","0","TOTAL MOT","8","kg","16332.91","false","8","kg","16332.91","false","16332.91","false","0","false","116175.238","113225.557","116175.238","0","false","true",
"C","A","20170101","2017","52","2017","36","AUS","Australia","M","Import","422","LBN","Lebanon","0","W00","World","H5","HS","true","0901","Coffee, whether or not roasted or decaffeinated; husks and skins; coffee substitutes containing coffee in any proportion","4","false","C00","TOTAL CPC","0","0","TOTAL MOT","8","kg","86128.5","false","8","kg","86128.5","false","86128.5","false","0","false","817895.48","798435.504","817895.48","0","false","true",
"C","A","20170101","2017","52","2017","36","AUS","Australia","M","Import","454","MWI","Malawi","0","W00","World","H5","HS","true","0901","Coffee, whether or not roasted or decaffeinated; husks and skins; coffee substitutes containing coffee in any proportion","4","false","C00","TOTAL CPC","0","0","TOTAL MOT","8","kg","7864.5","false","8","kg","7864.5","false","7864.5","false","14758","false","43107.468","41316.048","43107.468","0","false","true",
"C","A","20170101","2017","52","2017","36","AUS","Australia","M","Import","458","MYS","Malaysia","0","W00","World","H5","HS","true","0901","Coffee, whether or not roasted or decaffeinated; husks and skins; coffee substitutes containing coffee in any proportion","4","false","C00","TOTAL CPC","0","0","TOTAL MOT","8","kg","73399.63","false","8","kg","73399.63","false","73399.63","false","0","false","352911.337","342682.491","352911.337","0","false","true",
"C","A","20170101","2017","52","2017","36","AUS","Australia","M","Import","484","MEX","Mexico","0","W00","World","H5","HS","true","0901","Coffee, whether or not roasted or decaffeinated; husks and skins; coffee substitutes containing coffee in any proportion","4","false","C00","TOTAL CPC","0","0","TOTAL MOT","8","kg","1148060.76","false","8","kg","1148060.76","false","1148060.76","false","0","false","5092670.247","4939532.957","5092670.247","0","false","true",
"C","A","20170101","2017","52","2017","36","AUS","Australia","M","Import","490","S19","Other Asia, nes","0","W00","World","H5","HS","true","0901","Coffee, whether or not roasted or decaffeinated; husks and skins; coffee substitutes containing coffee in any proportion","4","false","C00","TOTAL CPC","0","0","TOTAL MOT","8","kg","6067.3","false","8","kg","6067.3","false","6067.3","false","0","false","89129.686","77790.268","89129.686","0","false","true",
"C","A","20170101","2017","52","2017","36","AUS","Australia","M","Import","524","NPL","Nepal","0","W00","World","H5","HS","true","0901","Coffee, whether or not roasted or decaffeinated; husks and skins; coffee substitutes containing coffee in any proportion","4","false","C00","TOTAL CPC","0","0","TOTAL MOT","8","kg","2670","false","8","kg","2670","false","2670","false","2711.5","false","27250.567","19462.13","27250.567","0","false","true",
"C","A","20170101","2017","52","2017","36","AUS","Australia","M","Import","528","NLD","Netherlands","0","W00","World","H5","HS","true","0901","Coffee, whether or not roasted or decaffeinated; husks and skins; coffee substitutes containing coffee in any proportion","4","false","C00","TOTAL CPC","0","0","TOTAL MOT","8","kg","184033.5","false","8","kg","184033.5","false","184033.5","false","0","false","5348065.746","5290973.493","5348065.746","0","false","true",
"C","A","20170101","2017","52","2017","36","AUS","Australia","M","Import","548","VUT","Vanuatu","0","W00","World","H5","HS","true","0901","Coffee, whether or not roasted or decaffeinated; husks and skins; coffee substitutes containing coffee in any proportion","4","false","C00","TOTAL CPC","0","0","TOTAL MOT","8","kg","2987","false","8","kg","2987","false","2987","false","2696.5","false","53043.123","49351.386","53043.123","0","false","true",
"C","A","20170101","2017","52","2017","36","AUS","Australia","M","Import","554","NZL","New Zealand","0","W00","World","H5","HS","true","0901","Coffee, whether or not roasted or decaffeinated; husks and skins; coffee substitutes containing coffee in any proportion","4","false","C00","TOTAL CPC","0","0","TOTAL MOT","8","kg","181103.93","false","8","kg","181103.93","false","181103.93","false","206897.94","false","2269872.807","2225038.789","2269872.807","0","false","true",
"C","A","20170101","2017","52","2017","36","AUS","Australia","M","Import","558","NIC","Nicaragua","0","W00","World","H5","HS","true","0901","Coffee, whether or not roasted or decaffeinated; husks and skins; coffee substitutes containing coffee in any proportion","4","false","C00","TOTAL CPC","0","0","TOTAL MOT","8","kg","1741590","false","8","kg","1741590","false","1741590","false","1752174.6","false","8270113.703","7996224.632","8270113.703","0","false","true",
"C","A","20170101","2017","52","2017","36","AUS","Australia","M","Import","579","NOR","Norway","0","W00","World","H5","HS","true","0901","Coffee, whether or not roasted or decaffeinated; husks and skins; coffee substitutes containing coffee in any proportion","4","false","C00","TOTAL CPC","0","0","TOTAL MOT","8","kg","38.3","false","8","kg","38.3","false","38.3","false","48.1","false","2027.571","1644.13","2027.571","0","false","true",
"C","A","20170101","2017","52","2017","36","AUS","Australia","M","Import","591","PAN","Panama","0","W00","World","H5","HS","true","0901","Coffee, whether or not roasted or decaffeinated; husks and skins; coffee substitutes containing coffee in any proportion","4","false","C00","TOTAL CPC","0","0","TOTAL MOT","8","kg","220420.8","false","8","kg","220420.8","false","220420.8","false","0","false","1362152.01","1325958.589","1362152.01","0","false","true",
"C","A","20170101","2017","52","2017","36","AUS","Australia","M","Import","598","PNG","Papua New Guinea","0","W00","World","H5","HS","true","0901","Coffee, whether or not roasted or decaffeinated; husks and skins; coffee substitutes containing coffee in any proportion","4","false","C00","TOTAL CPC","0","0","TOTAL MOT","8","kg","9166445.9","false","8","kg","9166445.9","false","9166445.9","false","0","false","29978344.232","29073649.513","29978344.232","0","false","true",
"C","A","20170101","2017","52","2017","36","AUS","Australia","M","Import","604","PER","Peru","0","W00","World","H5","HS","true","0901","Coffee, whether or not roasted or decaffeinated; husks and skins; coffee substitutes containing coffee in any proportion","4","false","C00","TOTAL CPC","0","0","TOTAL MOT","8","kg","1575847.7","false","8","kg","1575847.7","false","1575847.7","false","0","false","6401710.768","6176118.287","6401710.768","0","false","true",
"C","A","20170101","2017","52","2017","36","AUS","Australia","M","Import","608","PHL","Philippines","0","W00","World","H5","HS","true","0901","Coffee, whether or not roasted or decaffeinated; husks and skins; coffee substitutes containing coffee in any proportion","4","false","C00","TOTAL CPC","0","0","TOTAL MOT","8","kg","20652.63","false","8","kg","20652.63","false","20652.63","false","22336.81","false","116871.563","112922.774","116871.563","0","false","true",
"C","A","20170101","2017","52","2017","36","AUS","Australia","M","Import","616","POL","Poland","0","W00","World","H5","HS","true","0901","Coffee, whether or not roasted or decaffeinated; husks and skins; coffee substitutes containing coffee in any proportion","4","false","C00","TOTAL CPC","0","0","TOTAL MOT","8","kg","300","false","8","kg","300","false","300","false","600","false","10680.43","10370.109","10680.43","0","false","true",
"C","A","20170101","2017","52","2017","36","AUS","Australia","M","Import","620","PRT","Portugal","0","W00","World","H5","HS","true","0901","Coffee, whether or not roasted or decaffeinated; husks and skins; coffee substitutes containing coffee in any proportion","4","false","C00","TOTAL CPC","0","0","TOTAL MOT","8","kg","4473","false","8","kg","4473","false","4473","false","11720","false","94480.935","92868.227","94480.935","0","false","true",
"C","A","20170101","2017","52","2017","36","AUS","Australia","M","Import","626","TLS","Timor-Leste","0","W00","World","H5","HS","true","0901","Coffee, whether or not roasted or decaffeinated; husks and skins; coffee substitutes containing coffee in any proportion","4","false","C00","TOTAL CPC","0","0","TOTAL MOT","8","kg","192769.6","false","8","kg","192769.6","false","192769.6","false","195296","false","864814.056","836554.001","864814.056","0","false","true",
"C","A","20170101","2017","52","2017","36","AUS","Australia","M","Import","646","RWA","Rwanda","0","W00","World","H5","HS","true","0901","Coffee, whether or not roasted or decaffeinated; husks and skins; coffee substitutes containing coffee in any proportion","4","false","C00","TOTAL CPC","0","0","TOTAL MOT","8","kg","133928","false","8","kg","133928","false","133928","false","135808","false","902911.857","867287.574","902911.857","0","false","true",
"C","A","20170101","2017","52","2017","36","AUS","Australia","M","Import","688","SRB","Serbia","0","W00","World","H5","HS","true","0901","Coffee, whether or not roasted or decaffeinated; husks and skins; coffee substitutes containing coffee in any proportion","4","false","C00","TOTAL CPC","0","0","TOTAL MOT","8","kg","37607","false","8","kg","37607","false","37607","false","0","false","180420.983","171673.005","180420.983","0","false","true",
"C","A","20170101","2017","52","2017","36","AUS","Australia","M","Import","699","IND","India","0","W00","World","H5","HS","true","0901","Coffee, whether or not roasted or decaffeinated; husks and skins; coffee substitutes containing coffee in any proportion","4","false","C00","TOTAL CPC","0","0","TOTAL MOT","8","kg","7213975.1","false","8","kg","7213975.1","false","7213975.1","false","0","false","20761816.331","20379005.969","20761816.331","0","false","true",
"C","A","20170101","2017","52","2017","36","AUS","Australia","M","Import","702","SGP","Singapore","0","W00","World","H5","HS","true","0901","Coffee, whether or not roasted or decaffeinated; husks and skins; coffee substitutes containing coffee in any proportion","4","false","C00","TOTAL CPC","0","0","TOTAL MOT","8","kg","14444.4","false","8","kg","14444.4","false","14444.4","false","0","false","45088.074","43552.089","45088.074","0","false","true",
"C","A","20170101","2017","52","2017","36","AUS","Australia","M","Import","704","VNM","Viet Nam","0","W00","World","H5","HS","true","0901","Coffee, whether or not roasted or decaffeinated; husks and skins; coffee substitutes containing coffee in any proportion","4","false","C00","TOTAL CPC","0","0","TOTAL MOT","8","kg","12763536.5","false","8","kg","12763536.5","false","12763536.5","false","0","false","30583771.127","30029511.79","30583771.127","0","false","true",
"C","A","20170101","2017","52","2017","36","AUS","Australia","M","Import","705","SVN","Slovenia","0","W00","World","H5","HS","true","0901","Coffee, whether or not roasted or decaffeinated; husks and skins; coffee substitutes containing coffee in any proportion","4","false","C00","TOTAL CPC","0","0","TOTAL MOT","8","kg","3894","false","8","kg","3894","false","3894","false","0","false","22049.928","21279.475","22049.928","0","false","true",
"C","A","20170101","2017","52","2017","36","AUS","Australia","M","Import","710","ZAF","South Africa","0","W00","World","H5","HS","true","0901","Coffee, whether or not roasted or decaffeinated; husks and skins; coffee substitutes containing coffee in any proportion","4","false","C00","TOTAL CPC","0","0","TOTAL MOT","8","kg","23278","false","8","kg","23278","false","23278","false","0","false","115444.951","108461.917","115444.951","0","false","true",
"C","A","20170101","2017","52","2017","36","AUS","Australia","M","Import","724","ESP","Spain","0","W00","World","H5","HS","true","0901","Coffee, whether or not roasted or decaffeinated; husks and skins; coffee substitutes containing coffee in any proportion","4","false","C00","TOTAL CPC","0","0","TOTAL MOT","8","kg","257085.35","false","8","kg","257085.35","false","257085.35","false","384089.1","false","2144316.265","2020092.42","2144316.265","0","false","true",
"C","A","20170101","2017","52","2017","36","AUS","Australia","M","Import","752","SWE","Sweden","0","W00","World","H5","HS","true","0901","Coffee, whether or not roasted or decaffeinated; husks and skins; coffee substitutes containing coffee in any proportion","4","false","C00","TOTAL CPC","0","0","TOTAL MOT","8","kg","3432","false","8","kg","3432","false","3432","false","0","false","24773.369","21927.321","24773.369","0","false","true",
"C","A","20170101","2017","52","2017","36","AUS","Australia","M","Import","757","CHE","Switzerland","0","W00","World","H5","HS","true","0901","Coffee, whether or not roasted or decaffeinated; husks and skins; coffee substitutes containing coffee in any proportion","4","false","C00","TOTAL CPC","0","0","TOTAL MOT","8","kg","3501999.11","false","8","kg","3501999.11","false","3501999.11","false","0","false","94901396.935","93321197.523","94901396.935","0","false","true",
"C","A","20170101","2017","52","2017","36","AUS","Australia","M","Import","760","SYR","Syria","0","W00","World","H5","HS","true","0901","Coffee, whether or not roasted or decaffeinated; husks and skins; coffee substitutes containing coffee in any proportion","4","false","C00","TOTAL CPC","0","0","TOTAL MOT","8","kg","1036","false","8","kg","1036","false","1036","false","0","false","10120.271","9627.275","10120.271","0","false","true",
"C","A","20170101","2017","52","2017","36","AUS","Australia","M","Import","764","THA","Thailand","0","W00","World","H5","HS","true","0901","Coffee, whether or not roasted or decaffeinated; husks and skins; coffee substitutes containing coffee in any proportion","4","false","C00","TOTAL CPC","0","0","TOTAL MOT","8","kg","7775","false","8","kg","7775","false","7775","false","0","false","34441.121","32931.015","34441.121","0","false","true",
"C","A","20170101","2017","52","2017","36","AUS","Australia","M","Import","784","ARE","United Arab Emirates","0","W00","World","H5","HS","true","0901","Coffee, whether or not roasted or decaffeinated; husks and skins; coffee substitutes containing coffee in any proportion","4","false","C00","TOTAL CPC","0","0","TOTAL MOT","8","kg","8222","false","8","kg","8222","false","8222","false","8674","false","57414.727","52868.69","57414.727","0","false","true",
"C","A","20170101","2017","52","2017","36","AUS","Australia","M","Import","792","TUR","Türkiye","0","W00","World","H5","HS","true","0901","Coffee, whether or not roasted or decaffeinated; husks and skins; coffee substitutes containing coffee in any proportion","4","false","C00","TOTAL CPC","0","0","TOTAL MOT","8","kg","14968.92","false","8","kg","14968.92","false","14968.92","false","0","false","88559.468","81498.169","88559.468","0","false","true",
"C","A","20170101","2017","52","2017","36","AUS","Australia","M","Import","800","UGA","Uganda","0","W00","World","H5","HS","true","0901","Coffee, whether or not roasted or decaffeinated; husks and skins; coffee substitutes containing coffee in any proportion","4","false","C00","TOTAL CPC","0","0","TOTAL MOT","8","kg","455800.9","false","8","kg","455800.9","false","455800.9","false","0","false","1245968.824","1212925.132","1245968.824","0","false","true",
"C","A","20170101","2017","52","2017","36","AUS","Australia","M","Import","807","MKD","North Macedonia","0","W00","World","H5","HS","true","0901","Coffee, whether or not roasted or decaffeinated; husks and skins; coffee substitutes containing coffee in any proportion","4","false","C00","TOTAL CPC","0","0","TOTAL MOT","8","kg","18273.5","false","8","kg","18273.5","false","18273.5","false","0","false","126412.975","116837.212","126412.975","0","false","true",
"C","A","20170101","2017","52","2017","36","AUS","Australia","M","Import","826","GBR","United Kingdom","0","W00","World","H5","HS","true","0901","Coffee, whether or not roasted or decaffeinated; husks and skins; coffee substitutes containing coffee in any proportion","4","false","C00","TOTAL CPC","0","0","TOTAL MOT","8","kg","439191.89","false","8","kg","439191.89","false","439191.89","false","0","false","5156721.765","4915753.679","5156721.765","0","false","true",
"C","A","20170101","2017","52","2017","36","AUS","Australia","M","Import","834","TZA","United Rep. of Tanzania","0","W00","World","H5","HS","true","0901","Coffee, whether or not roasted or decaffeinated; husks and skins; coffee substitutes containing coffee in any proportion","4","false","C00","TOTAL CPC","0","0","TOTAL MOT","8","kg","713492","false","8","kg","713492","false","713492","false","638705","false","2342141.626","2281900.19","2342141.626","0","false","true",
"C","A","20170101","2017","52","2017","36","AUS","Australia","M","Import","842","USA","USA","0","W00","World","H5","HS","true","0901","Coffee, whether or not roasted or decaffeinated; husks and skins; coffee substitutes containing coffee in any proportion","4","false","C00","TOTAL CPC","0","0","TOTAL MOT","8","kg","232746.53","false","8","kg","232746.53","false","232746.53","false","0","false","2045619.381","1950973.336","2045619.381","0","false","true",
"C","A","20170101","2017","52","2017","36","AUS","Australia","M","Import","887","YEM","Yemen","0","W00","World","H5","HS","true","0901","Coffee, whether or not roasted or decaffeinated; husks and skins; coffee substitutes containing coffee in any proportion","4","false","C00","TOTAL CPC","0","0","TOTAL MOT","8","kg","1000","false","8","kg","1000","false","1000","false","1025","false","15442.099","14244.054","15442.099","0","false","true",
"C","A","20180101","2018","52","2018","36","AUS","Australia","M","Import","0","W00","World","0","W00","World","H5","HS","true","0901","Coffee, whether or not roasted or decaffeinated; husks and skins; coffee substitutes containing coffee in any proportion","4","false","C00","TOTAL CPC","0","0","TOTAL MOT","8","kg","102145964.667","true","-1","N/A","0","false","102145964.667","true","0","false","484669415.382","472762675.993","484669415.382","6","false","true",
"C","A","20180101","2018","52","2018","36","AUS","Australia","M","Import","36","AUS","Australia","0","W00","World","H5","HS","true","0901","Coffee, whether or not roasted or decaffeinated; husks and skins; coffee substitutes containing coffee in any proportion","4","false","C00","TOTAL CPC","0","0","TOTAL MOT","8","kg","3678.48","false","8","kg","3678.48","false","3678.48","false","7240.21","false","64154.741","60210.832","64154.741","0","false","true",
"C","A","20180101","2018","52","2018","36","AUS","Australia","M","Import","40","AUT","Austria","0","W00","World","H5","HS","true","0901","Coffee, whether or not roasted or decaffeinated; husks and skins; coffee substitutes containing coffee in any proportion","4","false","C00","TOTAL CPC","0","0","TOTAL MOT","8","kg","5029.9","false","8","kg","5029.9","false","5029.9","false","17181.4","false","85941.68","83953.137","85941.68","0","false","true",
"C","A","20180101","2018","52","2018","36","AUS","Australia","M","Import","56","BEL","Belgium","0","W00","World","H5","HS","true","0901","Coffee, whether or not roasted or decaffeinated; husks and skins; coffee substitutes containing coffee in any proportion","4","false","C00","TOTAL CPC","0","0","TOTAL MOT","8","kg","161648.48","false","8","kg","161648.48","false","161648.48","false","170265","false","737679.011","698287.723","737679.011","0","false","true",
"C","A","20180101","2018","52","2018","36","AUS","Australia","M","Import","68","BOL","Bolivia (Plurinational State of)","0","W00","World","H5","HS","true","0901","Coffee, whether or not roasted or decaffeinated; husks and skins; coffee substitutes containing coffee in any proportion","4","false","C00","TOTAL CPC","0","0","TOTAL MOT","8","kg","16336","false","8","kg","16336","false","16336","false","16391","false","169088.242","166347.816","169088.242","0","false","true",
"C","A","20180101","2018","52","2018","36","AUS","Australia","M","Import","70","BIH","Bosnia Herzegovina","0","W00","World","H5","HS","true","0901","Coffee, whether or not roasted or decaffeinated; husks and skins; coffee substitutes containing coffee in any proportion","4","false","C00","TOTAL CPC","0","0","TOTAL MOT","8","kg","14610","false","8","kg","14610","false","14610","false","0","false","91686.585","85227.461","91686.585","0","false","true",
"C","A","20180101","2018","52","2018","36","AUS","Australia","M","Import","76","BRA","Brazil","0","W00","World","H5","HS","true","0901","Coffee, whether or not roasted or decaffeinated; husks and skins; coffee substitutes containing coffee in any proportion","4","false","C00","TOTAL CPC","0","0","TOTAL MOT","8","kg","18883775.434","false","8","kg","18883775.434","false","18883775.434","false","0","false","58303876.964","56551252.578","58303876.964","0","false","true",
"C","A","20180101","2018","52","2018","36","AUS","Australia","M","Import","84","BLZ","Belize","0","W00","World","H5","HS","true","0901","Coffee, whether or not roasted or decaffeinated; husks and skins; coffee substitutes containing coffee in any proportion","4","false","C00","TOTAL CPC","0","0","TOTAL MOT","8","kg","19200","false","8","kg","19200","false","19200","false","19200","false","53655.908","52646.959","53655.908","0","false","true",
"C","A","20180101","2018","52","2018","36","AUS","Australia","M","Import","104","MMR","Myanmar","0","W00","World","H5","HS","true","0901","Coffee, whether or not roasted or decaffeinated; husks and skins; coffee substitutes containing coffee in any proportion","4","false","C00","TOTAL CPC","0","0","TOTAL MOT","8","kg","13176.85","false","8","kg","13176.85","false","13176.85","false","0","false","60727.952","58979.096","60727.952","0","false","true",
"C","A","20180101","2018","52","2018","36","AUS","Australia","M","Import","108","BDI","Burundi","0","W00","World","H5","HS","true","0901","Coffee, whether or not roasted or decaffeinated; husks and skins; coffee substitutes containing coffee in any proportion","4","false","C00","TOTAL CPC","0","0","TOTAL MOT","8","kg","119255.79","false","8","kg","119255.79","false","119255.79","false","121636.8","false","688239.458","667864.038","688239.458","0","false","true",
"C","A","20180101","2018","52","2018","36","AUS","Australia","M","Import","116","KHM","Cambodia","0","W00","World","H5","HS","true","0901","Coffee, whether or not roasted or decaffeinated; husks and skins; coffee substitutes containing coffee in any proportion","4","false","C00","TOTAL CPC","0","0","TOTAL MOT","8","kg","19244","false","8","kg","19244","false","19244","false","19449","false","58779.502","56820.546","58779.502","0","false","true",
"C","A","20180101","2018","52","2018","36","AUS","Australia","M","Import","124","CAN","Canada","0","W00","World","H5","HS","true","0901","Coffee, whether or not roasted or decaffeinated; husks and skins; coffee substitutes containing coffee in any proportion","4","false","C00","TOTAL CPC","0","0","TOTAL MOT","8","kg","419848.352","true","-1","N/A","0","false","419848.352","true","396826.61","false","2213966.949","2166829.489","2213966.949","6","false","true",
"C","A","20180101","2018","52","2018","36","AUS","Australia","M","Import","144","LKA","Sri Lanka","0","W00","World","H5","HS","true","0901","Coffee, whether or not roasted or decaffeinated; husks and skins; coffee substitutes containing coffee in any proportion","4","false","C00","TOTAL CPC","0","0","TOTAL MOT","8","kg","2529","false","8","kg","2529","false","2529","false","0","false","26681.176","25880.652","26681.176","0","false","true",
"C","A","20180101","2018","52","2018","36","AUS","Australia","M","Import","156","CHN","China","0","W00","World","H5","HS","true","0901","Coffee, whether or not roasted or decaffeinated; husks and skins; coffee substitutes containing coffee in any proportion","4","false","C00","TOTAL CPC","0","0","TOTAL MOT","8","kg","1325480.16","false","8","kg","1325480.16","false","1325480.16","false","0","false","4012251.053","3935449.761","4012251.053","0","false","true",
"C","A","20180101","2018","52","2018","36","AUS","Australia","M","Import","170","COL","Colombia","0","W00","World","H5","HS","true","0901","Coffee, whether or not roasted or decaffeinated; husks and skins; coffee substitutes containing coffee in any proportion","4","false","C00","TOTAL CPC","0","0","TOTAL MOT","8","kg","9844739.4","false","8","kg","9844739.4","false","9844739.4","false","0","false","38943334.108","37842310.331","38943334.108","0","false","true",
"C","A","20180101","2018","52","2018","36","AUS","Australia","M","Import","178","COG","Congo","0","W00","World","H5","HS","true","0901","Coffee, whether or not roasted or decaffeinated; husks and skins; coffee substitutes containing coffee in any proportion","4","false","C00","TOTAL CPC","0","0","TOTAL MOT","8","kg","69775.9","false","8","kg","69775.9","false","69775.9","false","0","false","200076.462","192707.544","200076.462","0","false","true",
"C","A","20180101","2018","52","2018","36","AUS","Australia","M","Import","188","CRI","Costa Rica","0","W00","World","H5","HS","true","0901","Coffee, whether or not roasted or decaffeinated; husks and skins; coffee substitutes containing coffee in any proportion","4","false","C00","TOTAL CPC","0","0","TOTAL MOT","8","kg","1786628.48","false","8","kg","1786628.48","false","1786628.48","false","0","false","8047802.315","7854288.823","8047802.315","0","false","true",
"C","A","20180101","2018","52","2018","36","AUS","Australia","M","Import","191","HRV","Croatia","0","W00","World","H5","HS","true","0901","Coffee, whether or not roasted or decaffeinated; husks and skins; coffee substitutes containing coffee in any proportion","4","false","C00","TOTAL CPC","0","0","TOTAL MOT","8","kg","4950","false","8","kg","4950","false","4950","false","0","false","26080.852","25110.778","26080.852","0","false","true",
"C","A","20180101","2018","52","2018","36","AUS","Australia","M","Import","192","CUB","Cuba","0","W00","World","H5","HS","true","0901","Coffee, whether or not roasted or decaffeinated; husks and skins; coffee substitutes containing coffee in any proportion","4","false","C00","TOTAL CPC","0","0","TOTAL MOT","8","kg","45209","false","8","kg","45209","false","45209","false","0","false","226055.888","212127.668","226055.888","0","false","true",
"C","A","20180101","2018","52","2018","36","AUS","Australia","M","Import","196","CYP","Cyprus","0","W00","World","H5","HS","true","0901","Coffee, whether or not roasted or decaffeinated; husks and skins; coffee substitutes containing coffee in any proportion","4","false","C00","TOTAL CPC","0","0","TOTAL MOT","8","kg","5867.6","false","8","kg","5867.6","false","5867.6","false","0","false","56064.411","54454.892","56064.411","0","false","true",
"C","A","20180101","2018","52","2018","36","AUS","Australia","M","Import","208","DNK","Denmark","0","W00","World","H5","HS","true","0901","Coffee, whether or not roasted or decaffeinated; husks and skins; coffee substitutes containing coffee in any proportion","4","false","C00","TOTAL CPC","0","0","TOTAL MOT","8","kg","5426.7","false","8","kg","5426.7","false","5426.7","false","5441","false","18931.291","16823.375","18931.291","0","false","true",
"C","A","20180101","2018","52","2018","36","AUS","Australia","M","Import","218","ECU","Ecuador","0","W00","World","H5","HS","true","0901","Coffee, whether or not roasted or decaffeinated; husks and skins; coffee substitutes containing coffee in any proportion","4","false","C00","TOTAL CPC","0","0","TOTAL MOT","8","kg","23613.49","false","8","kg","23613.49","false","23613.49","false","0","false","274268.159","260222.733","274268.159","0","false","true",
"C","A","20180101","2018","52","2018","36","AUS","Australia","M","Import","222","SLV","El Salvador","0","W00","World","H5","HS","true","0901","Coffee, whether or not roasted or decaffeinated; husks and skins; coffee substitutes containing coffee in any proportion","4","false","C00","TOTAL CPC","0","0","TOTAL MOT","8","kg","489434.99","false","8","kg","489434.99","false","489434.99","false","0","false","2786678.661","2695505.603","2786678.661","0","false","true",
"C","A","20180101","2018","52","2018","36","AUS","Australia","M","Import","231","ETH","Ethiopia","0","W00","World","H5","HS","true","0901","Coffee, whether or not roasted or decaffeinated; husks and skins; coffee substitutes containing coffee in any proportion","4","false","C00","TOTAL CPC","0","0","TOTAL MOT","8","kg","3774690","false","8","kg","3774690","false","3774690","false","0","false","17051488.787","16725302.27","17051488.787","0","false","true",
"C","A","20180101","2018","52","2018","36","AUS","Australia","M","Import","246","FIN","Finland","0","W00","World","H5","HS","true","0901","Coffee, whether or not roasted or decaffeinated; husks and skins; coffee substitutes containing coffee in any proportion","4","false","C00","TOTAL CPC","0","0","TOTAL MOT","8","kg","120","false","8","kg","120","false","120","false","792","false","7245.108","6357.354","7245.108","0","false","true",
"C","A","20180101","2018","52","2018","36","AUS","Australia","M","Import","251","FRA","France","0","W00","World","H5","HS","true","0901","Coffee, whether or not roasted or decaffeinated; husks and skins; coffee substitutes containing coffee in any proportion","4","false","C00","TOTAL CPC","0","0","TOTAL MOT","8","kg","637188.48","false","8","kg","637188.48","false","637188.48","false","961857","false","11573044.677","11167791.434","11573044.677","0","false","true",
"C","A","20180101","2018","52","2018","36","AUS","Australia","M","Import","262","DJI","Djibouti","0","W00","World","H5","HS","true","0901","Coffee, whether or not roasted or decaffeinated; husks and skins; coffee substitutes containing coffee in any proportion","4","false","C00","TOTAL CPC","0","0","TOTAL MOT","8","kg","299512.9","false","8","kg","299512.9","false","299512.9","false","300027.9","false","1473547.258","1415369.97","1473547.258","0","false","true",
"C","A","20180101","2018","52","2018","36","AUS","Australia","M","Import","276","DEU","Germany","0","W00","World","H5","HS","true","0901","Coffee, whether or not roasted or decaffeinated; husks and skins; coffee substitutes containing coffee in any proportion","4","false","C00","TOTAL CPC","0","0","TOTAL MOT","8","kg","4102425.66","false","8","kg","4102425.66","false","4102425.66","false","0","false","35128270.001","34552783.28","35128270.001","0","false","true",
"C","A","20180101","2018","52","2018","36","AUS","Australia","M","Import","300","GRC","Greece","0","W00","World","H5","HS","true","0901","Coffee, whether or not roasted or decaffeinated; husks and skins; coffee substitutes containing coffee in any proportion","4","false","C00","TOTAL CPC","0","0","TOTAL MOT","8","kg","24118.12","false","8","kg","24118.12","false","24118.12","false","0","false","304311.969","296594.227","304311.969","0","false","true",
"C","A","20180101","2018","52","2018","36","AUS","Australia","M","Import","320","GTM","Guatemala","0","W00","World","H5","HS","true","0901","Coffee, whether or not roasted or decaffeinated; husks and skins; coffee substitutes containing coffee in any proportion","4","false","C00","TOTAL CPC","0","0","TOTAL MOT","8","kg","1910696.73","false","8","kg","1910696.73","false","1910696.73","false","0","false","8481391.949","8242467.066","8481391.949","0","false","true",
"C","A","20180101","2018","52","2018","36","AUS","Australia","M","Import","324","GIN","Guinea","0","W00","World","H5","HS","true","0901","Coffee, whether or not roasted or decaffeinated; husks and skins; coffee substitutes containing coffee in any proportion","4","false","C00","TOTAL CPC","0","0","TOTAL MOT","8","kg","41089","false","8","kg","41089","false","41089","false","41100.3","false","107110.563","102915.047","107110.563","0","false","true",
"C","A","20180101","2018","52","2018","36","AUS","Australia","M","Import","340","HND","Honduras","0","W00","World","H5","HS","true","0901","Coffee, whether or not roasted or decaffeinated; husks and skins; coffee substitutes containing coffee in any proportion","4","false","C00","TOTAL CPC","0","0","TOTAL MOT","8","kg","5737662.4","false","8","kg","5737662.4","false","5737662.4","false","0","false","17860061.467","17236780.863","17860061.467","0","false","true",
"C","A","20180101","2018","52","2018","36","AUS","Australia","M","Import","344","HKG","China, Hong Kong SAR","0","W00","World","H5","HS","true","0901","Coffee, whether or not roasted or decaffeinated; husks and skins; coffee substitutes containing coffee in any proportion","4","false","C00","TOTAL CPC","0","0","TOTAL MOT","8","kg","868.96","false","8","kg","868.96","false","868.96","false","0","false","10688.822","10504.313","10688.822","0","false","true",
"C","A","20180101","2018","52","2018","36","AUS","Australia","M","Import","360","IDN","Indonesia","0","W00","World","H5","HS","true","0901","Coffee, whether or not roasted or decaffeinated; husks and skins; coffee substitutes containing coffee in any proportion","4","false","C00","TOTAL CPC","0","0","TOTAL MOT","8","kg","2638218.9","false","8","kg","2638218.9","false","2638218.9","false","0","false","11490614.468","11328389.272","11490614.468","0","false","true",
"C","A","20180101","2018","52","2018","36","AUS","Australia","M","Import","380","ITA","Italy","0","W00","World","H5","HS","true","0901","Coffee, whether or not roasted or decaffeinated; husks and skins; coffee substitutes containing coffee in any proportion","4","false","C00","TOTAL CPC","0","0","TOTAL MOT","8","kg","3897798.08","false","8","kg","3897798.08","false","3897798.08","false","0","false","26549908.052","25425818.491","26549908.052","0","false","true",
"C","A","20180101","2018","52","2018","36","AUS","Australia","M","Import","388","JAM","Jamaica","0","W00","World","H5","HS","true","0901","Coffee, whether or not roasted or decaffeinated; husks and skins; coffee substitutes containing coffee in any proportion","4","false","C00","TOTAL CPC","0","0","TOTAL MOT","8","kg","1360","false","8","kg","1360","false","1360","false","2860","false","60412.594","55039.525","60412.594","0","false","true",
"C","A","20180101","2018","52","2018","36","AUS","Australia","M","Import","392","JPN","Japan","0","W00","World","H5","HS","true","0901","Coffee, whether or not roasted or decaffeinated; husks and skins; coffee substitutes containing coffee in any proportion","4","false","C00","TOTAL CPC","0","0","TOTAL MOT","8","kg","395.36","false","8","kg","395.36","false","395.36","false","0","false","7905.973","7724.646","7905.973","0","false","true",
"C","A","20180101","2018","52","2018","36","AUS","Australia","M","Import","400","JOR","Jordan","0","W00","World","H5","HS","true","0901","Coffee, whether or not roasted or decaffeinated; husks and skins; coffee substitutes containing coffee in any proportion","4","false","C00","TOTAL CPC","0","0","TOTAL MOT","8","kg","34375","false","8","kg","34375","false","34375","false","40621","false","384226.761","374363.723","384226.761","0","false","true",
"C","A","20180101","2018","52","2018","36","AUS","Australia","M","Import","404","KEN","Kenya","0","W00","World","H5","HS","true","0901","Coffee, whether or not roasted or decaffeinated; husks and skins; coffee substitutes containing coffee in any proportion","4","false","C00","TOTAL CPC","0","0","TOTAL MOT","8","kg","1625272","false","8","kg","1625272","false","1625272","false","0","false","10726593.425","10510345.808","10726593.425","0","false","true",
"C","A","20180101","2018","52","2018","36","AUS","Australia","M","Import","410","KOR","Rep. of Korea","0","W00","World","H5","HS","true","0901","Coffee, whether or not roasted or decaffeinated; husks and skins; coffee substitutes containing coffee in any proportion","4","false","C00","TOTAL CPC","0","0","TOTAL MOT","8","kg","47824.5","false","8","kg","47824.5","false","47824.5","false","0","false","318046.385","308284.781","318046.385","0","false","true",
"C","A","20180101","2018","52","2018","36","AUS","Australia","M","Import","422","LBN","Lebanon","0","W00","World","H5","HS","true","0901","Coffee, whether or not roasted or decaffeinated; husks and skins; coffee substitutes containing coffee in any proportion","4","false","C00","TOTAL CPC","0","0","TOTAL MOT","8","kg","107999","false","8","kg","107999","false","107999","false","0","false","896257.434","871758.173","896257.434","0","false","true",
"C","A","20180101","2018","52","2018","36","AUS","Australia","M","Import","428","LVA","Latvia","0","W00","World","H5","HS","true","0901","Coffee, whether or not roasted or decaffeinated; husks and skins; coffee substitutes containing coffee in any proportion","4","false","C00","TOTAL CPC","0","0","TOTAL MOT","8","kg","250","false","8","kg","250","false","250","false","265","false","15353.2","14203.823","15353.2","0","false","true",
"C","A","20180101","2018","52","2018","36","AUS","Australia","M","Import","454","MWI","Malawi","0","W00","World","H5","HS","true","0901","Coffee, whether or not roasted or decaffeinated; husks and skins; coffee substitutes containing coffee in any proportion","4","false","C00","TOTAL CPC","0","0","TOTAL MOT","8","kg","4780.5","false","8","kg","4780.5","false","4780.5","false","0","false","24188.027","23833.436","24188.027","0","false","true",
"C","A","20180101","2018","52","2018","36","AUS","Australia","M","Import","458","MYS","Malaysia","0","W00","World","H5","HS","true","0901","Coffee, whether or not roasted or decaffeinated; husks and skins; coffee substitutes containing coffee in any proportion","4","false","C00","TOTAL CPC","0","0","TOTAL MOT","8","kg","78178.92","false","8","kg","78178.92","false","78178.92","false","0","false","450026.798","431299.862","450026.798","0","false","true",
"C","A","20180101","2018","52","2018","36","AUS","Australia","M","Import","484","MEX","Mexico","0","W00","World","H5","HS","true","0901","Coffee, whether or not roasted or decaffeinated; husks and skins; coffee substitutes containing coffee in any proportion","4","false","C00","TOTAL CPC","0","0","TOTAL MOT","8","kg","1348255.6","false","8","kg","1348255.6","false","1348255.6","false","1330297.5","false","5347981.509","5208035.963","5347981.509","0","false","true",
"C","A","20180101","2018","52","2018","36","AUS","Australia","M","Import","490","S19","Other Asia, nes","0","W00","World","H5","HS","true","0901","Coffee, whether or not roasted or decaffeinated; husks and skins; coffee substitutes containing coffee in any proportion","4","false","C00","TOTAL CPC","0","0","TOTAL MOT","8","kg","13948.89","false","8","kg","13948.89","false","13948.89","false","0","false","129148.012","121421.11","129148.012","0","false","true",
"C","A","20180101","2018","52","2018","36","AUS","Australia","M","Import","524","NPL","Nepal","0","W00","World","H5","HS","true","0901","Coffee, whether or not roasted or decaffeinated; husks and skins; coffee substitutes containing coffee in any proportion","4","false","C00","TOTAL CPC","0","0","TOTAL MOT","8","kg","1015","false","8","kg","1015","false","1015","false","1115","false","8638.684","8541.3","8638.684","0","false","true",
"C","A","20180101","2018","52","2018","36","AUS","Australia","M","Import","528","NLD","Netherlands","0","W00","World","H5","HS","true","0901","Coffee, whether or not roasted or decaffeinated; husks and skins; coffee substitutes containing coffee in any proportion","4","false","C00","TOTAL CPC","0","0","TOTAL MOT","8","kg","162871.99","false","8","kg","162871.99","false","162871.99","false","0","false","2847627.644","2805466.708","2847627.644","0","false","true",
"C","A","20180101","2018","52","2018","36","AUS","Australia","M","Import","548","VUT","Vanuatu","0","W00","World","H5","HS","true","0901","Coffee, whether or not roasted or decaffeinated; husks and skins; coffee substitutes containing coffee in any proportion","4","false","C00","TOTAL CPC","0","0","TOTAL MOT","8","kg","8891.04","false","8","kg","8891.04","false","8891.04","false","4435","false","31762.824","30403.564","31762.824","0","false","true",
"C","A","20180101","2018","52","2018","36","AUS","Australia","M","Import","554","NZL","New Zealand","0","W00","World","H5","HS","true","0901","Coffee, whether or not roasted or decaffeinated; husks and skins; coffee substitutes containing coffee in any proportion","4","false","C00","TOTAL CPC","0","0","TOTAL MOT","8","kg","292687.4","false","8","kg","292687.4","false","292687.4","false","0","false","2877780.247","2825685.442","2877780.247","0","false","true",
"C","A","20180101","2018","52","2018","36","AUS","Australia","M","Import","558","NIC","Nicaragua","0","W00","World","H5","HS","true","0901","Coffee, whether or not roasted or decaffeinated; husks and skins; coffee substitutes containing coffee in any proportion","4","false","C00","TOTAL CPC","0","0","TOTAL MOT","8","kg","1439101.5","false","8","kg","1439101.5","false","1439101.5","false","0","false","6399624.493","6239995.602","6399624.493","0","false","true",
"C","A","20180101","2018","52","2018","36","AUS","Australia","M","Import","579","NOR","Norway","0","W00","World","H5","HS","true","0901","Coffee, whether or not roasted or decaffeinated; husks and skins; coffee substitutes containing coffee in any proportion","4","false","C00","TOTAL CPC","0","0","TOTAL MOT","8","kg","70.5","false","8","kg","70.5","false","70.5","false","79.4","false","3569.917","2892.801","3569.917","0","false","true",
"C","A","20180101","2018","52","2018","36","AUS","Australia","M","Import","591","PAN","Panama","0","W00","World","H5","HS","true","0901","Coffee, whether or not roasted or decaffeinated; husks and skins; coffee substitutes containing coffee in any proportion","4","false","C00","TOTAL CPC","0","0","TOTAL MOT","8","kg","126901.19","false","8","kg","126901.19","false","126901.19","false","0","false","979162.484","941626.867","979162.484","0","false","true",
"C","A","20180101","2018","52","2018","36","AUS","Australia","M","Import","598","PNG","Papua New Guinea","0","W00","World","H5","HS","true","0901","Coffee, whether or not roasted or decaffeinated; husks and skins; coffee substitutes containing coffee in any proportion","4","false","C00","TOTAL CPC","0","0","TOTAL MOT","8","kg","7948439","false","8","kg","7948439","false","7948439","false","0","false","25302464.279","24790374.362","25302464.279","0","false","true",
"C","A","20180101","2018","52","2018","36","AUS","Australia","M","Import","604","PER","Peru","0","W00","World","H5","HS","true","0901","Coffee, whether or not roasted or decaffeinated; husks and skins; coffee substitutes containing coffee in any proportion","4","false","C00","TOTAL CPC","0","0","TOTAL MOT","8","kg","1597702.5","false","8","kg","1597702.5","false","1597702.5","false","0","false","5752465.7","5604725.604","5752465.7","0","false","true",
"C","A","20180101","2018","52","2018","36","AUS","Australia","M","Import","608","PHL","Philippines","0","W00","World","H5","HS","true","0901","Coffee, whether or not roasted or decaffeinated; husks and skins; coffee substitutes containing coffee in any proportion","4","false","C00","TOTAL CPC","0","0","TOTAL MOT","8","kg","7184","false","8","kg","7184","false","7184","false","0","false","42333.163","40623.981","42333.163","0","false","true",
"C","A","20180101","2018","52","2018","36","AUS","Australia","M","Import","612","PCN","Pitcairn","0","W00","World","H5","HS","true","0901","Coffee, whether or not roasted or decaffeinated; husks and skins; coffee substitutes containing coffee in any proportion","4","false","C00","TOTAL CPC","0","0","TOTAL MOT","8","kg","37760","false","8","kg","37760","false","37760","false","38848","false","89999.406","88797.161","89999.406","0","false","true",
"C","A","20180101","2018","52","2018","36","AUS","Australia","M","Import","620","PRT","Portugal","0","W00","World","H5","HS","true","0901","Coffee, whether or not roasted or decaffeinated; husks and skins; coffee substitutes containing coffee in any proportion","4","false","C00","TOTAL CPC","0","0","TOTAL MOT","8","kg","1620","false","8","kg","1620","false","1620","false","0","false","22312.917","21272.827","22312.917","0","false","true",
"C","A","20180101","2018","52","2018","36","AUS","Australia","M","Import","626","TLS","Timor-Leste","0","W00","World","H5","HS","true","0901","Coffee, whether or not roasted or decaffeinated; husks and skins; coffee substitutes containing coffee in any proportion","4","false","C00","TOTAL CPC","0","0","TOTAL MOT","8","kg","132400.8","false","8","kg","132400.8","false","132400.8","false","0","false","482816.137","469162.6","482816.137","0","false","true",
"C","A","20180101","2018","52","2018","36","AUS","Australia","M","Import","646","RWA","Rwanda","0","W00","World","H5","HS","true","0901","Coffee, whether or not roasted or decaffeinated; husks and skins; coffee substitutes containing coffee in any proportion","4","false","C00","TOTAL CPC","0","0","TOTAL MOT","8","kg","143639.77","false","8","kg","143639.77","false","143639.77","false","136573.94","false","838718.873","809382.454","838718.873","0","false","true",
"C","A","20180101","2018","52","2018","36","AUS","Australia","M","Import","682","SAU","Saudi Arabia","0","W00","World","H5","HS","true","0901","Coffee, whether or not roasted or decaffeinated; husks and skins; coffee substitutes containing coffee in any proportion","4","false","C00","TOTAL CPC","0","0","TOTAL MOT","8","kg","2030.5","false","8","kg","2030.5","false","2030.5","false","0","false","11851.349","10899.311","11851.349","0","false","true",
"C","A","20180101","2018","52","2018","36","AUS","Australia","M","Import","688","SRB","Serbia","0","W00","World","H5","HS","true","0901","Coffee, whether or not roasted or decaffeinated; husks and skins; coffee substitutes containing coffee in any proportion","4","false","C00","TOTAL CPC","0","0","TOTAL MOT","8","kg","28908","false","8","kg","28908","false","28908","false","148098.6","false","179248.737","170438.701","179248.737","0","false","true",
"C","A","20180101","2018","52","2018","36","AUS","Australia","M","Import","694","SLE","Sierra Leone","0","W00","World","H5","HS","true","0901","Coffee, whether or not roasted or decaffeinated; husks and skins; coffee substitutes containing coffee in any proportion","4","false","C00","TOTAL CPC","0","0","TOTAL MOT","8","kg","1342","false","8","kg","1342","false","1342","false","0","false","8275.396","7909.372","8275.396","0","false","true",
"C","A","20180101","2018","52","2018","36","AUS","Australia","M","Import","699","IND","India","0","W00","World","H5","HS","true","0901","Coffee, whether or not roasted or decaffeinated; husks and skins; coffee substitutes containing coffee in any proportion","4","false","C00","TOTAL CPC","0","0","TOTAL MOT","8","kg","6998080.05","false","8","kg","6998080.05","false","6998080.05","false","0","false","19545879.068","19133267.501","19545879.068","0","false","true",
"C","A","20180101","2018","52","2018","36","AUS","Australia","M","Import","702","SGP","Singapore","0","W00","World","H5","HS","true","0901","Coffee, whether or not roasted or decaffeinated; husks and skins; coffee substitutes containing coffee in any proportion","4","false","C00","TOTAL CPC","0","0","TOTAL MOT","8","kg","29322.8","false","8","kg","29322.8","false","29322.8","false","0","false","117338.122","114418.185","117338.122","0","false","true",
"C","A","20180101","2018","52","2018","36","AUS","Australia","M","Import","704","VNM","Viet Nam","0","W00","World","H5","HS","true","0901","Coffee, whether or not roasted or decaffeinated; husks and skins; coffee substitutes containing coffee in any proportion","4","false","C00","TOTAL CPC","0","0","TOTAL MOT","8","kg","18581418.18","false","8","kg","18581418.18","false","18581418.18","false","0","false","37100886.957","36273462.28","37100886.957","0","false","true",
"C","A","20180101","2018","52","2018","36","AUS","Australia","M","Import","705","SVN","Slovenia","0","W00","World","H5","HS","true","0901","Coffee, whether or not roasted or decaffeinated; husks and skins; coffee substitutes containing coffee in any proportion","4","false","C00","TOTAL CPC","0","0","TOTAL MOT","8","kg","4284.59","false","8","kg","4284.59","false","4284.59","false","29180.2","false","27895.891","26104.066","27895.891","0","false","true",
"C","A","20180101","2018","52","2018","36","AUS","Australia","M","Import","710","ZAF","South Africa","0","W00","World","H5","HS","true","0901","Coffee, whether or not roasted or decaffeinated; husks and skins; coffee substitutes containing coffee in any proportion","4","false","C00","TOTAL CPC","0","0","TOTAL MOT","8","kg","815","false","8","kg","815","false","815","false","0","false","9358.844","7071.29","9358.844","0","false","true",
"C","A","20180101","2018","52","2018","36","AUS","Australia","M","Import","724","ESP","Spain","0","W00","World","H5","HS","true","0901","Coffee, whether or not roasted or decaffeinated; husks and skins; coffee substitutes containing coffee in any proportion","4","false","C00","TOTAL CPC","0","0","TOTAL MOT","8","kg","309766.06","false","8","kg","309766.06","false","309766.06","false","0","false","2677739.793","2499612.68","2677739.793","0","false","true",
"C","A","20180101","2018","52","2018","36","AUS","Australia","M","Import","752","SWE","Sweden","0","W00","World","H5","HS","true","0901","Coffee, whether or not roasted or decaffeinated; husks and skins; coffee substitutes containing coffee in any proportion","4","false","C00","TOTAL CPC","0","0","TOTAL MOT","8","kg","4096","false","8","kg","4096","false","4096","false","0","false","25249.606","22375.11","25249.606","0","false","true",
"C","A","20180101","2018","52","2018","36","AUS","Australia","M","Import","757","CHE","Switzerland","0","W00","World","H5","HS","true","0901","Coffee, whether or not roasted or decaffeinated; husks and skins; coffee substitutes containing coffee in any proportion","4","false","C00","TOTAL CPC","0","0","TOTAL MOT","8","kg","2596202.39","false","8","kg","2596202.39","false","2596202.39","false","0","false","102338288.377","100850351.744","102338288.377","0","false","true",
"C","A","20180101","2018","52","2018","36","AUS","Australia","M","Import","760","SYR","Syria","0","W00","World","H5","HS","true","0901","Coffee, whether or not roasted or decaffeinated; husks and skins; coffee substitutes containing coffee in any proportion","4","false","C00","TOTAL CPC","0","0","TOTAL MOT","8","kg","1598","false","8","kg","1598","false","1598","false","0","false","9854.647","7582.971","9854.647","0","false","true",
"C","A","20180101","2018","52","2018","36","AUS","Australia","M","Import","764","THA","Thailand","0","W00","World","H5","HS","true","0901","Coffee, whether or not roasted or decaffeinated; husks and skins; coffee substitutes containing coffee in any proportion","4","false","C00","TOTAL CPC","0","0","TOTAL MOT","8","kg","3668.55","false","8","kg","3668.55","false","3668.55","false","0","false","34249.397","31925.203","34249.397","0","false","true",
"C","A","20180101","2018","52","2018","36","AUS","Australia","M","Import","784","ARE","United Arab Emirates","0","W00","World","H5","HS","true","0901","Coffee, whether or not roasted or decaffeinated; husks and skins; coffee substitutes containing coffee in any proportion","4","false","C00","TOTAL CPC","0","0","TOTAL MOT","8","kg","16020","false","8","kg","16020","false","16020","false","22481","false","130758.712","127042.502","130758.712","0","false","true",
"C","A","20180101","2018","52","2018","36","AUS","Australia","M","Import","792","TUR","Türkiye","0","W00","World","H5","HS","true","0901","Coffee, whether or not roasted or decaffeinated; husks and skins; coffee substitutes containing coffee in any proportion","4","false","C00","TOTAL CPC","0","0","TOTAL MOT","8","kg","5541","false","8","kg","5541","false","5541","false","0","false","58673.921","56055.393","58673.921","0","false","true",
"C","A","20180101","2018","52","2018","36","AUS","Australia","M","Import","800","UGA","Uganda","0","W00","World","H5","HS","true","0901","Coffee, whether or not roasted or decaffeinated; husks and skins; coffee substitutes containing coffee in any proportion","4","false","C00","TOTAL CPC","0","0","TOTAL MOT","8","kg","527744","false","8","kg","527744","false","527744","false","551569.5","false","1424868.867","1383579.815","1424868.867","0","false","true",
"C","A","20180101","2018","52","2018","36","AUS","Australia","M","Import","807","MKD","North Macedonia","0","W00","World","H5","HS","true","0901","Coffee, whether or not roasted or decaffeinated; husks and skins; coffee substitutes containing coffee in any proportion","4","false","C00","TOTAL CPC","0","0","TOTAL MOT","8","kg","17711","false","8","kg","17711","false","17711","false","0","false","127527.293","118435.154","127527.293","0","false","true",
"C","A","20180101","2018","52","2018","36","AUS","Australia","M","Import","826","GBR","United Kingdom","0","W00","World","H5","HS","true","0901","Coffee, whether or not roasted or decaffeinated; husks and skins; coffee substitutes containing coffee in any proportion","4","false","C00","TOTAL CPC","0","0","TOTAL MOT","8","kg","415684.561","true","-1","N/A","0","false","415684.561","true","0","false","4247161.187","3917572.226","4247161.187","6","false","true",
"C","A","20180101","2018","52","2018","36","AUS","Australia","M","Import","834","TZA","United Rep. of Tanzania","0","W00","World","H5","HS","true","0901","Coffee, whether or not roasted or decaffeinated; husks and skins; coffee substitutes containing coffee in any proportion","4","false","C00","TOTAL CPC","0","0","TOTAL MOT","8","kg","689310","false","8","kg","689310","false","689310","false","699457.4","false","2492799.398","2406126.822","2492799.398","0","false","true",
"C","A","20180101","2018","52","2018","36","AUS","Australia","M","Import","842","USA","USA","0","W00","World","H5","HS","true","0901","Coffee, whether or not roasted or decaffeinated; husks and skins; coffee substitutes containing coffee in any proportion","4","false","C00","TOTAL CPC","0","0","TOTAL MOT","8","kg","312799.79","false","8","kg","312799.79","false","312799.79","false","0","false","2418007.675","2274294.233","2418007.675","0","false","true",
"C","A","20180101","2018","52","2018","36","AUS","Australia","M","Import","887","YEM","Yemen","0","W00","World","H5","HS","true","0901","Coffee, whether or not roasted or decaffeinated; husks and skins; coffee substitutes containing coffee in any proportion","4","false","C00","TOTAL CPC","0","0","TOTAL MOT","8","kg","2610.5","false","8","kg","2610.5","false","2610.5","false","2716","false","43160.83","37576.96","43160.83","0","false","true",
"C","A","20180101","2018","52","2018","36","AUS","Australia","M","Import","894","ZMB","Zambia","0","W00","World","H5","HS","true","0901","Coffee, whether or not roasted or decaffeinated; husks and skins; coffee substitutes containing coffee in any proportion","4","false","C00","TOTAL CPC","0","0","TOTAL MOT","8","kg","90240","false","8","kg","90240","false","90240","false","94481.8","false","417219.931","406936.933","417219.931","0","false","true",
"C","A","20190101","2019","52","2019","36","AUS","Australia","M","Import","0","W00","World","0","W00","World","H5","HS","true","0901","Coffee, whether or not roasted or decaffeinated; husks and skins; coffee substitutes containing coffee in any proportion","4","false","C00","TOTAL CPC","0","0","TOTAL MOT","8","kg","106780783.702","false","8","kg","106780783.702","false","106780783.702","false","0","false","460189427.174","447201930.792","460189427.174","0","false","true",
"C","A","20190101","2019","52","2019","36","AUS","Australia","M","Import","36","AUS","Australia","0","W00","World","H5","HS","true","0901","Coffee, whether or not roasted or decaffeinated; husks and skins; coffee substitutes containing coffee in any proportion","4","false","C00","TOTAL CPC","0","0","TOTAL MOT","8","kg","38799.3","false","8","kg","38799.3","false","38799.3","false","0","false","95087.504","87074.478","95087.504","0","false","true",
"C","A","20190101","2019","52","2019","36","AUS","Australia","M","Import","40","AUT","Austria","0","W00","World","H5","HS","true","0901","Coffee, whether or not roasted or decaffeinated; husks and skins; coffee substitutes containing coffee in any proportion","4","false","C00","TOTAL CPC","0","0","TOTAL MOT","8","kg","1249.92","false","8","kg","1249.92","false","1249.92","false","0","false","26134.166","24904.113","26134.166","0","false","true",
"C","A","20190101","2019","52","2019","36","AUS","Australia","M","Import","56","BEL","Belgium","0","W00","World","H5","HS","true","0901","Coffee, whether or not roasted or decaffeinated; husks and skins; coffee substitutes containing coffee in any proportion","4","false","C00","TOTAL CPC","0","0","TOTAL MOT","8","kg","120431.58","false","8","kg","120431.58","false","120431.58","false","130276.05","false","473357.655","465797.544","473357.655","0","false","true",
"C","A","20190101","2019","52","2019","36","AUS","Australia","M","Import","68","BOL","Bolivia (Plurinational State of)","0","W00","World","H5","HS","true","0901","Coffee, whether or not roasted or decaffeinated; husks and skins; coffee substitutes containing coffee in any proportion","4","false","C00","TOTAL CPC","0","0","TOTAL MOT","8","kg","32320","false","8","kg","32320","false","32320","false","0","false","362042.481","354286.778","362042.481","0","false","true",
"C","A","20190101","2019","52","2019","36","AUS","Australia","M","Import","70","BIH","Bosnia Herzegovina","0","W00","World","H5","HS","true","0901","Coffee, whether or not roasted or decaffeinated; husks and skins; coffee substitutes containing coffee in any proportion","4","false","C00","TOTAL CPC","0","0","TOTAL MOT","8","kg","22387","false","8","kg","22387","false","22387","false","0","false","128365.823","119183.501","128365.823","0","false","true",
"C","A","20190101","2019","52","2019","36","AUS","Australia","M","Import","76","BRA","Brazil","0","W00","World","H5","HS","true","0901","Coffee, whether or not roasted or decaffeinated; husks and skins; coffee substitutes containing coffee in any proportion","4","false","C00","TOTAL CPC","0","0","TOTAL MOT","8","kg","21445662.19","false","8","kg","21445662.19","false","21445662.19","false","0","false","58943851.079","57090036.044","58943851.079","0","false","true",
"C","A","20190101","2019","52","2019","36","AUS","Australia","M","Import","84","BLZ","Belize","0","W00","World","H5","HS","true","0901","Coffee, whether or not roasted or decaffeinated; husks and skins; coffee substitutes containing coffee in any proportion","4","false","C00","TOTAL CPC","0","0","TOTAL MOT","8","kg","43360.9","false","8","kg","43360.9","false","43360.9","false","41015","false","122036.043","117489.14","122036.043","0","false","true",
"C","A","20190101","2019","52","2019","36","AUS","Australia","M","Import","92","VGB","Br. Virgin Isds","0","W00","World","H5","HS","true","0901","Coffee, whether or not roasted or decaffeinated; husks and skins; coffee substitutes containing coffee in any proportion","4","false","C00","TOTAL CPC","0","0","TOTAL MOT","8","kg","3745.2","false","8","kg","3745.2","false","3745.2","false","14501.8","false","86859.985","85759.886","86859.985","0","false","true",
"C","A","20190101","2019","52","2019","36","AUS","Australia","M","Import","104","MMR","Myanmar","0","W00","World","H5","HS","true","0901","Coffee, whether or not roasted or decaffeinated; husks and skins; coffee substitutes containing coffee in any proportion","4","false","C00","TOTAL CPC","0","0","TOTAL MOT","8","kg","25676.9","false","8","kg","25676.9","false","25676.9","false","0","false","126754.784","124794.577","126754.784","0","false","true",
"C","A","20190101","2019","52","2019","36","AUS","Australia","M","Import","108","BDI","Burundi","0","W00","World","H5","HS","true","0901","Coffee, whether or not roasted or decaffeinated; husks and skins; coffee substitutes containing coffee in any proportion","4","false","C00","TOTAL CPC","0","0","TOTAL MOT","8","kg","139624","false","8","kg","139624","false","139624","false","151266","false","804736.988","788574.817","804736.988","0","false","true",
"C","A","20190101","2019","52","2019","36","AUS","Australia","M","Import","124","CAN","Canada","0","W00","World","H5","HS","true","0901","Coffee, whether or not roasted or decaffeinated; husks and skins; coffee substitutes containing coffee in any proportion","4","false","C00","TOTAL CPC","0","0","TOTAL MOT","8","kg","449148.42","false","8","kg","449148.42","false","449148.42","false","473936.1","false","2442607.122","2394595.246","2442607.122","0","false","true",
"C","A","20190101","2019","52","2019","36","AUS","Australia","M","Import","144","LKA","Sri Lanka","0","W00","World","H5","HS","true","0901","Coffee, whether or not roasted or decaffeinated; husks and skins; coffee substitutes containing coffee in any proportion","4","false","C00","TOTAL CPC","0","0","TOTAL MOT","8","kg","1925","false","8","kg","1925","false","1925","false","0","false","11164.954","10950.245","11164.954","0","false","true",
"C","A","20190101","2019","52","2019","36","AUS","Australia","M","Import","156","CHN","China","0","W00","World","H5","HS","true","0901","Coffee, whether or not roasted or decaffeinated; husks and skins; coffee substitutes containing coffee in any proportion","4","false","C00","TOTAL CPC","0","0","TOTAL MOT","8","kg","1619288.36","false","8","kg","1619288.36","false","1619288.36","false","0","false","4354556.858","4235824.304","4354556.858","0","false","true",
"C","A","20190101","2019","52","2019","36","AUS","Australia","M","Import","170","COL","Colombia","0","W00","World","H5","HS","true","0901","Coffee, whether or not roasted or decaffeinated; husks and skins; coffee substitutes containing coffee in any proportion","4","false","C00","TOTAL CPC","0","0","TOTAL MOT","8","kg","11196057.45","false","8","kg","11196057.45","false","11196057.45","false","0","false","42754054.645","41542161.215","42754054.645","0","false","true",
"C","A","20190101","2019","52","2019","36","AUS","Australia","M","Import","178","COG","Congo","0","W00","World","H5","HS","true","0901","Coffee, whether or not roasted or decaffeinated; husks and skins; coffee substitutes containing coffee in any proportion","4","false","C00","TOTAL CPC","0","0","TOTAL MOT","8","kg","93186.5","false","8","kg","93186.5","false","93186.5","false","93799","false","237753.087","229710.211","237753.087","0","false","true",
"C","A","20190101","2019","52","2019","36","AUS","Australia","M","Import","180","COD","Dem. Rep. of the Congo","0","W00","World","H5","HS","true","0901","Coffee, whether or not roasted or decaffeinated; husks and skins; coffee substitutes containing coffee in any proportion","4","false","C00","TOTAL CPC","0","0","TOTAL MOT","8","kg","14400","false","8","kg","14400","false","14400","false","14420","false","41743.702","40376.187","41743.702","0","false","true",
"C","A","20190101","2019","52","2019","36","AUS","Australia","M","Import","188","CRI","Costa Rica","0","W00","World","H5","HS","true","0901","Coffee, whether or not roasted or decaffeinated; husks and skins; coffee substitutes containing coffee in any proportion","4","false","C00","TOTAL CPC","0","0","TOTAL MOT","8","kg","1575270","false","8","kg","1575270","false","1575270","false","1437539","false","6435700.134","6316687.254","6435700.134","0","false","true",
"C","A","20190101","2019","52","2019","36","AUS","Australia","M","Import","191","HRV","Croatia","0","W00","World","H5","HS","true","0901","Coffee, whether or not roasted or decaffeinated; husks and skins; coffee substitutes containing coffee in any proportion","4","false","C00","TOTAL CPC","0","0","TOTAL MOT","8","kg","9980","false","8","kg","9980","false","9980","false","56013.3","false","53232.117","51086.183","53232.117","0","false","true",
"C","A","20190101","2019","52","2019","36","AUS","Australia","M","Import","192","CUB","Cuba","0","W00","World","H5","HS","true","0901","Coffee, whether or not roasted or decaffeinated; husks and skins; coffee substitutes containing coffee in any proportion","4","false","C00","TOTAL CPC","0","0","TOTAL MOT","8","kg","45329","false","8","kg","45329","false","45329","false","45494","false","226286.807","219663.744","226286.807","0","false","true",
"C","A","20190101","2019","52","2019","36","AUS","Australia","M","Import","196","CYP","Cyprus","0","W00","World","H5","HS","true","0901","Coffee, whether or not roasted or decaffeinated; husks and skins; coffee substitutes containing coffee in any proportion","4","false","C00","TOTAL CPC","0","0","TOTAL MOT","8","kg","1974","false","8","kg","1974","false","1974","false","9830","false","20297.954","19243.27","20297.954","0","false","true",
"C","A","20190101","2019","52","2019","36","AUS","Australia","M","Import","208","DNK","Denmark","0","W00","World","H5","HS","true","0901","Coffee, whether or not roasted or decaffeinated; husks and skins; coffee substitutes containing coffee in any proportion","4","false","C00","TOTAL CPC","0","0","TOTAL MOT","8","kg","6615.4","false","8","kg","6615.4","false","6615.4","false","7082","false","9055.949","7293.189","9055.949","0","false","true",
"C","A","20190101","2019","52","2019","36","AUS","Australia","M","Import","214","DOM","Dominican Rep.","0","W00","World","H5","HS","true","0901","Coffee, whether or not roasted or decaffeinated; husks and skins; coffee substitutes containing coffee in any proportion","4","false","C00","TOTAL CPC","0","0","TOTAL MOT","8","kg","762","false","8","kg","762","false","762","false","901","false","23741.219","21619.741","23741.219","0","false","true",
"C","A","20190101","2019","52","2019","36","AUS","Australia","M","Import","222","SLV","El Salvador","0","W00","World","H5","HS","true","0901","Coffee, whether or not roasted or decaffeinated; husks and skins; coffee substitutes containing coffee in any proportion","4","false","C00","TOTAL CPC","0","0","TOTAL MOT","8","kg","576000","false","8","kg","576000","false","576000","false","576936","false","2725644.048","2650559.004","2725644.048","0","false","true",
"C","A","20190101","2019","52","2019","36","AUS","Australia","M","Import","231","ETH","Ethiopia","0","W00","World","H5","HS","true","0901","Coffee, whether or not roasted or decaffeinated; husks and skins; coffee substitutes containing coffee in any proportion","4","false","C00","TOTAL CPC","0","0","TOTAL MOT","8","kg","4383133.2","false","8","kg","4383133.2","false","4383133.2","false","4286096","false","16865963.172","16534908.022","16865963.172","0","false","true",
"C","A","20190101","2019","52","2019","36","AUS","Australia","M","Import","246","FIN","Finland","0","W00","World","H5","HS","true","0901","Coffee, whether or not roasted or decaffeinated; husks and skins; coffee substitutes containing coffee in any proportion","4","false","C00","TOTAL CPC","0","0","TOTAL MOT","8","kg","360","false","8","kg","360","false","360","false","492","false","3107.313","2920.543","3107.313","0","false","true",
"C","A","20190101","2019","52","2019","36","AUS","Australia","M","Import","251","FRA","France","0","W00","World","H5","HS","true","0901","Coffee, whether or not roasted or decaffeinated; husks and skins; coffee substitutes containing coffee in any proportion","4","false","C00","TOTAL CPC","0","0","TOTAL MOT","8","kg","835547.74","false","8","kg","835547.74","false","835547.74","false","1360053","false","13704794.907","12735975.298","13704794.907","0","false","true",
"C","A","20190101","2019","52","2019","36","AUS","Australia","M","Import","262","DJI","Djibouti","0","W00","World","H5","HS","true","0901","Coffee, whether or not roasted or decaffeinated; husks and skins; coffee substitutes containing coffee in any proportion","4","false","C00","TOTAL CPC","0","0","TOTAL MOT","8","kg","317213","false","8","kg","317213","false","317213","false","316292","false","1324326.757","1296225.28","1324326.757","0","false","true",
"C","A","20190101","2019","52","2019","36","AUS","Australia","M","Import","276","DEU","Germany","0","W00","World","H5","HS","true","0901","Coffee, whether or not roasted or decaffeinated; husks and skins; coffee substitutes containing coffee in any proportion","4","false","C00","TOTAL CPC","0","0","TOTAL MOT","8","kg","4076781.2","false","8","kg","4076781.2","false","4076781.2","false","4869855.76","false","34035283.101","33495447.411","34035283.101","0","false","true",
"C","A","20190101","2019","52","2019","36","AUS","Australia","M","Import","300","GRC","Greece","0","W00","World","H5","HS","true","0901","Coffee, whether or not roasted or decaffeinated; husks and skins; coffee substitutes containing coffee in any proportion","4","false","C00","TOTAL CPC","0","0","TOTAL MOT","8","kg","24687.8","false","8","kg","24687.8","false","24687.8","false","60346.7","false","244189.534","235486.056","244189.534","0","false","true",
"C","A","20190101","2019","52","2019","36","AUS","Australia","M","Import","320","GTM","Guatemala","0","W00","World","H5","HS","true","0901","Coffee, whether or not roasted or decaffeinated; husks and skins; coffee substitutes containing coffee in any proportion","4","false","C00","TOTAL CPC","0","0","TOTAL MOT","8","kg","2376232","false","8","kg","2376232","false","2376232","false","2404792","false","9944782.403","9675539.572","9944782.403","0","false","true",
"C","A","20190101","2019","52","2019","36","AUS","Australia","M","Import","340","HND","Honduras","0","W00","World","H5","HS","true","0901","Coffee, whether or not roasted or decaffeinated; husks and skins; coffee substitutes containing coffee in any proportion","4","false","C00","TOTAL CPC","0","0","TOTAL MOT","8","kg","6133850","false","8","kg","6133850","false","6133850","false","6475240","false","18225853.374","17669146.493","18225853.374","0","false","true",
"C","A","20190101","2019","52","2019","36","AUS","Australia","M","Import","344","HKG","China, Hong Kong SAR","0","W00","World","H5","HS","true","0901","Coffee, whether or not roasted or decaffeinated; husks and skins; coffee substitutes containing coffee in any proportion","4","false","C00","TOTAL CPC","0","0","TOTAL MOT","8","kg","20434","false","8","kg","20434","false","20434","false","21278","false","70911.806","67868.491","70911.806","0","false","true",
"C","A","20190101","2019","52","2019","36","AUS","Australia","M","Import","360","IDN","Indonesia","0","W00","World","H5","HS","true","0901","Coffee, whether or not roasted or decaffeinated; husks and skins; coffee substitutes containing coffee in any proportion","4","false","C00","TOTAL CPC","0","0","TOTAL MOT","8","kg","2683435.33","false","8","kg","2683435.33","false","2683435.33","false","0","false","10772205.291","10623444.477","10772205.291","0","false","true",
"C","A","20190101","2019","52","2019","36","AUS","Australia","M","Import","372","IRL","Ireland","0","W00","World","H5","HS","true","0901","Coffee, whether or not roasted or decaffeinated; husks and skins; coffee substitutes containing coffee in any proportion","4","false","C00","TOTAL CPC","0","0","TOTAL MOT","8","kg","21148","false","8","kg","21148","false","21148","false","9000","false","77918.594","76196.238","77918.594","0","false","true",
"C","A","20190101","2019","52","2019","36","AUS","Australia","M","Import","380","ITA","Italy","0","W00","World","H5","HS","true","0901","Coffee, whether or not roasted or decaffeinated; husks and skins; coffee substitutes containing coffee in any proportion","4","false","C00","TOTAL CPC","0","0","TOTAL MOT","8","kg","4840272.9","false","8","kg","4840272.9","false","4840272.9","false","5380312.3","false","28939683.996","27170887.589","28939683.996","0","false","true",
"C","A","20190101","2019","52","2019","36","AUS","Australia","M","Import","388","JAM","Jamaica","0","W00","World","H5","HS","true","0901","Coffee, whether or not roasted or decaffeinated; husks and skins; coffee substitutes containing coffee in any proportion","4","false","C00","TOTAL CPC","0","0","TOTAL MOT","8","kg","1520","false","8","kg","1520","false","1520","false","1744","false","80862.668","73753.309","80862.668","0","false","true",
"C","A","20190101","2019","52","2019","36","AUS","Australia","M","Import","392","JPN","Japan","0","W00","World","H5","HS","true","0901","Coffee, whether or not roasted or decaffeinated; husks and skins; coffee substitutes containing coffee in any proportion","4","false","C00","TOTAL CPC","0","0","TOTAL MOT","8","kg","490.12","false","8","kg","490.12","false","490.12","false","17745.01","false","20909.081","15900.428","20909.081","0","false","true",
"C","A","20190101","2019","52","2019","36","AUS","Australia","M","Import","400","JOR","Jordan","0","W00","World","H5","HS","true","0901","Coffee, whether or not roasted or decaffeinated; husks and skins; coffee substitutes containing coffee in any proportion","4","false","C00","TOTAL CPC","0","0","TOTAL MOT","8","kg","17765.8","false","8","kg","17765.8","false","17765.8","false","24184.5","false","237207.132","231814.234","237207.132","0","false","true",
"C","A","20190101","2019","52","2019","36","AUS","Australia","M","Import","404","KEN","Kenya","0","W00","World","H5","HS","true","0901","Coffee, whether or not roasted or decaffeinated; husks and skins; coffee substitutes containing coffee in any proportion","4","false","C00","TOTAL CPC","0","0","TOTAL MOT","8","kg","1652032","false","8","kg","1652032","false","1652032","false","0","false","9657214.563","9457863.966","9657214.563","0","false","true",
"C","A","20190101","2019","52","2019","36","AUS","Australia","M","Import","410","KOR","Rep. of Korea","0","W00","World","H5","HS","true","0901","Coffee, whether or not roasted or decaffeinated; husks and skins; coffee substitutes containing coffee in any proportion","4","false","C00","TOTAL CPC","0","0","TOTAL MOT","8","kg","22581.76","false","8","kg","22581.76","false","22581.76","false","0","false","133933.979","130295.56","133933.979","0","false","true",
"C","A","20190101","2019","52","2019","36","AUS","Australia","M","Import","418","LAO","Lao People's Dem. Rep.","0","W00","World","H5","HS","true","0901","Coffee, whether or not roasted or decaffeinated; husks and skins; coffee substitutes containing coffee in any proportion","4","false","C00","TOTAL CPC","0","0","TOTAL MOT","8","kg","12120","false","8","kg","12120","false","12120","false","12302.4","false","31353.489","30050.408","31353.489","0","false","true",
"C","A","20190101","2019","52","2019","36","AUS","Australia","M","Import","422","LBN","Lebanon","0","W00","World","H5","HS","true","0901","Coffee, whether or not roasted or decaffeinated; husks and skins; coffee substitutes containing coffee in any proportion","4","false","C00","TOTAL CPC","0","0","TOTAL MOT","8","kg","91631.4","false","8","kg","91631.4","false","91631.4","false","0","false","758851.845","739178.984","758851.845","0","false","true",
"C","A","20190101","2019","52","2019","36","AUS","Australia","M","Import","454","MWI","Malawi","0","W00","World","H5","HS","true","0901","Coffee, whether or not roasted or decaffeinated; husks and skins; coffee substitutes containing coffee in any proportion","4","false","C00","TOTAL CPC","0","0","TOTAL MOT","8","kg","19500","false","8","kg","19500","false","19500","false","19392","false","102497.717","100434.501","102497.717","0","false","true",
"C","A","20190101","2019","52","2019","36","AUS","Australia","M","Import","458","MYS","Malaysia","0","W00","World","H5","HS","true","0901","Coffee, whether or not roasted or decaffeinated; husks and skins; coffee substitutes containing coffee in any proportion","4","false","C00","TOTAL CPC","0","0","TOTAL MOT","8","kg","87012.6","false","8","kg","87012.6","false","87012.6","false","127136.1","false","520390.48","498616.754","520390.48","0","false","true",
"C","A","20190101","2019","52","2019","36","AUS","Australia","M","Import","484","MEX","Mexico","0","W00","World","H5","HS","true","0901","Coffee, whether or not roasted or decaffeinated; husks and skins; coffee substitutes containing coffee in any proportion","4","false","C00","TOTAL CPC","0","0","TOTAL MOT","8","kg","1164994","false","8","kg","1164994","false","1164994","false","984080","false","3593018.963","3482635.36","3593018.963","0","false","true",
"C","A","20190101","2019","52","2019","36","AUS","Australia","M","Import","490","S19","Other Asia, nes","0","W00","World","H5","HS","true","0901","Coffee, whether or not roasted or decaffeinated; husks and skins; coffee substitutes containing coffee in any proportion","4","false","C00","TOTAL CPC","0","0","TOTAL MOT","8","kg","23412","false","8","kg","23412","false","23412","false","103757.2","false","165433.912","163153.748","165433.912","0","false","true",
"C","A","20190101","2019","52","2019","36","AUS","Australia","M","Import","524","NPL","Nepal","0","W00","World","H5","HS","true","0901","Coffee, whether or not roasted or decaffeinated; husks and skins; coffee substitutes containing coffee in any proportion","4","false","C00","TOTAL CPC","0","0","TOTAL MOT","8","kg","2225","false","8","kg","2225","false","2225","false","2300","false","18170.046","16375.518","18170.046","0","false","true",
"C","A","20190101","2019","52","2019","36","AUS","Australia","M","Import","528","NLD","Netherlands","0","W00","World","H5","HS","true","0901","Coffee, whether or not roasted or decaffeinated; husks and skins; coffee substitutes containing coffee in any proportion","4","false","C00","TOTAL CPC","0","0","TOTAL MOT","8","kg","32975.82","false","8","kg","32975.82","false","32975.82","false","0","false","232387.901","220300.786","232387.901","0","false","true",
"C","A","20190101","2019","52","2019","36","AUS","Australia","M","Import","548","VUT","Vanuatu","0","W00","World","H5","HS","true","0901","Coffee, whether or not roasted or decaffeinated; husks and skins; coffee substitutes containing coffee in any proportion","4","false","C00","TOTAL CPC","0","0","TOTAL MOT","8","kg","3100","false","8","kg","3100","false","3100","false","5237","false","27904.398","25636.31","27904.398","0","false","true",
"C","A","20190101","2019","52","2019","36","AUS","Australia","M","Import","554","NZL","New Zealand","0","W00","World","H5","HS","true","0901","Coffee, whether or not roasted or decaffeinated; husks and skins; coffee substitutes containing coffee in any proportion","4","false","C00","TOTAL CPC","0","0","TOTAL MOT","8","kg","183389.182","false","8","kg","183389.182","false","183389.182","false","0","false","2011389.559","1982963.016","2011389.559","0","false","true",
"C","A","20190101","2019","52","2019","36","AUS","Australia","M","Import","558","NIC","Nicaragua","0","W00","World","H5","HS","true","0901","Coffee, whether or not roasted or decaffeinated; husks and skins; coffee substitutes containing coffee in any proportion","4","false","C00","TOTAL CPC","0","0","TOTAL MOT","8","kg","1760767","false","8","kg","1760767","false","1760767","false","1927974","false","7471045.153","7260050.755","7471045.153","0","false","true",
"C","A","20190101","2019","52","2019","36","AUS","Australia","M","Import","579","NOR","Norway","0","W00","World","H5","HS","true","0901","Coffee, whether or not roasted or decaffeinated; husks and skins; coffee substitutes containing coffee in any proportion","4","false","C00","TOTAL CPC","0","0","TOTAL MOT","8","kg","53.95","false","8","kg","53.95","false","53.95","false","64.81","false","3125.005","2635.866","3125.005","0","false","true",
"C","A","20190101","2019","52","2019","36","AUS","Australia","M","Import","591","PAN","Panama","0","W00","World","H5","HS","true","0901","Coffee, whether or not roasted or decaffeinated; husks and skins; coffee substitutes containing coffee in any proportion","4","false","C00","TOTAL CPC","0","0","TOTAL MOT","8","kg","395395.93","false","8","kg","395395.93","false","395395.93","false","0","false","1667841.669","1622813.72","1667841.669","0","false","true",
"C","A","20190101","2019","52","2019","36","AUS","Australia","M","Import","598","PNG","Papua New Guinea","0","W00","World","H5","HS","true","0901","Coffee, whether or not roasted or decaffeinated; husks and skins; coffee substitutes containing coffee in any proportion","4","false","C00","TOTAL CPC","0","0","TOTAL MOT","8","kg","6605460","false","8","kg","6605460","false","6605460","false","6763528","false","19191803.521","18810651.694","19191803.521","0","false","true",
"C","A","20190101","2019","52","2019","36","AUS","Australia","M","Import","604","PER","Peru","0","W00","World","H5","HS","true","0901","Coffee, whether or not roasted or decaffeinated; husks and skins; coffee substitutes containing coffee in any proportion","4","false","C00","TOTAL CPC","0","0","TOTAL MOT","8","kg","2085064.1","false","8","kg","2085064.1","false","2085064.1","false","2120540","false","7444518.107","7250969.795","7444518.107","0","false","true",
"C","A","20190101","2019","52","2019","36","AUS","Australia","M","Import","608","PHL","Philippines","0","W00","World","H5","HS","true","0901","Coffee, whether or not roasted or decaffeinated; husks and skins; coffee substitutes containing coffee in any proportion","4","false","C00","TOTAL CPC","0","0","TOTAL MOT","8","kg","10912.65","false","8","kg","10912.65","false","10912.65","false","27889.9","false","60298.716","57995.48","60298.716","0","false","true",
"C","A","20190101","2019","52","2019","36","AUS","Australia","M","Import","616","POL","Poland","0","W00","World","H5","HS","true","0901","Coffee, whether or not roasted or decaffeinated; husks and skins; coffee substitutes containing coffee in any proportion","4","false","C00","TOTAL CPC","0","0","TOTAL MOT","8","kg","2244.6","false","8","kg","2244.6","false","2244.6","false","6750","false","30688.063","26158.122","30688.063","0","false","true",
"C","A","20190101","2019","52","2019","36","AUS","Australia","M","Import","620","PRT","Portugal","0","W00","World","H5","HS","true","0901","Coffee, whether or not roasted or decaffeinated; husks and skins; coffee substitutes containing coffee in any proportion","4","false","C00","TOTAL CPC","0","0","TOTAL MOT","8","kg","899","false","8","kg","899","false","899","false","17686.4","false","13159.669","12656.112","13159.669","0","false","true",
"C","A","20190101","2019","52","2019","36","AUS","Australia","M","Import","626","TLS","Timor-Leste","0","W00","World","H5","HS","true","0901","Coffee, whether or not roasted or decaffeinated; husks and skins; coffee substitutes containing coffee in any proportion","4","false","C00","TOTAL CPC","0","0","TOTAL MOT","8","kg","207340","false","8","kg","207340","false","207340","false","217444.89","false","874834.617","846318.279","874834.617","0","false","true",
"C","A","20190101","2019","52","2019","36","AUS","Australia","M","Import","642","ROU","Romania","0","W00","World","H5","HS","true","0901","Coffee, whether or not roasted or decaffeinated; husks and skins; coffee substitutes containing coffee in any proportion","4","false","C00","TOTAL CPC","0","0","TOTAL MOT","8","kg","2551.5","false","8","kg","2551.5","false","2551.5","false","0","false","61479.555","54739.326","61479.555","0","false","true",
"C","A","20190101","2019","52","2019","36","AUS","Australia","M","Import","646","RWA","Rwanda","0","W00","World","H5","HS","true","0901","Coffee, whether or not roasted or decaffeinated; husks and skins; coffee substitutes containing coffee in any proportion","4","false","C00","TOTAL CPC","0","0","TOTAL MOT","8","kg","130550","false","8","kg","130550","false","130550","false","121358","false","730264.037","710852.767","730264.037","0","false","true",
"C","A","20190101","2019","52","2019","36","AUS","Australia","M","Import","682","SAU","Saudi Arabia","0","W00","World","H5","HS","true","0901","Coffee, whether or not roasted or decaffeinated; husks and skins; coffee substitutes containing coffee in any proportion","4","false","C00","TOTAL CPC","0","0","TOTAL MOT","8","kg","3948","false","8","kg","3948","false","3948","false","0","false","16276.902","13650.344","16276.902","0","false","true",
"C","A","20190101","2019","52","2019","36","AUS","Australia","M","Import","688","SRB","Serbia","0","W00","World","H5","HS","true","0901","Coffee, whether or not roasted or decaffeinated; husks and skins; coffee substitutes containing coffee in any proportion","4","false","C00","TOTAL CPC","0","0","TOTAL MOT","8","kg","44887","false","8","kg","44887","false","44887","false","116757","false","233088.069","223091.778","233088.069","0","false","true",
"C","A","20190101","2019","52","2019","36","AUS","Australia","M","Import","699","IND","India","0","W00","World","H5","HS","true","0901","Coffee, whether or not roasted or decaffeinated; husks and skins; coffee substitutes containing coffee in any proportion","4","false","C00","TOTAL CPC","0","0","TOTAL MOT","8","kg","5820256.5","false","8","kg","5820256.5","false","5820256.5","false","0","false","16128947.188","15822495.902","16128947.188","0","false","true",
"C","A","20190101","2019","52","2019","36","AUS","Australia","M","Import","702","SGP","Singapore","0","W00","World","H5","HS","true","0901","Coffee, whether or not roasted or decaffeinated; husks and skins; coffee substitutes containing coffee in any proportion","4","false","C00","TOTAL CPC","0","0","TOTAL MOT","8","kg","68569.2","false","8","kg","68569.2","false","68569.2","false","0","false","277861.281","270768.613","277861.281","0","false","true",
"C","A","20190101","2019","52","2019","36","AUS","Australia","M","Import","704","VNM","Viet Nam","0","W00","World","H5","HS","true","0901","Coffee, whether or not roasted or decaffeinated; husks and skins; coffee substitutes containing coffee in any proportion","4","false","C00","TOTAL CPC","0","0","TOTAL MOT","8","kg","17569378.7","false","8","kg","17569378.7","false","17569378.7","false","17523471.7","false","33125677.124","32277522.781","33125677.124","0","false","true",
"C","A","20190101","2019","52","2019","36","AUS","Australia","M","Import","705","SVN","Slovenia","0","W00","World","H5","HS","true","0901","Coffee, whether or not roasted or decaffeinated; husks and skins; coffee substitutes containing coffee in any proportion","4","false","C00","TOTAL CPC","0","0","TOTAL MOT","8","kg","5921","false","8","kg","5921","false","5921","false","42926","false","34709.24","32617.856","34709.24","0","false","true",
"C","A","20190101","2019","52","2019","36","AUS","Australia","M","Import","710","ZAF","South Africa","0","W00","World","H5","HS","true","0901","Coffee, whether or not roasted or decaffeinated; husks and skins; coffee substitutes containing coffee in any proportion","4","false","C00","TOTAL CPC","0","0","TOTAL MOT","8","kg","12516.5","false","8","kg","12516.5","false","12516.5","false","1269980","false","60879.708","59692.504","60879.708","0","false","true",
"C","A","20190101","2019","52","2019","36","AUS","Australia","M","Import","724","ESP","Spain","0","W00","World","H5","HS","true","0901","Coffee, whether or not roasted or decaffeinated; husks and skins; coffee substitutes containing coffee in any proportion","4","false","C00","TOTAL CPC","0","0","TOTAL MOT","8","kg","141339.13","false","8","kg","141339.13","false","141339.13","false","207361.56","false","997654.618","935047.035","997654.618","0","false","true",
"C","A","20190101","2019","52","2019","36","AUS","Australia","M","Import","752","SWE","Sweden","0","W00","World","H5","HS","true","0901","Coffee, whether or not roasted or decaffeinated; husks and skins; coffee substitutes containing coffee in any proportion","4","false","C00","TOTAL CPC","0","0","TOTAL MOT","8","kg","4346.1","false","8","kg","4346.1","false","4346.1","false","0","false","26323.654","23021.848","26323.654","0","false","true",
"C","A","20190101","2019","52","2019","36","AUS","Australia","M","Import","757","CHE","Switzerland","0","W00","World","H5","HS","true","0901","Coffee, whether or not roasted or decaffeinated; husks and skins; coffee substitutes containing coffee in any proportion","4","false","C00","TOTAL CPC","0","0","TOTAL MOT","8","kg","2758380.2","false","8","kg","2758380.2","false","2758380.2","false","4233277.42","false","88557992.609","86778535.174","88557992.609","0","false","true",
"C","A","20190101","2019","52","2019","36","AUS","Australia","M","Import","760","SYR","Syria","0","W00","World","H5","HS","true","0901","Coffee, whether or not roasted or decaffeinated; husks and skins; coffee substitutes containing coffee in any proportion","4","false","C00","TOTAL CPC","0","0","TOTAL MOT","8","kg","2738","false","8","kg","2738","false","2738","false","0","false","13396.505","11760.12","13396.505","0","false","true",
"C","A","20190101","2019","52","2019","36","AUS","Australia","M","Import","764","THA","Thailand","0","W00","World","H5","HS","true","0901","Coffee, whether or not roasted or decaffeinated; husks and skins; coffee substitutes containing coffee in any proportion","4","false","C00","TOTAL CPC","0","0","TOTAL MOT","8","kg","7950","false","8","kg","7950","false","7950","false","0","false","45714.369","43444.48","45714.369","0","false","true",
"C","A","20190101","2019","52","2019","36","AUS","Australia","M","Import","784","ARE","United Arab Emirates","0","W00","World","H5","HS","true","0901","Coffee, whether or not roasted or decaffeinated; husks and skins; coffee substitutes containing coffee in any proportion","4","false","C00","TOTAL CPC","0","0","TOTAL MOT","8","kg","12840","false","8","kg","12840","false","12840","false","14503","false","103859.956","101428.956","103859.956","0","false","true",
"C","A","20190101","2019","52","2019","36","AUS","Australia","M","Import","792","TUR","Türkiye","0","W00","World","H5","HS","true","0901","Coffee, whether or not roasted or decaffeinated; husks and skins; coffee substitutes containing coffee in any proportion","4","false","C00","TOTAL CPC","0","0","TOTAL MOT","8","kg","12436.4","false","8","kg","12436.4","false","12436.4","false","78576.3","false","105013.465","98957.26","105013.465","0","false","true",
"C","A","20190101","2019","52","2019","36","AUS","Australia","M","Import","800","UGA","Uganda","0","W00","World","H5","HS","true","0901","Coffee, whether or not roasted or decaffeinated; husks and skins; coffee substitutes containing coffee in any proportion","4","false","C00","TOTAL CPC","0","0","TOTAL MOT","8","kg","961454","false","8","kg","961454","false","961454","false","979325","false","2249987.752","2178841.453","2249987.752","0","false","true",
"C","A","20190101","2019","52","2019","36","AUS","Australia","M","Import","807","MKD","North Macedonia","0","W00","World","H5","HS","true","0901","Coffee, whether or not roasted or decaffeinated; husks and skins; coffee substitutes containing coffee in any proportion","4","false","C00","TOTAL CPC","0","0","TOTAL MOT","8","kg","15708","false","8","kg","15708","false","15708","false","0","false","105783.479","97910.515","105783.479","0","false","true",
"C","A","20190101","2019","52","2019","36","AUS","Australia","M","Import","826","GBR","United Kingdom","0","W00","World","H5","HS","true","0901","Coffee, whether or not roasted or decaffeinated; husks and skins; coffee substitutes containing coffee in any proportion","4","false","C00","TOTAL CPC","0","0","TOTAL MOT","8","kg","325869","false","8","kg","325869","false","325869","false","0","false","3317127.799","3082969.13","3317127.799","0","false","true",
"C","A","20190101","2019","52","2019","36","AUS","Australia","M","Import","834","TZA","United Rep. of Tanzania","0","W00","World","H5","HS","true","0901","Coffee, whether or not roasted or decaffeinated; husks and skins; coffee substitutes containing coffee in any proportion","4","false","C00","TOTAL CPC","0","0","TOTAL MOT","8","kg","987712","false","8","kg","987712","false","987712","false","826420","false","2644643.397","2576351.731","2644643.397","0","false","true",
"C","A","20190101","2019","52","2019","36","AUS","Australia","M","Import","842","USA","USA","0","W00","World","H5","HS","true","0901","Coffee, whether or not roasted or decaffeinated; husks and skins; coffee substitutes containing coffee in any proportion","4","false","C00","TOTAL CPC","0","0","TOTAL MOT","8","kg","270701.52","false","8","kg","270701.52","false","270701.52","false","0","false","1985678.625","1872102.334","1985678.625","0","false","true",
"C","A","20190101","2019","52","2019","36","AUS","Australia","M","Import","887","YEM","Yemen","0","W00","World","H5","HS","true","0901","Coffee, whether or not roasted or decaffeinated; husks and skins; coffee substitutes containing coffee in any proportion","4","false","C00","TOTAL CPC","0","0","TOTAL MOT","8","kg","1075.75","false","8","kg","1075.75","false","1075.75","false","1201.1","false","20365.524","18339.645","20365.524","0","false","true",
"C","A","20190101","2019","52","2019","36","AUS","Australia","M","Import","894","ZMB","Zambia","0","W00","World","H5","HS","true","0901","Coffee, whether or not roasted or decaffeinated; husks and skins; coffee substitutes containing coffee in any proportion","4","false","C00","TOTAL CPC","0","0","TOTAL MOT","8","kg","60480","false","8","kg","60480","false","60480","false","58560","false","283776.714","276850.399","283776.714","0","false","true",
"C","A","20200101","2020","52","2020","36","AUS","Australia","M","Import","0","W00","World","0","W00","World","H5","HS","true","0901","Coffee, whether or not roasted or decaffeinated; husks and skins; coffee substitutes containing coffee in any proportion","4","false","C00","TOTAL CPC","0","0","TOTAL MOT","8","kg","103254955.45","false","8","kg","103254955.45","false","103254955.45","false","0","false","491220623.899","474494636.993","491220623.899","0","false","true",
"C","A","20200101","2020","52","2020","36","AUS","Australia","M","Import","36","AUS","Australia","0","W00","World","H5","HS","true","0901","Coffee, whether or not roasted or decaffeinated; husks and skins; coffee substitutes containing coffee in any proportion","4","false","C00","TOTAL CPC","0","0","TOTAL MOT","8","kg","50455.94","false","8","kg","50455.94","false","50455.94","false","51494.6","false","180716.227","174042.261","180716.227","0","false","true",
"C","A","20200101","2020","52","2020","36","AUS","Australia","M","Import","40","AUT","Austria","0","W00","World","H5","HS","true","0901","Coffee, whether or not roasted or decaffeinated; husks and skins; coffee substitutes containing coffee in any proportion","4","false","C00","TOTAL CPC","0","0","TOTAL MOT","8","kg","1437.6","false","8","kg","1437.6","false","1437.6","false","0","false","33107.997","32070.006","33107.997","0","false","true",
"C","A","20200101","2020","52","2020","36","AUS","Australia","M","Import","56","BEL","Belgium","0","W00","World","H5","HS","true","0901","Coffee, whether or not roasted or decaffeinated; husks and skins; coffee substitutes containing coffee in any proportion","4","false","C00","TOTAL CPC","0","0","TOTAL MOT","8","kg","115541.15","false","8","kg","115541.15","false","115541.15","false","122098","false","573639.605","564637.373","573639.605","0","false","true",
"C","A","20200101","2020","52","2020","36","AUS","Australia","M","Import","68","BOL","Bolivia (Plurinational State of)","0","W00","World","H5","HS","true","0901","Coffee, whether or not roasted or decaffeinated; husks and skins; coffee substitutes containing coffee in any proportion","4","false","C00","TOTAL CPC","0","0","TOTAL MOT","8","kg","127680","false","8","kg","127680","false","127680","false","29041.5","false","255564.921","247784.778","255564.921","0","false","true",
"C","A","20200101","2020","52","2020","36","AUS","Australia","M","Import","70","BIH","Bosnia Herzegovina","0","W00","World","H5","HS","true","0901","Coffee, whether or not roasted or decaffeinated; husks and skins; coffee substitutes containing coffee in any proportion","4","false","C00","TOTAL CPC","0","0","TOTAL MOT","8","kg","38321","false","8","kg","38321","false","38321","false","160794","false","222717.673","206741.809","222717.673","0","false","true",
"C","A","20200101","2020","52","2020","36","AUS","Australia","M","Import","76","BRA","Brazil","0","W00","World","H5","HS","true","0901","Coffee, whether or not roasted or decaffeinated; husks and skins; coffee substitutes containing coffee in any proportion","4","false","C00","TOTAL CPC","0","0","TOTAL MOT","8","kg","21431169.3","false","8","kg","21431169.3","false","21431169.3","false","22176780.1","false","60591075.844","58606737.475","60591075.844","0","false","true",
"C","A","20200101","2020","52","2020","36","AUS","Australia","M","Import","104","MMR","Myanmar","0","W00","World","H5","HS","true","0901","Coffee, whether or not roasted or decaffeinated; husks and skins; coffee substitutes containing coffee in any proportion","4","false","C00","TOTAL CPC","0","0","TOTAL MOT","8","kg","24400.7","false","8","kg","24400.7","false","24400.7","false","53774.26","false","110598.718","106045.421","110598.718","0","false","true",
"C","A","20200101","2020","52","2020","36","AUS","Australia","M","Import","108","BDI","Burundi","0","W00","World","H5","HS","true","0901","Coffee, whether or not roasted or decaffeinated; husks and skins; coffee substitutes containing coffee in any proportion","4","false","C00","TOTAL CPC","0","0","TOTAL MOT","8","kg","76140","false","8","kg","76140","false","76140","false","93013.8","false","343899.233","339809.184","343899.233","0","false","true",
"C","A","20200101","2020","52","2020","36","AUS","Australia","M","Import","124","CAN","Canada","0","W00","World","H5","HS","true","0901","Coffee, whether or not roasted or decaffeinated; husks and skins; coffee substitutes containing coffee in any proportion","4","false","C00","TOTAL CPC","0","0","TOTAL MOT","8","kg","364037.02","false","8","kg","364037.02","false","364037.02","false","379397.2","false","2134725.091","2095854.927","2134725.091","0","false","true",
"C","A","20200101","2020","52","2020","36","AUS","Australia","M","Import","144","LKA","Sri Lanka","0","W00","World","H5","HS","true","0901","Coffee, whether or not roasted or decaffeinated; husks and skins; coffee substitutes containing coffee in any proportion","4","false","C00","TOTAL CPC","0","0","TOTAL MOT","8","kg","2348","false","8","kg","2348","false","2348","false","7330","false","24385.425","23276.729","24385.425","0","false","true",
"C","A","20200101","2020","52","2020","36","AUS","Australia","M","Import","156","CHN","China","0","W00","World","H5","HS","true","0901","Coffee, whether or not roasted or decaffeinated; husks and skins; coffee substitutes containing coffee in any proportion","4","false","C00","TOTAL CPC","0","0","TOTAL MOT","8","kg","437015.26","false","8","kg","437015.26","false","437015.26","false","0","false","1317057.233","1292342.15","1317057.233","0","false","true",
"C","A","20200101","2020","52","2020","36","AUS","Australia","M","Import","170","COL","Colombia","0","W00","World","H5","HS","true","0901","Coffee, whether or not roasted or decaffeinated; husks and skins; coffee substitutes containing coffee in any proportion","4","false","C00","TOTAL CPC","0","0","TOTAL MOT","8","kg","11902023.83","false","8","kg","11902023.83","false","11902023.83","false","0","false","49271847.364","47871642.994","49271847.364","0","false","true",
"C","A","20200101","2020","52","2020","36","AUS","Australia","M","Import","180","COD","Dem. Rep. of the Congo","0","W00","World","H5","HS","true","0901","Coffee, whether or not roasted or decaffeinated; husks and skins; coffee substitutes containing coffee in any proportion","4","false","C00","TOTAL CPC","0","0","TOTAL MOT","8","kg","19200","false","8","kg","19200","false","19200","false","19520","false","68992.679","68113.626","68992.679","0","false","true",
"C","A","20200101","2020","52","2020","36","AUS","Australia","M","Import","188","CRI","Costa Rica","0","W00","World","H5","HS","true","0901","Coffee, whether or not roasted or decaffeinated; husks and skins; coffee substitutes containing coffee in any proportion","4","false","C00","TOTAL CPC","0","0","TOTAL MOT","8","kg","922367.98","false","8","kg","922367.98","false","922367.98","false","925395","false","4665530.871","4578895.895","4665530.871","0","false","true",
"C","A","20200101","2020","52","2020","36","AUS","Australia","M","Import","191","HRV","Croatia","0","W00","World","H5","HS","true","0901","Coffee, whether or not roasted or decaffeinated; husks and skins; coffee substitutes containing coffee in any proportion","4","false","C00","TOTAL CPC","0","0","TOTAL MOT","8","kg","15121","false","8","kg","15121","false","15121","false","0","false","63960.015","62449.291","63960.015","0","false","true",
"C","A","20200101","2020","52","2020","36","AUS","Australia","M","Import","192","CUB","Cuba","0","W00","World","H5","HS","true","0901","Coffee, whether or not roasted or decaffeinated; husks and skins; coffee substitutes containing coffee in any proportion","4","false","C00","TOTAL CPC","0","0","TOTAL MOT","8","kg","32129","false","8","kg","32129","false","32129","false","32500","false","160437.091","156211.427","160437.091","0","false","true",
"C","A","20200101","2020","52","2020","36","AUS","Australia","M","Import","196","CYP","Cyprus","0","W00","World","H5","HS","true","0901","Coffee, whether or not roasted or decaffeinated; husks and skins; coffee substitutes containing coffee in any proportion","4","false","C00","TOTAL CPC","0","0","TOTAL MOT","8","kg","6121","false","8","kg","6121","false","6121","false","21035","false","53823.754","50940.764","53823.754","0","false","true",
"C","A","20200101","2020","52","2020","36","AUS","Australia","M","Import","208","DNK","Denmark","0","W00","World","H5","HS","true","0901","Coffee, whether or not roasted or decaffeinated; husks and skins; coffee substitutes containing coffee in any proportion","4","false","C00","TOTAL CPC","0","0","TOTAL MOT","8","kg","33242","false","8","kg","33242","false","33242","false","33268","false","239567.036","233687.435","239567.036","0","false","true",
"C","A","20200101","2020","52","2020","36","AUS","Australia","M","Import","214","DOM","Dominican Rep.","0","W00","World","H5","HS","true","0901","Coffee, whether or not roasted or decaffeinated; husks and skins; coffee substitutes containing coffee in any proportion","4","false","C00","TOTAL CPC","0","0","TOTAL MOT","8","kg","19200","false","8","kg","19200","false","19200","false","19584","false","109544.83","108090.167","109544.83","0","false","true",
"C","A","20200101","2020","52","2020","36","AUS","Australia","M","Import","218","ECU","Ecuador","0","W00","World","H5","HS","true","0901","Coffee, whether or not roasted or decaffeinated; husks and skins; coffee substitutes containing coffee in any proportion","4","false","C00","TOTAL CPC","0","0","TOTAL MOT","8","kg","7577","false","8","kg","7577","false","7577","false","7733.2","false","123622.56","117586.093","123622.56","0","false","true",
"C","A","20200101","2020","52","2020","36","AUS","Australia","M","Import","222","SLV","El Salvador","0","W00","World","H5","HS","true","0901","Coffee, whether or not roasted or decaffeinated; husks and skins; coffee substitutes containing coffee in any proportion","4","false","C00","TOTAL CPC","0","0","TOTAL MOT","8","kg","566055.78","false","8","kg","566055.78","false","566055.78","false","0","false","2553576.392","2472892.706","2553576.392","0","false","true",
"C","A","20200101","2020","52","2020","36","AUS","Australia","M","Import","231","ETH","Ethiopia","0","W00","World","H5","HS","true","0901","Coffee, whether or not roasted or decaffeinated; husks and skins; coffee substitutes containing coffee in any proportion","4","false","C00","TOTAL CPC","0","0","TOTAL MOT","8","kg","3888215.3","false","8","kg","3888215.3","false","3888215.3","false","3968137","false","15863421.11","15516938.415","15863421.11","0","false","true",
"C","A","20200101","2020","52","2020","36","AUS","Australia","M","Import","246","FIN","Finland","0","W00","World","H5","HS","true","0901","Coffee, whether or not roasted or decaffeinated; husks and skins; coffee substitutes containing coffee in any proportion","4","false","C00","TOTAL CPC","0","0","TOTAL MOT","8","kg","438","false","8","kg","438","false","438","false","10094","false","3843.994","3644.776","3843.994","0","false","true",
"C","A","20200101","2020","52","2020","36","AUS","Australia","M","Import","251","FRA","France","0","W00","World","H5","HS","true","0901","Coffee, whether or not roasted or decaffeinated; husks and skins; coffee substitutes containing coffee in any proportion","4","false","C00","TOTAL CPC","0","0","TOTAL MOT","8","kg","1076881.84","false","8","kg","1076881.84","false","1076881.84","false","1746146.5","false","18002449.941","16657958.398","18002449.941","0","false","true",
"C","A","20200101","2020","52","2020","36","AUS","Australia","M","Import","262","DJI","Djibouti","0","W00","World","H5","HS","true","0901","Coffee, whether or not roasted or decaffeinated; husks and skins; coffee substitutes containing coffee in any proportion","4","false","C00","TOTAL CPC","0","0","TOTAL MOT","8","kg","104199","false","8","kg","104199","false","104199","false","113906","false","368348.715","361065.928","368348.715","0","false","true",
"C","A","20200101","2020","52","2020","36","AUS","Australia","M","Import","276","DEU","Germany","0","W00","World","H5","HS","true","0901","Coffee, whether or not roasted or decaffeinated; husks and skins; coffee substitutes containing coffee in any proportion","4","false","C00","TOTAL CPC","0","0","TOTAL MOT","8","kg","2637528.65","false","8","kg","2637528.65","false","2637528.65","false","3294434.7","false","34130970.787","33481351.171","34130970.787","0","false","true",
"C","A","20200101","2020","52","2020","36","AUS","Australia","M","Import","300","GRC","Greece","0","W00","World","H5","HS","true","0901","Coffee, whether or not roasted or decaffeinated; husks and skins; coffee substitutes containing coffee in any proportion","4","false","C00","TOTAL CPC","0","0","TOTAL MOT","8","kg","28876.3","false","8","kg","28876.3","false","28876.3","false","0","false","297367.315","283949.134","297367.315","0","false","true",
"C","A","20200101","2020","52","2020","36","AUS","Australia","M","Import","320","GTM","Guatemala","0","W00","World","H5","HS","true","0901","Coffee, whether or not roasted or decaffeinated; husks and skins; coffee substitutes containing coffee in any proportion","4","false","C00","TOTAL CPC","0","0","TOTAL MOT","8","kg","1858982.5","false","8","kg","1858982.5","false","1858982.5","false","1862478.6","false","7857931.006","7643565.146","7857931.006","0","false","true",
"C","A","20200101","2020","52","2020","36","AUS","Australia","M","Import","340","HND","Honduras","0","W00","World","H5","HS","true","0901","Coffee, whether or not roasted or decaffeinated; husks and skins; coffee substitutes containing coffee in any proportion","4","false","C00","TOTAL CPC","0","0","TOTAL MOT","8","kg","6436179","false","8","kg","6436179","false","6436179","false","6500220.2","false","20717297.622","20038213.889","20717297.622","0","false","true",
"C","A","20200101","2020","52","2020","36","AUS","Australia","M","Import","360","IDN","Indonesia","0","W00","World","H5","HS","true","0901","Coffee, whether or not roasted or decaffeinated; husks and skins; coffee substitutes containing coffee in any proportion","4","false","C00","TOTAL CPC","0","0","TOTAL MOT","8","kg","5744227.61","false","8","kg","5744227.61","false","5744227.61","false","0","false","13326702.429","12999780.466","13326702.429","0","false","true",
"C","A","20200101","2020","52","2020","36","AUS","Australia","M","Import","380","ITA","Italy","0","W00","World","H5","HS","true","0901","Coffee, whether or not roasted or decaffeinated; husks and skins; coffee substitutes containing coffee in any proportion","4","false","C00","TOTAL CPC","0","0","TOTAL MOT","8","kg","4783039.5","false","8","kg","4783039.5","false","4783039.5","false","5587054.6","false","27879304.636","26543550.252","27879304.636","0","false","true",
"C","A","20200101","2020","52","2020","36","AUS","Australia","M","Import","388","JAM","Jamaica","0","W00","World","H5","HS","true","0901","Coffee, whether or not roasted or decaffeinated; husks and skins; coffee substitutes containing coffee in any proportion","4","false","C00","TOTAL CPC","0","0","TOTAL MOT","8","kg","1035.97","false","8","kg","1035.97","false","1035.97","false","1187","false","57690.231","49502.067","57690.231","0","false","true",
"C","A","20200101","2020","52","2020","36","AUS","Australia","M","Import","392","JPN","Japan","0","W00","World","H5","HS","true","0901","Coffee, whether or not roasted or decaffeinated; husks and skins; coffee substitutes containing coffee in any proportion","4","false","C00","TOTAL CPC","0","0","TOTAL MOT","8","kg","4227.18","false","8","kg","4227.18","false","4227.18","false","0","false","91274.203","74540.51","91274.203","0","false","true",
"C","A","20200101","2020","52","2020","36","AUS","Australia","M","Import","400","JOR","Jordan","0","W00","World","H5","HS","true","0901","Coffee, whether or not roasted or decaffeinated; husks and skins; coffee substitutes containing coffee in any proportion","4","false","C00","TOTAL CPC","0","0","TOTAL MOT","8","kg","61357.8","false","8","kg","61357.8","false","61357.8","false","64202.9","false","641346.702","622835.619","641346.702","0","false","true",
"C","A","20200101","2020","52","2020","36","AUS","Australia","M","Import","404","KEN","Kenya","0","W00","World","H5","HS","true","0901","Coffee, whether or not roasted or decaffeinated; husks and skins; coffee substitutes containing coffee in any proportion","4","false","C00","TOTAL CPC","0","0","TOTAL MOT","8","kg","1401960","false","8","kg","1401960","false","1401960","false","0","false","7767097.676","7591230.574","7767097.676","0","false","true",
"C","A","20200101","2020","52","2020","36","AUS","Australia","M","Import","410","KOR","Rep. of Korea","0","W00","World","H5","HS","true","0901","Coffee, whether or not roasted or decaffeinated; husks and skins; coffee substitutes containing coffee in any proportion","4","false","C00","TOTAL CPC","0","0","TOTAL MOT","8","kg","66458.2","false","8","kg","66458.2","false","66458.2","false","0","false","366520.687","356299.125","366520.687","0","false","true",
"C","A","20200101","2020","52","2020","36","AUS","Australia","M","Import","418","LAO","Lao People's Dem. Rep.","0","W00","World","H5","HS","true","0901","Coffee, whether or not roasted or decaffeinated; husks and skins; coffee substitutes containing coffee in any proportion","4","false","C00","TOTAL CPC","0","0","TOTAL MOT","8","kg","20000","false","8","kg","20000","false","20000","false","0","false","67388.162","65879.29","67388.162","0","false","true",
"C","A","20200101","2020","52","2020","36","AUS","Australia","M","Import","422","LBN","Lebanon","0","W00","World","H5","HS","true","0901","Coffee, whether or not roasted or decaffeinated; husks and skins; coffee substitutes containing coffee in any proportion","4","false","C00","TOTAL CPC","0","0","TOTAL MOT","8","kg","94319.9","false","8","kg","94319.9","false","94319.9","false","119536","false","953499.338","925077.308","953499.338","0","false","true",
"C","A","20200101","2020","52","2020","36","AUS","Australia","M","Import","458","MYS","Malaysia","0","W00","World","H5","HS","true","0901","Coffee, whether or not roasted or decaffeinated; husks and skins; coffee substitutes containing coffee in any proportion","4","false","C00","TOTAL CPC","0","0","TOTAL MOT","8","kg","119979.7","false","8","kg","119979.7","false","119979.7","false","119208.2","false","705195.45","676185.396","705195.45","0","false","true",
"C","A","20200101","2020","52","2020","36","AUS","Australia","M","Import","470","MLT","Malta","0","W00","World","H5","HS","true","0901","Coffee, whether or not roasted or decaffeinated; husks and skins; coffee substitutes containing coffee in any proportion","4","false","C00","TOTAL CPC","0","0","TOTAL MOT","8","kg","30","false","8","kg","30","false","30","false","0","false","1011.42","822.601","1011.42","0","false","true",
"C","A","20200101","2020","52","2020","36","AUS","Australia","M","Import","484","MEX","Mexico","0","W00","World","H5","HS","true","0901","Coffee, whether or not roasted or decaffeinated; husks and skins; coffee substitutes containing coffee in any proportion","4","false","C00","TOTAL CPC","0","0","TOTAL MOT","8","kg","1286434","false","8","kg","1286434","false","1286434","false","1244656","false","5026494.052","4902474.413","5026494.052","0","false","true",
"C","A","20200101","2020","52","2020","36","AUS","Australia","M","Import","490","S19","Other Asia, nes","0","W00","World","H5","HS","true","0901","Coffee, whether or not roasted or decaffeinated; husks and skins; coffee substitutes containing coffee in any proportion","4","false","C00","TOTAL CPC","0","0","TOTAL MOT","8","kg","416.28","false","8","kg","416.28","false","416.28","false","0","false","7373.78","5543.082","7373.78","0","false","true",
"C","A","20200101","2020","52","2020","36","AUS","Australia","M","Import","524","NPL","Nepal","0","W00","World","H5","HS","true","0901","Coffee, whether or not roasted or decaffeinated; husks and skins; coffee substitutes containing coffee in any proportion","4","false","C00","TOTAL CPC","0","0","TOTAL MOT","8","kg","3460","false","8","kg","3460","false","3460","false","3513","false","39502.626","32673.756","39502.626","0","false","true",
"C","A","20200101","2020","52","2020","36","AUS","Australia","M","Import","528","NLD","Netherlands","0","W00","World","H5","HS","true","0901","Coffee, whether or not roasted or decaffeinated; husks and skins; coffee substitutes containing coffee in any proportion","4","false","C00","TOTAL CPC","0","0","TOTAL MOT","8","kg","10959.87","false","8","kg","10959.87","false","10959.87","false","0","false","120371.154","114680.063","120371.154","0","false","true",
"C","A","20200101","2020","52","2020","36","AUS","Australia","M","Import","540","NCL","New Caledonia","0","W00","World","H5","HS","true","0901","Coffee, whether or not roasted or decaffeinated; husks and skins; coffee substitutes containing coffee in any proportion","4","false","C00","TOTAL CPC","0","0","TOTAL MOT","8","kg","19665","false","8","kg","19665","false","19665","false","19794.3","false","64519.507","61038.3","64519.507","0","false","true",
"C","A","20200101","2020","52","2020","36","AUS","Australia","M","Import","548","VUT","Vanuatu","0","W00","World","H5","HS","true","0901","Coffee, whether or not roasted or decaffeinated; husks and skins; coffee substitutes containing coffee in any proportion","4","false","C00","TOTAL CPC","0","0","TOTAL MOT","8","kg","699","false","8","kg","699","false","699","false","731.5","false","14561.459","12378.641","14561.459","0","false","true",
"C","A","20200101","2020","52","2020","36","AUS","Australia","M","Import","554","NZL","New Zealand","0","W00","World","H5","HS","true","0901","Coffee, whether or not roasted or decaffeinated; husks and skins; coffee substitutes containing coffee in any proportion","4","false","C00","TOTAL CPC","0","0","TOTAL MOT","8","kg","172624.36","false","8","kg","172624.36","false","172624.36","false","194633.8","false","1732233.381","1703922.137","1732233.381","0","false","true",
"C","A","20200101","2020","52","2020","36","AUS","Australia","M","Import","558","NIC","Nicaragua","0","W00","World","H5","HS","true","0901","Coffee, whether or not roasted or decaffeinated; husks and skins; coffee substitutes containing coffee in any proportion","4","false","C00","TOTAL CPC","0","0","TOTAL MOT","8","kg","1347150","false","8","kg","1347150","false","1347150","false","1315655","false","5627142.708","5478960.98","5627142.708","0","false","true",
"C","A","20200101","2020","52","2020","36","AUS","Australia","M","Import","579","NOR","Norway","0","W00","World","H5","HS","true","0901","Coffee, whether or not roasted or decaffeinated; husks and skins; coffee substitutes containing coffee in any proportion","4","false","C00","TOTAL CPC","0","0","TOTAL MOT","8","kg","1.45","false","8","kg","1.45","false","1.45","false","20.9","false","1091.595","920.896","1091.595","0","false","true",
"C","A","20200101","2020","52","2020","36","AUS","Australia","M","Import","591","PAN","Panama","0","W00","World","H5","HS","true","0901","Coffee, whether or not roasted or decaffeinated; husks and skins; coffee substitutes containing coffee in any proportion","4","false","C00","TOTAL CPC","0","0","TOTAL MOT","8","kg","172864.12","false","8","kg","172864.12","false","172864.12","false","81658.7","false","863017.037","831660.672","863017.037","0","false","true",
"C","A","20200101","2020","52","2020","36","AUS","Australia","M","Import","598","PNG","Papua New Guinea","0","W00","World","H5","HS","true","0901","Coffee, whether or not roasted or decaffeinated; husks and skins; coffee substitutes containing coffee in any proportion","4","false","C00","TOTAL CPC","0","0","TOTAL MOT","8","kg","5929250.49","false","8","kg","5929250.49","false","5929250.49","false","5985308","false","17720304.72","17362371.058","17720304.72","0","false","true",
"C","A","20200101","2020","52","2020","36","AUS","Australia","M","Import","604","PER","Peru","0","W00","World","H5","HS","true","0901","Coffee, whether or not roasted or decaffeinated; husks and skins; coffee substitutes containing coffee in any proportion","4","false","C00","TOTAL CPC","0","0","TOTAL MOT","8","kg","2135660.22","false","8","kg","2135660.22","false","2135660.22","false","0","false","8280907.705","8071192.829","8280907.705","0","false","true",
"C","A","20200101","2020","52","2020","36","AUS","Australia","M","Import","608","PHL","Philippines","0","W00","World","H5","HS","true","0901","Coffee, whether or not roasted or decaffeinated; husks and skins; coffee substitutes containing coffee in any proportion","4","false","C00","TOTAL CPC","0","0","TOTAL MOT","8","kg","5358.59","false","8","kg","5358.59","false","5358.59","false","8210.95","false","27704.237","25451.316","27704.237","0","false","true",
"C","A","20200101","2020","52","2020","36","AUS","Australia","M","Import","616","POL","Poland","0","W00","World","H5","HS","true","0901","Coffee, whether or not roasted or decaffeinated; husks and skins; coffee substitutes containing coffee in any proportion","4","false","C00","TOTAL CPC","0","0","TOTAL MOT","8","kg","1200","false","8","kg","1200","false","1200","false","0","false","16742.191","15961.927","16742.191","0","false","true",
"C","A","20200101","2020","52","2020","36","AUS","Australia","M","Import","620","PRT","Portugal","0","W00","World","H5","HS","true","0901","Coffee, whether or not roasted or decaffeinated; husks and skins; coffee substitutes containing coffee in any proportion","4","false","C00","TOTAL CPC","0","0","TOTAL MOT","8","kg","53901.2","false","8","kg","53901.2","false","53901.2","false","72197.41","false","426602.543","388175.137","426602.543","0","false","true",
"C","A","20200101","2020","52","2020","36","AUS","Australia","M","Import","626","TLS","Timor-Leste","0","W00","World","H5","HS","true","0901","Coffee, whether or not roasted or decaffeinated; husks and skins; coffee substitutes containing coffee in any proportion","4","false","C00","TOTAL CPC","0","0","TOTAL MOT","8","kg","95589","false","8","kg","95589","false","95589","false","108322","false","481786.153","467423.189","481786.153","0","false","true",
"C","A","20200101","2020","52","2020","36","AUS","Australia","M","Import","646","RWA","Rwanda","0","W00","World","H5","HS","true","0901","Coffee, whether or not roasted or decaffeinated; husks and skins; coffee substitutes containing coffee in any proportion","4","false","C00","TOTAL CPC","0","0","TOTAL MOT","8","kg","80040","false","8","kg","80040","false","80040","false","78367","false","344617.725","338396.803","344617.725","0","false","true",
"C","A","20200101","2020","52","2020","36","AUS","Australia","M","Import","682","SAU","Saudi Arabia","0","W00","World","H5","HS","true","0901","Coffee, whether or not roasted or decaffeinated; husks and skins; coffee substitutes containing coffee in any proportion","4","false","C00","TOTAL CPC","0","0","TOTAL MOT","8","kg","1310","false","8","kg","1310","false","1310","false","0","false","8658.137","7178.574","8658.137","0","false","true",
"C","A","20200101","2020","52","2020","36","AUS","Australia","M","Import","688","SRB","Serbia","0","W00","World","H5","HS","true","0901","Coffee, whether or not roasted or decaffeinated; husks and skins; coffee substitutes containing coffee in any proportion","4","false","C00","TOTAL CPC","0","0","TOTAL MOT","8","kg","64931.2","false","8","kg","64931.2","false","64931.2","false","145346","false","316371.927","296074.645","316371.927","0","false","true",
"C","A","20200101","2020","52","2020","36","AUS","Australia","M","Import","694","SLE","Sierra Leone","0","W00","World","H5","HS","true","0901","Coffee, whether or not roasted or decaffeinated; husks and skins; coffee substitutes containing coffee in any proportion","4","false","C00","TOTAL CPC","0","0","TOTAL MOT","8","kg","240","false","8","kg","240","false","240","false","0","false","1466.989","1387.62","1466.989","0","false","true",
"C","A","20200101","2020","52","2020","36","AUS","Australia","M","Import","699","IND","India","0","W00","World","H5","HS","true","0901","Coffee, whether or not roasted or decaffeinated; husks and skins; coffee substitutes containing coffee in any proportion","4","false","C00","TOTAL CPC","0","0","TOTAL MOT","8","kg","4939480.5","false","8","kg","4939480.5","false","4939480.5","false","0","false","13624490.693","13333339.17","13624490.693","0","false","true",
"C","A","20200101","2020","52","2020","36","AUS","Australia","M","Import","702","SGP","Singapore","0","W00","World","H5","HS","true","0901","Coffee, whether or not roasted or decaffeinated; husks and skins; coffee substitutes containing coffee in any proportion","4","false","C00","TOTAL CPC","0","0","TOTAL MOT","8","kg","175353.15","false","8","kg","175353.15","false","175353.15","false","0","false","494757.471","476207.712","494757.471","0","false","true",
"C","A","20200101","2020","52","2020","36","AUS","Australia","M","Import","704","VNM","Viet Nam","0","W00","World","H5","HS","true","0901","Coffee, whether or not roasted or decaffeinated; husks and skins; coffee substitutes containing coffee in any proportion","4","false","C00","TOTAL CPC","0","0","TOTAL MOT","8","kg","15577188.69","false","8","kg","15577188.69","false","15577188.69","false","0","false","29280069.087","28482482.086","29280069.087","0","false","true",
"C","A","20200101","2020","52","2020","36","AUS","Australia","M","Import","705","SVN","Slovenia","0","W00","World","H5","HS","true","0901","Coffee, whether or not roasted or decaffeinated; husks and skins; coffee substitutes containing coffee in any proportion","4","false","C00","TOTAL CPC","0","0","TOTAL MOT","8","kg","3215","false","8","kg","3215","false","3215","false","78373.2","false","19612.147","18203.145","19612.147","0","false","true",
"C","A","20200101","2020","52","2020","36","AUS","Australia","M","Import","710","ZAF","South Africa","0","W00","World","H5","HS","true","0901","Coffee, whether or not roasted or decaffeinated; husks and skins; coffee substitutes containing coffee in any proportion","4","false","C00","TOTAL CPC","0","0","TOTAL MOT","8","kg","10123","false","8","kg","10123","false","10123","false","0","false","29061.146","27610.797","29061.146","0","false","true",
"C","A","20200101","2020","52","2020","36","AUS","Australia","M","Import","716","ZWE","Zimbabwe","0","W00","World","H5","HS","true","0901","Coffee, whether or not roasted or decaffeinated; husks and skins; coffee substitutes containing coffee in any proportion","4","false","C00","TOTAL CPC","0","0","TOTAL MOT","8","kg","9570","false","8","kg","9570","false","9570","false","9600","false","72247.74","70970.375","72247.74","0","false","true",
"C","A","20200101","2020","52","2020","36","AUS","Australia","M","Import","724","ESP","Spain","0","W00","World","H5","HS","true","0901","Coffee, whether or not roasted or decaffeinated; husks and skins; coffee substitutes containing coffee in any proportion","4","false","C00","TOTAL CPC","0","0","TOTAL MOT","8","kg","254474.18","false","8","kg","254474.18","false","254474.18","false","440221.71","false","2579844.005","2444535.455","2579844.005","0","false","true",
"C","A","20200101","2020","52","2020","36","AUS","Australia","M","Import","752","SWE","Sweden","0","W00","World","H5","HS","true","0901","Coffee, whether or not roasted or decaffeinated; husks and skins; coffee substitutes containing coffee in any proportion","4","false","C00","TOTAL CPC","0","0","TOTAL MOT","8","kg","7804.4","false","8","kg","7804.4","false","7804.4","false","0","false","52703.008","48944.625","52703.008","0","false","true",
"C","A","20200101","2020","52","2020","36","AUS","Australia","M","Import","757","CHE","Switzerland","0","W00","World","H5","HS","true","0901","Coffee, whether or not roasted or decaffeinated; husks and skins; coffee substitutes containing coffee in any proportion","4","false","C00","TOTAL CPC","0","0","TOTAL MOT","8","kg","3790696.45","false","8","kg","3790696.45","false","3790696.45","false","6351862","false","118443245.188","113712518.014","118443245.188","0","false","true",
"C","A","20200101","2020","52","2020","36","AUS","Australia","M","Import","760","SYR","Syria","0","W00","World","H5","HS","true","0901","Coffee, whether or not roasted or decaffeinated; husks and skins; coffee substitutes containing coffee in any proportion","4","false","C00","TOTAL CPC","0","0","TOTAL MOT","8","kg","3868","false","8","kg","3868","false","3868","false","15480","false","26419.346","24359.873","26419.346","0","false","true",
"C","A","20200101","2020","52","2020","36","AUS","Australia","M","Import","764","THA","Thailand","0","W00","World","H5","HS","true","0901","Coffee, whether or not roasted or decaffeinated; husks and skins; coffee substitutes containing coffee in any proportion","4","false","C00","TOTAL CPC","0","0","TOTAL MOT","8","kg","4386.88","false","8","kg","4386.88","false","4386.88","false","29248.3","false","26307.542","25284.347","26307.542","0","false","true",
"C","A","20200101","2020","52","2020","36","AUS","Australia","M","Import","784","ARE","United Arab Emirates","0","W00","World","H5","HS","true","0901","Coffee, whether or not roasted or decaffeinated; husks and skins; coffee substitutes containing coffee in any proportion","4","false","C00","TOTAL CPC","0","0","TOTAL MOT","8","kg","226774","false","8","kg","226774","false","226774","false","248636","false","1273196.527","998297.792","1273196.527","0","false","true",
"C","A","20200101","2020","52","2020","36","AUS","Australia","M","Import","792","TUR","Türkiye","0","W00","World","H5","HS","true","0901","Coffee, whether or not roasted or decaffeinated; husks and skins; coffee substitutes containing coffee in any proportion","4","false","C00","TOTAL CPC","0","0","TOTAL MOT","8","kg","12225.6","false","8","kg","12225.6","false","12225.6","false","111832","false","90770.928","85882.481","90770.928","0","false","true",
"C","A","20200101","2020","52","2020","36","AUS","Australia","M","Import","800","UGA","Uganda","0","W00","World","H5","HS","true","0901","Coffee, whether or not roasted or decaffeinated; husks and skins; coffee substitutes containing coffee in any proportion","4","false","C00","TOTAL CPC","0","0","TOTAL MOT","8","kg","867367","false","8","kg","867367","false","867367","false","912360","false","2125894.411","2066432.722","2125894.411","0","false","true",
"C","A","20200101","2020","52","2020","36","AUS","Australia","M","Import","807","MKD","North Macedonia","0","W00","World","H5","HS","true","0901","Coffee, whether or not roasted or decaffeinated; husks and skins; coffee substitutes containing coffee in any proportion","4","false","C00","TOTAL CPC","0","0","TOTAL MOT","8","kg","19415.5","false","8","kg","19415.5","false","19415.5","false","37497.8","false","119279.552","110760.898","119279.552","0","false","true",
"C","A","20200101","2020","52","2020","36","AUS","Australia","M","Import","826","GBR","United Kingdom","0","W00","World","H5","HS","true","0901","Coffee, whether or not roasted or decaffeinated; husks and skins; coffee substitutes containing coffee in any proportion","4","false","C00","TOTAL CPC","0","0","TOTAL MOT","8","kg","425908.77","false","8","kg","425908.77","false","425908.77","false","0","false","4968599.453","4663923.429","4968599.453","0","false","true",
"C","A","20200101","2020","52","2020","36","AUS","Australia","M","Import","834","TZA","United Rep. of Tanzania","0","W00","World","H5","HS","true","0901","Coffee, whether or not roasted or decaffeinated; husks and skins; coffee substitutes containing coffee in any proportion","4","false","C00","TOTAL CPC","0","0","TOTAL MOT","8","kg","719840","false","8","kg","719840","false","719840","false","0","false","2381370.218","2316951.689","2381370.218","0","false","true",
"C","A","20200101","2020","52","2020","36","AUS","Australia","M","Import","842","USA","USA","0","W00","World","H5","HS","true","0901","Coffee, whether or not roasted or decaffeinated; husks and skins; coffee substitutes containing coffee in any proportion","4","false","C00","TOTAL CPC","0","0","TOTAL MOT","8","kg","303989.54","false","8","kg","303989.54","false","303989.54","false","0","false","2261857.676","2137116.775","2261857.676","0","false","true",
"C","A","20200101","2020","52","2020","36","AUS","Australia","M","Import","887","YEM","Yemen","0","W00","World","H5","HS","true","0901","Coffee, whether or not roasted or decaffeinated; husks and skins; coffee substitutes containing coffee in any proportion","4","false","C00","TOTAL CPC","0","0","TOTAL MOT","8","kg","2000","false","8","kg","2000","false","2000","false","2125","false","32376.154","30706.995","32376.154","0","false","true",
"C","A","20210101","2021","52","2021","36","AUS","Australia","M","Import","0","W00","World","0","W00","World","H5","HS","true","0901","Coffee, whether or not roasted or decaffeinated; husks and skins; coffee substitutes containing coffee in any proportion","4","false","C00","TOTAL CPC","0","0","TOTAL MOT","8","kg","109116240.69","false","8","kg","109116240.69","false","109116240.69","false","0","false","529198078.151","509867514.888","529198078.151","0","false","true",
"C","A","20210101","2021","52","2021","36","AUS","Australia","M","Import","32","ARG","Argentina","0","W00","World","H5","HS","true","0901","Coffee, whether or not roasted or decaffeinated; husks and skins; coffee substitutes containing coffee in any proportion","4","false","C00","TOTAL CPC","0","0","TOTAL MOT","8","kg","18975","false","8","kg","18975","false","18975","false","19112.5","false","79259.192","77368.737","79259.192","0","false","true",
"C","A","20210101","2021","52","2021","36","AUS","Australia","M","Import","36","AUS","Australia","0","W00","World","H5","HS","true","0901","Coffee, whether or not roasted or decaffeinated; husks and skins; coffee substitutes containing coffee in any proportion","4","false","C00","TOTAL CPC","0","0","TOTAL MOT","8","kg","2991.95","false","8","kg","2991.95","false","2991.95","false","0","false","48665.166","46513.906","48665.166","0","false","true",
"C","A","20210101","2021","52","2021","36","AUS","Australia","M","Import","40","AUT","Austria","0","W00","World","H5","HS","true","0901","Coffee, whether or not roasted or decaffeinated; husks and skins; coffee substitutes containing coffee in any proportion","4","false","C00","TOTAL CPC","0","0","TOTAL MOT","8","kg","1839","false","8","kg","1839","false","1839","false","0","false","43214.972","41769.994","43214.972","0","false","true",
"C","A","20210101","2021","52","2021","36","AUS","Australia","M","Import","56","BEL","Belgium","0","W00","World","H5","HS","true","0901","Coffee, whether or not roasted or decaffeinated; husks and skins; coffee substitutes containing coffee in any proportion","4","false","C00","TOTAL CPC","0","0","TOTAL MOT","8","kg","41090.32","false","8","kg","41090.32","false","41090.32","false","0","false","133216.772","130210.878","133216.772","0","false","true",
"C","A","20210101","2021","52","2021","36","AUS","Australia","M","Import","68","BOL","Bolivia (Plurinational State of)","0","W00","World","H5","HS","true","0901","Coffee, whether or not roasted or decaffeinated; husks and skins; coffee substitutes containing coffee in any proportion","4","false","C00","TOTAL CPC","0","0","TOTAL MOT","8","kg","6180","false","8","kg","6180","false","6180","false","0","false","50583.919","47279.074","50583.919","0","false","true",
"C","A","20210101","2021","52","2021","36","AUS","Australia","M","Import","70","BIH","Bosnia Herzegovina","0","W00","World","H5","HS","true","0901","Coffee, whether or not roasted or decaffeinated; husks and skins; coffee substitutes containing coffee in any proportion","4","false","C00","TOTAL CPC","0","0","TOTAL MOT","8","kg","22223.4","false","8","kg","22223.4","false","22223.4","false","0","false","134572.284","118917.732","134572.284","0","false","true",
"C","A","20210101","2021","52","2021","36","AUS","Australia","M","Import","76","BRA","Brazil","0","W00","World","H5","HS","true","0901","Coffee, whether or not roasted or decaffeinated; husks and skins; coffee substitutes containing coffee in any proportion","4","false","C00","TOTAL CPC","0","0","TOTAL MOT","8","kg","23697883.17","false","8","kg","23697883.17","false","23697883.17","false","0","false","72480263.464","69847802.699","72480263.464","0","false","true",
"C","A","20210101","2021","52","2021","36","AUS","Australia","M","Import","84","BLZ","Belize","0","W00","World","H5","HS","true","0901","Coffee, whether or not roasted or decaffeinated; husks and skins; coffee substitutes containing coffee in any proportion","4","false","C00","TOTAL CPC","0","0","TOTAL MOT","8","kg","204000","false","8","kg","204000","false","204000","false","204541","false","528495.054","510873.215","528495.054","0","false","true",
"C","A","20210101","2021","52","2021","36","AUS","Australia","M","Import","104","MMR","Myanmar","0","W00","World","H5","HS","true","0901","Coffee, whether or not roasted or decaffeinated; husks and skins; coffee substitutes containing coffee in any proportion","4","false","C00","TOTAL CPC","0","0","TOTAL MOT","8","kg","31824.5","false","8","kg","31824.5","false","31824.5","false","0","false","158570.277","147706.322","158570.277","0","false","true",
"C","A","20210101","2021","52","2021","36","AUS","Australia","M","Import","108","BDI","Burundi","0","W00","World","H5","HS","true","0901","Coffee, whether or not roasted or decaffeinated; husks and skins; coffee substitutes containing coffee in any proportion","4","false","C00","TOTAL CPC","0","0","TOTAL MOT","8","kg","90360","false","8","kg","90360","false","90360","false","0","false","492947.031","486224.701","492947.031","0","false","true",
"C","A","20210101","2021","52","2021","36","AUS","Australia","M","Import","124","CAN","Canada","0","W00","World","H5","HS","true","0901","Coffee, whether or not roasted or decaffeinated; husks and skins; coffee substitutes containing coffee in any proportion","4","false","C00","TOTAL CPC","0","0","TOTAL MOT","8","kg","303881.48","false","8","kg","303881.48","false","303881.48","false","320540.9","false","1724140.609","1690516.149","1724140.609","0","false","true",
"C","A","20210101","2021","52","2021","36","AUS","Australia","M","Import","144","LKA","Sri Lanka","0","W00","World","H5","HS","true","0901","Coffee, whether or not roasted or decaffeinated; husks and skins; coffee substitutes containing coffee in any proportion","4","false","C00","TOTAL CPC","0","0","TOTAL MOT","8","kg","1707.5","false","8","kg","1707.5","false","1707.5","false","0","false","22930.652","20626.502","22930.652","0","false","true",
"C","A","20210101","2021","52","2021","36","AUS","Australia","M","Import","152","CHL","Chile","0","W00","World","H5","HS","true","0901","Coffee, whether or not roasted or decaffeinated; husks and skins; coffee substitutes containing coffee in any proportion","4","false","C00","TOTAL CPC","0","0","TOTAL MOT","8","kg","19270","false","8","kg","19270","false","19270","false","19585","false","122254.75","119504.635","122254.75","0","false","true",
"C","A","20210101","2021","52","2021","36","AUS","Australia","M","Import","156","CHN","China","0","W00","World","H5","HS","true","0901","Coffee, whether or not roasted or decaffeinated; husks and skins; coffee substitutes containing coffee in any proportion","4","false","C00","TOTAL CPC","0","0","TOTAL MOT","8","kg","121750","false","8","kg","121750","false","121750","false","0","false","537901.846","523102.762","537901.846","0","false","true",
"C","A","20210101","2021","52","2021","36","AUS","Australia","M","Import","170","COL","Colombia","0","W00","World","H5","HS","true","0901","Coffee, whether or not roasted or decaffeinated; husks and skins; coffee substitutes containing coffee in any proportion","4","false","C00","TOTAL CPC","0","0","TOTAL MOT","8","kg","12107925.68","false","8","kg","12107925.68","false","12107925.68","false","0","false","58600286.131","57001601.906","58600286.131","0","false","true",
"C","A","20210101","2021","52","2021","36","AUS","Australia","M","Import","188","CRI","Costa Rica","0","W00","World","H5","HS","true","0901","Coffee, whether or not roasted or decaffeinated; husks and skins; coffee substitutes containing coffee in any proportion","4","false","C00","TOTAL CPC","0","0","TOTAL MOT","8","kg","1296022.1","false","8","kg","1296022.1","false","1296022.1","false","0","false","6805481.798","6658545.962","6805481.798","0","false","true",
"C","A","20210101","2021","52","2021","36","AUS","Australia","M","Import","191","HRV","Croatia","0","W00","World","H5","HS","true","0901","Coffee, whether or not roasted or decaffeinated; husks and skins; coffee substitutes containing coffee in any proportion","4","false","C00","TOTAL CPC","0","0","TOTAL MOT","8","kg","6411","false","8","kg","6411","false","6411","false","0","false","37366.589","35660.971","37366.589","0","false","true",
"C","A","20210101","2021","52","2021","36","AUS","Australia","M","Import","196","CYP","Cyprus","0","W00","World","H5","HS","true","0901","Coffee, whether or not roasted or decaffeinated; husks and skins; coffee substitutes containing coffee in any proportion","4","false","C00","TOTAL CPC","0","0","TOTAL MOT","8","kg","4053.1","false","8","kg","4053.1","false","4053.1","false","0","false","44704.609","40491.72","44704.609","0","false","true",
"C","A","20210101","2021","52","2021","36","AUS","Australia","M","Import","208","DNK","Denmark","0","W00","World","H5","HS","true","0901","Coffee, whether or not roasted or decaffeinated; husks and skins; coffee substitutes containing coffee in any proportion","4","false","C00","TOTAL CPC","0","0","TOTAL MOT","8","kg","115319.32","false","8","kg","115319.32","false","115319.32","false","115327.1","false","744593.675","716634.961","744593.675","0","false","true",
"C","A","20210101","2021","52","2021","36","AUS","Australia","M","Import","214","DOM","Dominican Rep.","0","W00","World","H5","HS","true","0901","Coffee, whether or not roasted or decaffeinated; husks and skins; coffee substitutes containing coffee in any proportion","4","false","C00","TOTAL CPC","0","0","TOTAL MOT","8","kg","18750","false","8","kg","18750","false","18750","false","20760","false","130960.218","127514.705","130960.218","0","false","true",
"C","A","20210101","2021","52","2021","36","AUS","Australia","M","Import","218","ECU","Ecuador","0","W00","World","H5","HS","true","0901","Coffee, whether or not roasted or decaffeinated; husks and skins; coffee substitutes containing coffee in any proportion","4","false","C00","TOTAL CPC","0","0","TOTAL MOT","8","kg","20442.21","false","8","kg","20442.21","false","20442.21","false","0","false","206439.499","185736.345","206439.499","0","false","true",
"C","A","20210101","2021","52","2021","36","AUS","Australia","M","Import","222","SLV","El Salvador","0","W00","World","H5","HS","true","0901","Coffee, whether or not roasted or decaffeinated; husks and skins; coffee substitutes containing coffee in any proportion","4","false","C00","TOTAL CPC","0","0","TOTAL MOT","8","kg","829858.44","false","8","kg","829858.44","false","829858.44","false","839731.5","false","3966796.607","3840505.722","3966796.607","0","false","true",
"C","A","20210101","2021","52","2021","36","AUS","Australia","M","Import","231","ETH","Ethiopia","0","W00","World","H5","HS","true","0901","Coffee, whether or not roasted or decaffeinated; husks and skins; coffee substitutes containing coffee in any proportion","4","false","C00","TOTAL CPC","0","0","TOTAL MOT","8","kg","6082540","false","8","kg","6082540","false","6082540","false","0","false","27604105.937","26883440.843","27604105.937","0","false","true",
"C","A","20210101","2021","52","2021","36","AUS","Australia","M","Import","246","FIN","Finland","0","W00","World","H5","HS","true","0901","Coffee, whether or not roasted or decaffeinated; husks and skins; coffee substitutes containing coffee in any proportion","4","false","C00","TOTAL CPC","0","0","TOTAL MOT","8","kg","720","false","8","kg","720","false","720","false","800","false","8423.261","7704.93","8423.261","0","false","true",
"C","A","20210101","2021","52","2021","36","AUS","Australia","M","Import","251","FRA","France","0","W00","World","H5","HS","true","0901","Coffee, whether or not roasted or decaffeinated; husks and skins; coffee substitutes containing coffee in any proportion","4","false","C00","TOTAL CPC","0","0","TOTAL MOT","8","kg","1030395.65","false","8","kg","1030395.65","false","1030395.65","false","1674631","false","18735119.594","17030259.943","18735119.594","0","false","true",
"C","A","20210101","2021","52","2021","36","AUS","Australia","M","Import","262","DJI","Djibouti","0","W00","World","H5","HS","true","0901","Coffee, whether or not roasted or decaffeinated; husks and skins; coffee substitutes containing coffee in any proportion","4","false","C00","TOTAL CPC","0","0","TOTAL MOT","8","kg","211680","false","8","kg","211680","false","211680","false","213856","false","676594.27","660035.475","676594.27","0","false","true",
"C","A","20210101","2021","52","2021","36","AUS","Australia","M","Import","276","DEU","Germany","0","W00","World","H5","HS","true","0901","Coffee, whether or not roasted or decaffeinated; husks and skins; coffee substitutes containing coffee in any proportion","4","false","C00","TOTAL CPC","0","0","TOTAL MOT","8","kg","1403096.68","false","8","kg","1403096.68","false","1403096.68","false","0","false","26220779.828","25462331.99","26220779.828","0","false","true",
"C","A","20210101","2021","52","2021","36","AUS","Australia","M","Import","300","GRC","Greece","0","W00","World","H5","HS","true","0901","Coffee, whether or not roasted or decaffeinated; husks and skins; coffee substitutes containing coffee in any proportion","4","false","C00","TOTAL CPC","0","0","TOTAL MOT","8","kg","36487","false","8","kg","36487","false","36487","false","0","false","346875.535","332211.5","346875.535","0","false","true",
"C","A","20210101","2021","52","2021","36","AUS","Australia","M","Import","320","GTM","Guatemala","0","W00","World","H5","HS","true","0901","Coffee, whether or not roasted or decaffeinated; husks and skins; coffee substitutes containing coffee in any proportion","4","false","C00","TOTAL CPC","0","0","TOTAL MOT","8","kg","3008866.1","false","8","kg","3008866.1","false","3008866.1","false","0","false","14553153.076","14161744.549","14553153.076","0","false","true",
"C","A","20210101","2021","52","2021","36","AUS","Australia","M","Import","340","HND","Honduras","0","W00","World","H5","HS","true","0901","Coffee, whether or not roasted or decaffeinated; husks and skins; coffee substitutes containing coffee in any proportion","4","false","C00","TOTAL CPC","0","0","TOTAL MOT","8","kg","7991053.6","false","8","kg","7991053.6","false","7991053.6","false","0","false","30783105.312","29791905.892","30783105.312","0","false","true",
"C","A","20210101","2021","52","2021","36","AUS","Australia","M","Import","344","HKG","China, Hong Kong SAR","0","W00","World","H5","HS","true","0901","Coffee, whether or not roasted or decaffeinated; husks and skins; coffee substitutes containing coffee in any proportion","4","false","C00","TOTAL CPC","0","0","TOTAL MOT","8","kg","5770.23","false","8","kg","5770.23","false","5770.23","false","7999","false","187793.136","176784.375","187793.136","0","false","true",
"C","A","20210101","2021","52","2021","36","AUS","Australia","M","Import","360","IDN","Indonesia","0","W00","World","H5","HS","true","0901","Coffee, whether or not roasted or decaffeinated; husks and skins; coffee substitutes containing coffee in any proportion","4","false","C00","TOTAL CPC","0","0","TOTAL MOT","8","kg","3894306.9","false","8","kg","3894306.9","false","3894306.9","false","0","false","11305753.903","11027332.551","11305753.903","0","false","true",
"C","A","20210101","2021","52","2021","36","AUS","Australia","M","Import","368","IRQ","Iraq","0","W00","World","H5","HS","true","0901","Coffee, whether or not roasted or decaffeinated; husks and skins; coffee substitutes containing coffee in any proportion","4","false","C00","TOTAL CPC","0","0","TOTAL MOT","8","kg","440","false","8","kg","440","false","440","false","0","false","2082.865","1538.336","2082.865","0","false","true",
"C","A","20210101","2021","52","2021","36","AUS","Australia","M","Import","372","IRL","Ireland","0","W00","World","H5","HS","true","0901","Coffee, whether or not roasted or decaffeinated; husks and skins; coffee substitutes containing coffee in any proportion","4","false","C00","TOTAL CPC","0","0","TOTAL MOT","8","kg","1","false","8","kg","1","false","1","false","24","false","1280.378","1040.922","1280.378","0","false","true",
"C","A","20210101","2021","52","2021","36","AUS","Australia","M","Import","380","ITA","Italy","0","W00","World","H5","HS","true","0901","Coffee, whether or not roasted or decaffeinated; husks and skins; coffee substitutes containing coffee in any proportion","4","false","C00","TOTAL CPC","0","0","TOTAL MOT","8","kg","4204566.11","false","8","kg","4204566.11","false","4204566.11","false","0","false","27806224.545","25715096.891","27806224.545","0","false","true",
"C","A","20210101","2021","52","2021","36","AUS","Australia","M","Import","388","JAM","Jamaica","0","W00","World","H5","HS","true","0901","Coffee, whether or not roasted or decaffeinated; husks and skins; coffee substitutes containing coffee in any proportion","4","false","C00","TOTAL CPC","0","0","TOTAL MOT","8","kg","1113.9","false","8","kg","1113.9","false","1113.9","false","1669","false","63587.821","54154.805","63587.821","0","false","true",
"C","A","20210101","2021","52","2021","36","AUS","Australia","M","Import","392","JPN","Japan","0","W00","World","H5","HS","true","0901","Coffee, whether or not roasted or decaffeinated; husks and skins; coffee substitutes containing coffee in any proportion","4","false","C00","TOTAL CPC","0","0","TOTAL MOT","8","kg","1613.51","false","8","kg","1613.51","false","1613.51","false","0","false","31675.076","30409.797","31675.076","0","false","true",
"C","A","20210101","2021","52","2021","36","AUS","Australia","M","Import","400","JOR","Jordan","0","W00","World","H5","HS","true","0901","Coffee, whether or not roasted or decaffeinated; husks and skins; coffee substitutes containing coffee in any proportion","4","false","C00","TOTAL CPC","0","0","TOTAL MOT","8","kg","87014","false","8","kg","87014","false","87014","false","0","false","835685.435","796052.151","835685.435","0","false","true",
"C","A","20210101","2021","52","2021","36","AUS","Australia","M","Import","404","KEN","Kenya","0","W00","World","H5","HS","true","0901","Coffee, whether or not roasted or decaffeinated; husks and skins; coffee substitutes containing coffee in any proportion","4","false","C00","TOTAL CPC","0","0","TOTAL MOT","8","kg","1622259","false","8","kg","1622259","false","1622259","false","0","false","10872009.278","10458391.615","10872009.278","0","false","true",
"C","A","20210101","2021","52","2021","36","AUS","Australia","M","Import","410","KOR","Rep. of Korea","0","W00","World","H5","HS","true","0901","Coffee, whether or not roasted or decaffeinated; husks and skins; coffee substitutes containing coffee in any proportion","4","false","C00","TOTAL CPC","0","0","TOTAL MOT","8","kg","24009.22","false","8","kg","24009.22","false","24009.22","false","0","false","191872.272","175390.508","191872.272","0","false","true",
"C","A","20210101","2021","52","2021","36","AUS","Australia","M","Import","418","LAO","Lao People's Dem. Rep.","0","W00","World","H5","HS","true","0901","Coffee, whether or not roasted or decaffeinated; husks and skins; coffee substitutes containing coffee in any proportion","4","false","C00","TOTAL CPC","0","0","TOTAL MOT","8","kg","154896","false","8","kg","154896","false","154896","false","0","false","592007.455","581711.384","592007.455","0","false","true",
"C","A","20210101","2021","52","2021","36","AUS","Australia","M","Import","422","LBN","Lebanon","0","W00","World","H5","HS","true","0901","Coffee, whether or not roasted or decaffeinated; husks and skins; coffee substitutes containing coffee in any proportion","4","false","C00","TOTAL CPC","0","0","TOTAL MOT","8","kg","80559.7","false","8","kg","80559.7","false","80559.7","false","0","false","744207.787","719512.959","744207.787","0","false","true",
"C","A","20210101","2021","52","2021","36","AUS","Australia","M","Import","440","LTU","Lithuania","0","W00","World","H5","HS","true","0901","Coffee, whether or not roasted or decaffeinated; husks and skins; coffee substitutes containing coffee in any proportion","4","false","C00","TOTAL CPC","0","0","TOTAL MOT","8","kg","974.7","false","8","kg","974.7","false","974.7","false","5034.4","false","20693.808","19646.983","20693.808","0","false","true",
"C","A","20210101","2021","52","2021","36","AUS","Australia","M","Import","458","MYS","Malaysia","0","W00","World","H5","HS","true","0901","Coffee, whether or not roasted or decaffeinated; husks and skins; coffee substitutes containing coffee in any proportion","4","false","C00","TOTAL CPC","0","0","TOTAL MOT","8","kg","99530.32","false","8","kg","99530.32","false","99530.32","false","0","false","813222.548","707560.72","813222.548","0","false","true",
"C","A","20210101","2021","52","2021","36","AUS","Australia","M","Import","484","MEX","Mexico","0","W00","World","H5","HS","true","0901","Coffee, whether or not roasted or decaffeinated; husks and skins; coffee substitutes containing coffee in any proportion","4","false","C00","TOTAL CPC","0","0","TOTAL MOT","8","kg","1245506.84","false","8","kg","1245506.84","false","1245506.84","false","0","false","5784096.505","5636872.376","5784096.505","0","false","true",
"C","A","20210101","2021","52","2021","36","AUS","Australia","M","Import","490","S19","Other Asia, nes","0","W00","World","H5","HS","true","0901","Coffee, whether or not roasted or decaffeinated; husks and skins; coffee substitutes containing coffee in any proportion","4","false","C00","TOTAL CPC","0","0","TOTAL MOT","8","kg","608.4","false","8","kg","608.4","false","608.4","false","0","false","6793.957","6077.203","6793.957","0","false","true",
"C","A","20210101","2021","52","2021","36","AUS","Australia","M","Import","524","NPL","Nepal","0","W00","World","H5","HS","true","0901","Coffee, whether or not roasted or decaffeinated; husks and skins; coffee substitutes containing coffee in any proportion","4","false","C00","TOTAL CPC","0","0","TOTAL MOT","8","kg","3910","false","8","kg","3910","false","3910","false","3968","false","48293.546","37558.082","48293.546","0","false","true",
"C","A","20210101","2021","52","2021","36","AUS","Australia","M","Import","528","NLD","Netherlands","0","W00","World","H5","HS","true","0901","Coffee, whether or not roasted or decaffeinated; husks and skins; coffee substitutes containing coffee in any proportion","4","false","C00","TOTAL CPC","0","0","TOTAL MOT","8","kg","149249.22","false","8","kg","149249.22","false","149249.22","false","0","false","379013.637","358605.888","379013.637","0","false","true",
"C","A","20210101","2021","52","2021","36","AUS","Australia","M","Import","548","VUT","Vanuatu","0","W00","World","H5","HS","true","0901","Coffee, whether or not roasted or decaffeinated; husks and skins; coffee substitutes containing coffee in any proportion","4","false","C00","TOTAL CPC","0","0","TOTAL MOT","8","kg","2863.5","false","8","kg","2863.5","false","2863.5","false","3032.5","false","61624.771","49460.276","61624.771","0","false","true",
"C","A","20210101","2021","52","2021","36","AUS","Australia","M","Import","554","NZL","New Zealand","0","W00","World","H5","HS","true","0901","Coffee, whether or not roasted or decaffeinated; husks and skins; coffee substitutes containing coffee in any proportion","4","false","C00","TOTAL CPC","0","0","TOTAL MOT","8","kg","139232","false","8","kg","139232","false","139232","false","0","false","1502186.034","1473151.504","1502186.034","0","false","true",
"C","A","20210101","2021","52","2021","36","AUS","Australia","M","Import","558","NIC","Nicaragua","0","W00","World","H5","HS","true","0901","Coffee, whether or not roasted or decaffeinated; husks and skins; coffee substitutes containing coffee in any proportion","4","false","C00","TOTAL CPC","0","0","TOTAL MOT","8","kg","2620924.24","false","8","kg","2620924.24","false","2620924.24","false","0","false","11501749.872","11219427.675","11501749.872","0","false","true",
"C","A","20210101","2021","52","2021","36","AUS","Australia","M","Import","562","NER","Niger","0","W00","World","H5","HS","true","0901","Coffee, whether or not roasted or decaffeinated; husks and skins; coffee substitutes containing coffee in any proportion","4","false","C00","TOTAL CPC","0","0","TOTAL MOT","8","kg","3942.4","false","8","kg","3942.4","false","3942.4","false","0","false","120949.027","115055.37","120949.027","0","false","true",
"C","A","20210101","2021","52","2021","36","AUS","Australia","M","Import","591","PAN","Panama","0","W00","World","H5","HS","true","0901","Coffee, whether or not roasted or decaffeinated; husks and skins; coffee substitutes containing coffee in any proportion","4","false","C00","TOTAL CPC","0","0","TOTAL MOT","8","kg","110809.04","false","8","kg","110809.04","false","110809.04","false","54776.78","false","910035.703","850298.645","910035.703","0","false","true",
"C","A","20210101","2021","52","2021","36","AUS","Australia","M","Import","598","PNG","Papua New Guinea","0","W00","World","H5","HS","true","0901","Coffee, whether or not roasted or decaffeinated; husks and skins; coffee substitutes containing coffee in any proportion","4","false","C00","TOTAL CPC","0","0","TOTAL MOT","8","kg","7715519","false","8","kg","7715519","false","7715519","false","0","false","28862285.255","28256267.509","28862285.255","0","false","true",
"C","A","20210101","2021","52","2021","36","AUS","Australia","M","Import","604","PER","Peru","0","W00","World","H5","HS","true","0901","Coffee, whether or not roasted or decaffeinated; husks and skins; coffee substitutes containing coffee in any proportion","4","false","C00","TOTAL CPC","0","0","TOTAL MOT","8","kg","2927412.23","false","8","kg","2927412.23","false","2927412.23","false","2610142","false","12664879.414","12278911.953","12664879.414","0","false","true",
"C","A","20210101","2021","52","2021","36","AUS","Australia","M","Import","608","PHL","Philippines","0","W00","World","H5","HS","true","0901","Coffee, whether or not roasted or decaffeinated; husks and skins; coffee substitutes containing coffee in any proportion","4","false","C00","TOTAL CPC","0","0","TOTAL MOT","8","kg","8792.8","false","8","kg","8792.8","false","8792.8","false","0","false","30054.973","26903.619","30054.973","0","false","true",
"C","A","20210101","2021","52","2021","36","AUS","Australia","M","Import","616","POL","Poland","0","W00","World","H5","HS","true","0901","Coffee, whether or not roasted or decaffeinated; husks and skins; coffee substitutes containing coffee in any proportion","4","false","C00","TOTAL CPC","0","0","TOTAL MOT","8","kg","119.74","false","8","kg","119.74","false","119.74","false","0","false","2756.11","2303.616","2756.11","0","false","true",
"C","A","20210101","2021","52","2021","36","AUS","Australia","M","Import","620","PRT","Portugal","0","W00","World","H5","HS","true","0901","Coffee, whether or not roasted or decaffeinated; husks and skins; coffee substitutes containing coffee in any proportion","4","false","C00","TOTAL CPC","0","0","TOTAL MOT","8","kg","56152.6","false","8","kg","56152.6","false","56152.6","false","0","false","451764.373","412997.79","451764.373","0","false","true",
"C","A","20210101","2021","52","2021","36","AUS","Australia","M","Import","626","TLS","Timor-Leste","0","W00","World","H5","HS","true","0901","Coffee, whether or not roasted or decaffeinated; husks and skins; coffee substitutes containing coffee in any proportion","4","false","C00","TOTAL CPC","0","0","TOTAL MOT","8","kg","254564.75","false","8","kg","254564.75","false","254564.75","false","0","false","1074628.383","1053059.395","1074628.383","0","false","true",
"C","A","20210101","2021","52","2021","36","AUS","Australia","M","Import","646","RWA","Rwanda","0","W00","World","H5","HS","true","0901","Coffee, whether or not roasted or decaffeinated; husks and skins; coffee substitutes containing coffee in any proportion","4","false","C00","TOTAL CPC","0","0","TOTAL MOT","8","kg","204629.95","false","8","kg","204629.95","false","204629.95","false","0","false","1390767.204","1353712.749","1390767.204","0","false","true",
"C","A","20210101","2021","52","2021","36","AUS","Australia","M","Import","682","SAU","Saudi Arabia","0","W00","World","H5","HS","true","0901","Coffee, whether or not roasted or decaffeinated; husks and skins; coffee substitutes containing coffee in any proportion","4","false","C00","TOTAL CPC","0","0","TOTAL MOT","8","kg","6170","false","8","kg","6170","false","6170","false","0","false","28927.861","27277.988","28927.861","0","false","true",
"C","A","20210101","2021","52","2021","36","AUS","Australia","M","Import","688","SRB","Serbia","0","W00","World","H5","HS","true","0901","Coffee, whether or not roasted or decaffeinated; husks and skins; coffee substitutes containing coffee in any proportion","4","false","C00","TOTAL CPC","0","0","TOTAL MOT","8","kg","45582.37","false","8","kg","45582.37","false","45582.37","false","0","false","259771.497","230335.675","259771.497","0","false","true",
"C","A","20210101","2021","52","2021","36","AUS","Australia","M","Import","699","IND","India","0","W00","World","H5","HS","true","0901","Coffee, whether or not roasted or decaffeinated; husks and skins; coffee substitutes containing coffee in any proportion","4","false","C00","TOTAL CPC","0","0","TOTAL MOT","8","kg","6151393.54","false","8","kg","6151393.54","false","6151393.54","false","0","false","17480428.289","16822534.703","17480428.289","0","false","true",
"C","A","20210101","2021","52","2021","36","AUS","Australia","M","Import","702","SGP","Singapore","0","W00","World","H5","HS","true","0901","Coffee, whether or not roasted or decaffeinated; husks and skins; coffee substitutes containing coffee in any proportion","4","false","C00","TOTAL CPC","0","0","TOTAL MOT","8","kg","22419","false","8","kg","22419","false","22419","false","0","false","50200.504","47776.616","50200.504","0","false","true",
"C","A","20210101","2021","52","2021","36","AUS","Australia","M","Import","704","VNM","Viet Nam","0","W00","World","H5","HS","true","0901","Coffee, whether or not roasted or decaffeinated; husks and skins; coffee substitutes containing coffee in any proportion","4","false","C00","TOTAL CPC","0","0","TOTAL MOT","8","kg","12238417.33","false","8","kg","12238417.33","false","12238417.33","false","0","false","22896766.504","21969462.892","22896766.504","0","false","true",
"C","A","20210101","2021","52","2021","36","AUS","Australia","M","Import","705","SVN","Slovenia","0","W00","World","H5","HS","true","0901","Coffee, whether or not roasted or decaffeinated; husks and skins; coffee substitutes containing coffee in any proportion","4","false","C00","TOTAL CPC","0","0","TOTAL MOT","8","kg","911","false","8","kg","911","false","911","false","19272","false","4546.815","3362.972","4546.815","0","false","true",
"C","A","20210101","2021","52","2021","36","AUS","Australia","M","Import","710","ZAF","South Africa","0","W00","World","H5","HS","true","0901","Coffee, whether or not roasted or decaffeinated; husks and skins; coffee substitutes containing coffee in any proportion","4","false","C00","TOTAL CPC","0","0","TOTAL MOT","8","kg","12778.5","false","8","kg","12778.5","false","12778.5","false","0","false","64115.005","62286.455","64115.005","0","false","true",
"C","A","20210101","2021","52","2021","36","AUS","Australia","M","Import","724","ESP","Spain","0","W00","World","H5","HS","true","0901","Coffee, whether or not roasted or decaffeinated; husks and skins; coffee substitutes containing coffee in any proportion","4","false","C00","TOTAL CPC","0","0","TOTAL MOT","8","kg","249668.78","false","8","kg","249668.78","false","249668.78","false","0","false","1881564.673","1749690.927","1881564.673","0","false","true",
"C","A","20210101","2021","52","2021","36","AUS","Australia","M","Import","752","SWE","Sweden","0","W00","World","H5","HS","true","0901","Coffee, whether or not roasted or decaffeinated; husks and skins; coffee substitutes containing coffee in any proportion","4","false","C00","TOTAL CPC","0","0","TOTAL MOT","8","kg","5996","false","8","kg","5996","false","5996","false","0","false","47792.721","44182.315","47792.721","0","false","true",
"C","A","20210101","2021","52","2021","36","AUS","Australia","M","Import","757","CHE","Switzerland","0","W00","World","H5","HS","true","0901","Coffee, whether or not roasted or decaffeinated; husks and skins; coffee substitutes containing coffee in any proportion","4","false","C00","TOTAL CPC","0","0","TOTAL MOT","8","kg","3537555.73","false","8","kg","3537555.73","false","3537555.73","false","0","false","89291504.258","86306299.334","89291504.258","0","false","true",
"C","A","20210101","2021","52","2021","36","AUS","Australia","M","Import","760","SYR","Syria","0","W00","World","H5","HS","true","0901","Coffee, whether or not roasted or decaffeinated; husks and skins; coffee substitutes containing coffee in any proportion","4","false","C00","TOTAL CPC","0","0","TOTAL MOT","8","kg","650","false","8","kg","650","false","650","false","0","false","2601.861","2260.228","2601.861","0","false","true",
"C","A","20210101","2021","52","2021","36","AUS","Australia","M","Import","764","THA","Thailand","0","W00","World","H5","HS","true","0901","Coffee, whether or not roasted or decaffeinated; husks and skins; coffee substitutes containing coffee in any proportion","4","false","C00","TOTAL CPC","0","0","TOTAL MOT","8","kg","13884.5","false","8","kg","13884.5","false","13884.5","false","0","false","121213.866","110115","121213.866","0","false","true",
"C","A","20210101","2021","52","2021","36","AUS","Australia","M","Import","784","ARE","United Arab Emirates","0","W00","World","H5","HS","true","0901","Coffee, whether or not roasted or decaffeinated; husks and skins; coffee substitutes containing coffee in any proportion","4","false","C00","TOTAL CPC","0","0","TOTAL MOT","8","kg","6620.63","false","8","kg","6620.63","false","6620.63","false","31150","false","30641.027","27584.736","30641.027","0","false","true",
"C","A","20210101","2021","52","2021","36","AUS","Australia","M","Import","792","TUR","Türkiye","0","W00","World","H5","HS","true","0901","Coffee, whether or not roasted or decaffeinated; husks and skins; coffee substitutes containing coffee in any proportion","4","false","C00","TOTAL CPC","0","0","TOTAL MOT","8","kg","24506","false","8","kg","24506","false","24506","false","0","false","126011.638","116866.687","126011.638","0","false","true",
"C","A","20210101","2021","52","2021","36","AUS","Australia","M","Import","800","UGA","Uganda","0","W00","World","H5","HS","true","0901","Coffee, whether or not roasted or decaffeinated; husks and skins; coffee substitutes containing coffee in any proportion","4","false","C00","TOTAL CPC","0","0","TOTAL MOT","8","kg","567663","false","8","kg","567663","false","567663","false","0","false","1443822.494","1395829.131","1443822.494","0","false","true",
"C","A","20210101","2021","52","2021","36","AUS","Australia","M","Import","807","MKD","North Macedonia","0","W00","World","H5","HS","true","0901","Coffee, whether or not roasted or decaffeinated; husks and skins; coffee substitutes containing coffee in any proportion","4","false","C00","TOTAL CPC","0","0","TOTAL MOT","8","kg","9422.4","false","8","kg","9422.4","false","9422.4","false","0","false","69652.862","62493.693","69652.862","0","false","true",
"C","A","20210101","2021","52","2021","36","AUS","Australia","M","Import","826","GBR","United Kingdom","0","W00","World","H5","HS","true","0901","Coffee, whether or not roasted or decaffeinated; husks and skins; coffee substitutes containing coffee in any proportion","4","false","C00","TOTAL CPC","0","0","TOTAL MOT","8","kg","304840.52","false","8","kg","304840.52","false","304840.52","false","0","false","3644972.996","3419629.327","3644972.996","0","false","true",
"C","A","20210101","2021","52","2021","36","AUS","Australia","M","Import","834","TZA","United Rep. of Tanzania","0","W00","World","H5","HS","true","0901","Coffee, whether or not roasted or decaffeinated; husks and skins; coffee substitutes containing coffee in any proportion","4","false","C00","TOTAL CPC","0","0","TOTAL MOT","8","kg","1097220","false","8","kg","1097220","false","1097220","false","0","false","4154616.605","4048785.451","4154616.605","0","false","true",
"C","A","20210101","2021","52","2021","36","AUS","Australia","M","Import","842","USA","USA","0","W00","World","H5","HS","true","0901","Coffee, whether or not roasted or decaffeinated; husks and skins; coffee substitutes containing coffee in any proportion","4","false","C00","TOTAL CPC","0","0","TOTAL MOT","8","kg","453458.89","false","8","kg","453458.89","false","453458.89","false","0","false","3105151.16","2893778.568","3105151.16","0","false","true",
"C","A","20210101","2021","52","2021","36","AUS","Australia","M","Import","858","URY","Uruguay","0","W00","World","H5","HS","true","0901","Coffee, whether or not roasted or decaffeinated; husks and skins; coffee substitutes containing coffee in any proportion","4","false","C00","TOTAL CPC","0","0","TOTAL MOT","8","kg","6048","false","8","kg","6048","false","6048","false","8140","false","71681.416","58139.603","71681.416","0","false","true",
"C","A","20210101","2021","52","2021","36","AUS","Australia","M","Import","887","YEM","Yemen","0","W00","World","H5","HS","true","0901","Coffee, whether or not roasted or decaffeinated; husks and skins; coffee substitutes containing coffee in any proportion","4","false","C00","TOTAL CPC","0","0","TOTAL MOT","8","kg","5636","false","8","kg","5636","false","5636","false","0","false","105599.885","94893.012","105599.885","0","false","true",
"C","A","20210101","2021","52","2021","36","AUS","Australia","M","Import","894","ZMB","Zambia","0","W00","World","H5","HS","true","0901","Coffee, whether or not roasted or decaffeinated; husks and skins; coffee substitutes containing coffee in any proportion","4","false","C00","TOTAL CPC","0","0","TOTAL MOT","8","kg","6510","false","8","kg","6510","false","6510","false","0","false","34717.216","33897.211","34717.216","0","false","true",
"C","A","20220101","2022","52","2022","36","AUS","Australia","M","Import","0","W00","World","0","W00","World","H6","HS","true","0901","Coffee, whether or not roasted or decaffeinated; husks and skins; coffee substitutes containing coffee in any proportion","4","false","C00","TOTAL CPC","0","0","TOTAL MOT","8","kg","117602937.561","true","-1","N/A","0","false","117602937.561","true","0","false","712565692.616","675630670.998","712565692.616","6","false","true",
"C","A","20220101","2022","52","2022","36","AUS","Australia","M","Import","36","AUS","Australia","0","W00","World","H6","HS","true","0901","Coffee, whether or not roasted or decaffeinated; husks and skins; coffee substitutes containing coffee in any proportion","4","false","C00","TOTAL CPC","0","0","TOTAL MOT","8","kg","20552.51","false","8","kg","20552.51","false","20552.51","false","41391.45","false","116470.536","103355.541","116470.536","0","false","true",
"C","A","20220101","2022","52","2022","36","AUS","Australia","M","Import","40","AUT","Austria","0","W00","World","H6","HS","true","0901","Coffee, whether or not roasted or decaffeinated; husks and skins; coffee substitutes containing coffee in any proportion","4","false","C00","TOTAL CPC","0","0","TOTAL MOT","8","kg","2025","false","8","kg","2025","false","2025","false","0","false","45624.361","42811.501","45624.361","0","false","true",
"C","A","20220101","2022","52","2022","36","AUS","Australia","M","Import","56","BEL","Belgium","0","W00","World","H6","HS","true","0901","Coffee, whether or not roasted or decaffeinated; husks and skins; coffee substitutes containing coffee in any proportion","4","false","C00","TOTAL CPC","0","0","TOTAL MOT","8","kg","1397.52","false","8","kg","1397.52","false","1397.52","false","0","false","34598.453","31901.147","34598.453","0","false","true",
"C","A","20220101","2022","52","2022","36","AUS","Australia","M","Import","64","BTN","Bhutan","0","W00","World","H6","HS","true","0901","Coffee, whether or not roasted or decaffeinated; husks and skins; coffee substitutes containing coffee in any proportion","4","false","C00","TOTAL CPC","0","0","TOTAL MOT","8","kg","21600","false","8","kg","21600","false","21600","false","21607","false","107275.683","105012.965","107275.683","0","false","true",
"C","A","20220101","2022","52","2022","36","AUS","Australia","M","Import","68","BOL","Bolivia (Plurinational State of)","0","W00","World","H6","HS","true","0901","Coffee, whether or not roasted or decaffeinated; husks and skins; coffee substitutes containing coffee in any proportion","4","false","C00","TOTAL CPC","0","0","TOTAL MOT","8","kg","24430","false","8","kg","24430","false","24430","false","36119","false","264630.703","250105.056","264630.703","0","false","true",
"C","A","20220101","2022","52","2022","36","AUS","Australia","M","Import","70","BIH","Bosnia Herzegovina","0","W00","World","H6","HS","true","0901","Coffee, whether or not roasted or decaffeinated; husks and skins; coffee substitutes containing coffee in any proportion","4","false","C00","TOTAL CPC","0","0","TOTAL MOT","8","kg","19595.5","false","8","kg","19595.5","false","19595.5","false","107165","false","129684.74","105121.354","129684.74","0","false","true",
"C","A","20220101","2022","52","2022","36","AUS","Australia","M","Import","76","BRA","Brazil","0","W00","World","H6","HS","true","0901","Coffee, whether or not roasted or decaffeinated; husks and skins; coffee substitutes containing coffee in any proportion","4","false","C00","TOTAL CPC","0","0","TOTAL MOT","8","kg","26358617.56","false","8","kg","26358617.56","false","26358617.56","false","0","false","132711997.814","126842929.099","132711997.814","0","false","true",
"C","A","20220101","2022","52","2022","36","AUS","Australia","M","Import","84","BLZ","Belize","0","W00","World","H6","HS","true","0901","Coffee, whether or not roasted or decaffeinated; husks and skins; coffee substitutes containing coffee in any proportion","4","false","C00","TOTAL CPC","0","0","TOTAL MOT","8","kg","118305","false","8","kg","118305","false","118305","false","119066.2","false","622878.759","589722.59","622878.759","0","false","true",
"C","A","20220101","2022","52","2022","36","AUS","Australia","M","Import","90","SLB","Solomon Isds","0","W00","World","H6","HS","true","0901","Coffee, whether or not roasted or decaffeinated; husks and skins; coffee substitutes containing coffee in any proportion","4","false","C00","TOTAL CPC","0","0","TOTAL MOT","8","kg","1402.13","false","8","kg","1402.13","false","1402.13","false","0","false","23531.675","21638.544","23531.675","0","false","true",
"C","A","20220101","2022","52","2022","36","AUS","Australia","M","Import","104","MMR","Myanmar","0","W00","World","H6","HS","true","0901","Coffee, whether or not roasted or decaffeinated; husks and skins; coffee substitutes containing coffee in any proportion","4","false","C00","TOTAL CPC","0","0","TOTAL MOT","8","kg","22960.9","false","8","kg","22960.9","false","22960.9","false","0","false","134958.63","123670.774","134958.63","0","false","true",
"C","A","20220101","2022","52","2022","36","AUS","Australia","M","Import","108","BDI","Burundi","0","W00","World","H6","HS","true","0901","Coffee, whether or not roasted or decaffeinated; husks and skins; coffee substitutes containing coffee in any proportion","4","false","C00","TOTAL CPC","0","0","TOTAL MOT","8","kg","180444","false","8","kg","180444","false","180444","false","183158.5","false","1109369.436","1085845.294","1109369.436","0","false","true",
"C","A","20220101","2022","52","2022","36","AUS","Australia","M","Import","124","CAN","Canada","0","W00","World","H6","HS","true","0901","Coffee, whether or not roasted or decaffeinated; husks and skins; coffee substitutes containing coffee in any proportion","4","false","C00","TOTAL CPC","0","0","TOTAL MOT","8","kg","596463.23","false","8","kg","596463.23","false","596463.23","false","0","false","5085554.206","4994871.454","5085554.206","0","false","true",
"C","A","20220101","2022","52","2022","36","AUS","Australia","M","Import","144","LKA","Sri Lanka","0","W00","World","H6","HS","true","0901","Coffee, whether or not roasted or decaffeinated; husks and skins; coffee substitutes containing coffee in any proportion","4","false","C00","TOTAL CPC","0","0","TOTAL MOT","8","kg","59137.5","false","8","kg","59137.5","false","59137.5","false","0","false","887834.295","565975.844","887834.295","0","false","true",
"C","A","20220101","2022","52","2022","36","AUS","Australia","M","Import","152","CHL","Chile","0","W00","World","H6","HS","true","0901","Coffee, whether or not roasted or decaffeinated; husks and skins; coffee substitutes containing coffee in any proportion","4","false","C00","TOTAL CPC","0","0","TOTAL MOT","8","kg","19161","false","8","kg","19161","false","19161","false","19475","false","121384.923","118745.301","121384.923","0","false","true",
"C","A","20220101","2022","52","2022","36","AUS","Australia","M","Import","156","CHN","China","0","W00","World","H6","HS","true","0901","Coffee, whether or not roasted or decaffeinated; husks and skins; coffee substitutes containing coffee in any proportion","4","false","C00","TOTAL CPC","0","0","TOTAL MOT","8","kg","1209271.68","false","8","kg","1209271.68","false","1209271.68","false","0","false","5953873.371","5685252.703","5953873.371","0","false","true",
"C","A","20220101","2022","52","2022","36","AUS","Australia","M","Import","170","COL","Colombia","0","W00","World","H6","HS","true","0901","Coffee, whether or not roasted or decaffeinated; husks and skins; coffee substitutes containing coffee in any proportion","4","false","C00","TOTAL CPC","0","0","TOTAL MOT","8","kg","10811408.4","false","8","kg","10811408.4","false","10811408.4","false","0","false","70862253.421","68539101.165","70862253.421","0","false","true",
"C","A","20220101","2022","52","2022","36","AUS","Australia","M","Import","178","COG","Congo","0","W00","World","H6","HS","true","0901","Coffee, whether or not roasted or decaffeinated; husks and skins; coffee substitutes containing coffee in any proportion","4","false","C00","TOTAL CPC","0","0","TOTAL MOT","8","kg","480","false","8","kg","480","false","480","false","0","false","3266.225","3104.745","3266.225","0","false","true",
"C","A","20220101","2022","52","2022","36","AUS","Australia","M","Import","188","CRI","Costa Rica","0","W00","World","H6","HS","true","0901","Coffee, whether or not roasted or decaffeinated; husks and skins; coffee substitutes containing coffee in any proportion","4","false","C00","TOTAL CPC","0","0","TOTAL MOT","8","kg","1084151.89","false","8","kg","1084151.89","false","1084151.89","false","0","false","7338147.499","7129498.931","7338147.499","0","false","true",
"C","A","20220101","2022","52","2022","36","AUS","Australia","M","Import","191","HRV","Croatia","0","W00","World","H6","HS","true","0901","Coffee, whether or not roasted or decaffeinated; husks and skins; coffee substitutes containing coffee in any proportion","4","false","C00","TOTAL CPC","0","0","TOTAL MOT","8","kg","4800","false","8","kg","4800","false","4800","false","0","false","32214.937","29070.461","32214.937","0","false","true",
"C","A","20220101","2022","52","2022","36","AUS","Australia","M","Import","192","CUB","Cuba","0","W00","World","H6","HS","true","0901","Coffee, whether or not roasted or decaffeinated; husks and skins; coffee substitutes containing coffee in any proportion","4","false","C00","TOTAL CPC","0","0","TOTAL MOT","8","kg","18000","false","8","kg","18000","false","18000","false","18210","false","101683.98","99011.069","101683.98","0","false","true",
"C","A","20220101","2022","52","2022","36","AUS","Australia","M","Import","196","CYP","Cyprus","0","W00","World","H6","HS","true","0901","Coffee, whether or not roasted or decaffeinated; husks and skins; coffee substitutes containing coffee in any proportion","4","false","C00","TOTAL CPC","0","0","TOTAL MOT","8","kg","4535.8","false","8","kg","4535.8","false","4535.8","false","0","false","55846.136","46612.615","55846.136","0","false","true",
"C","A","20220101","2022","52","2022","36","AUS","Australia","M","Import","208","DNK","Denmark","0","W00","World","H6","HS","true","0901","Coffee, whether or not roasted or decaffeinated; husks and skins; coffee substitutes containing coffee in any proportion","4","false","C00","TOTAL CPC","0","0","TOTAL MOT","8","kg","38472.29","false","8","kg","38472.29","false","38472.29","false","38520","false","277650.994","265819.766","277650.994","0","false","true",
"C","A","20220101","2022","52","2022","36","AUS","Australia","M","Import","218","ECU","Ecuador","0","W00","World","H6","HS","true","0901","Coffee, whether or not roasted or decaffeinated; husks and skins; coffee substitutes containing coffee in any proportion","4","false","C00","TOTAL CPC","0","0","TOTAL MOT","8","kg","32342.82","false","8","kg","32342.82","false","32342.82","false","33609","false","384907.414","362547.676","384907.414","0","false","true",
"C","A","20220101","2022","52","2022","36","AUS","Australia","M","Import","222","SLV","El Salvador","0","W00","World","H6","HS","true","0901","Coffee, whether or not roasted or decaffeinated; husks and skins; coffee substitutes containing coffee in any proportion","4","false","C00","TOTAL CPC","0","0","TOTAL MOT","8","kg","931966","false","8","kg","931966","false","931966","false","0","false","5931694.763","5696589.488","5931694.763","0","false","true",
"C","A","20220101","2022","52","2022","36","AUS","Australia","M","Import","231","ETH","Ethiopia","0","W00","World","H6","HS","true","0901","Coffee, whether or not roasted or decaffeinated; husks and skins; coffee substitutes containing coffee in any proportion","4","false","C00","TOTAL CPC","0","0","TOTAL MOT","8","kg","4810689","false","8","kg","4810689","false","4810689","false","0","false","29644961.304","28452236.013","29644961.304","0","false","true",
"C","A","20220101","2022","52","2022","36","AUS","Australia","M","Import","233","EST","Estonia","0","W00","World","H6","HS","true","0901","Coffee, whether or not roasted or decaffeinated; husks and skins; coffee substitutes containing coffee in any proportion","4","false","C00","TOTAL CPC","0","0","TOTAL MOT","8","kg","125","false","8","kg","125","false","125","false","125","false","2211.361","1579.626","2211.361","0","false","true",
"C","A","20220101","2022","52","2022","36","AUS","Australia","M","Import","246","FIN","Finland","0","W00","World","H6","HS","true","0901","Coffee, whether or not roasted or decaffeinated; husks and skins; coffee substitutes containing coffee in any proportion","4","false","C00","TOTAL CPC","0","0","TOTAL MOT","8","kg","720","false","8","kg","720","false","720","false","800","false","8807.244","8211.287","8807.244","0","false","true",
"C","A","20220101","2022","52","2022","36","AUS","Australia","M","Import","251","FRA","France","0","W00","World","H6","HS","true","0901","Coffee, whether or not roasted or decaffeinated; husks and skins; coffee substitutes containing coffee in any proportion","4","false","C00","TOTAL CPC","0","0","TOTAL MOT","8","kg","1105657.29","false","8","kg","1105657.29","false","1105657.29","false","0","false","22707458.565","19923881.699","22707458.565","0","false","true",
"C","A","20220101","2022","52","2022","36","AUS","Australia","M","Import","262","DJI","Djibouti","0","W00","World","H6","HS","true","0901","Coffee, whether or not roasted or decaffeinated; husks and skins; coffee substitutes containing coffee in any proportion","4","false","C00","TOTAL CPC","0","0","TOTAL MOT","8","kg","154080","false","8","kg","154080","false","154080","false","155536","false","860097.446","825301.894","860097.446","0","false","true",
"C","A","20220101","2022","52","2022","36","AUS","Australia","M","Import","276","DEU","Germany","0","W00","World","H6","HS","true","0901","Coffee, whether or not roasted or decaffeinated; husks and skins; coffee substitutes containing coffee in any proportion","4","false","C00","TOTAL CPC","0","0","TOTAL MOT","8","kg","1491232.86","false","8","kg","1491232.86","false","1491232.86","false","0","false","28381370.373","26658818.397","28381370.373","0","false","true",
"C","A","20220101","2022","52","2022","36","AUS","Australia","M","Import","300","GRC","Greece","0","W00","World","H6","HS","true","0901","Coffee, whether or not roasted or decaffeinated; husks and skins; coffee substitutes containing coffee in any proportion","4","false","C00","TOTAL CPC","0","0","TOTAL MOT","8","kg","24241.3","false","8","kg","24241.3","false","24241.3","false","0","false","242148.767","225456.671","242148.767","0","false","true",
"C","A","20220101","2022","52","2022","36","AUS","Australia","M","Import","320","GTM","Guatemala","0","W00","World","H6","HS","true","0901","Coffee, whether or not roasted or decaffeinated; husks and skins; coffee substitutes containing coffee in any proportion","4","false","C00","TOTAL CPC","0","0","TOTAL MOT","8","kg","1940521.7","false","8","kg","1940521.7","false","1940521.7","false","2136710","false","13346303.06","12898324.985","13346303.06","0","false","true",
"C","A","20220101","2022","52","2022","36","AUS","Australia","M","Import","332","HTI","Haiti","0","W00","World","H6","HS","true","0901","Coffee, whether or not roasted or decaffeinated; husks and skins; coffee substitutes containing coffee in any proportion","4","false","C00","TOTAL CPC","0","0","TOTAL MOT","8","kg","300","false","8","kg","300","false","300","false","0","false","4567.082","3795.8","4567.082","0","false","true",
"C","A","20220101","2022","52","2022","36","AUS","Australia","M","Import","340","HND","Honduras","0","W00","World","H6","HS","true","0901","Coffee, whether or not roasted or decaffeinated; husks and skins; coffee substitutes containing coffee in any proportion","4","false","C00","TOTAL CPC","0","0","TOTAL MOT","8","kg","8206323.1","false","8","kg","8206323.1","false","8206323.1","false","7746586.6","false","44407609.258","42628826.732","44407609.258","0","false","true",
"C","A","20220101","2022","52","2022","36","AUS","Australia","M","Import","344","HKG","China, Hong Kong SAR","0","W00","World","H6","HS","true","0901","Coffee, whether or not roasted or decaffeinated; husks and skins; coffee substitutes containing coffee in any proportion","4","false","C00","TOTAL CPC","0","0","TOTAL MOT","8","kg","7571.98","false","8","kg","7571.98","false","7571.98","false","0","false","118563.414","109149.934","118563.414","0","false","true",
"C","A","20220101","2022","52","2022","36","AUS","Australia","M","Import","360","IDN","Indonesia","0","W00","World","H6","HS","true","0901","Coffee, whether or not roasted or decaffeinated; husks and skins; coffee substitutes containing coffee in any proportion","4","false","C00","TOTAL CPC","0","0","TOTAL MOT","8","kg","2946150.44","false","8","kg","2946150.44","false","2946150.44","false","0","false","11359375.27","10894727.9","11359375.27","0","false","true",
"C","A","20220101","2022","52","2022","36","AUS","Australia","M","Import","376","ISR","Israel","0","W00","World","H6","HS","true","0901","Coffee, whether or not roasted or decaffeinated; husks and skins; coffee substitutes containing coffee in any proportion","4","false","C00","TOTAL CPC","0","0","TOTAL MOT","8","kg","150","false","8","kg","150","false","150","false","0","false","1428.467","1172.395","1428.467","0","false","true",
"C","A","20220101","2022","52","2022","36","AUS","Australia","M","Import","380","ITA","Italy","0","W00","World","H6","HS","true","0901","Coffee, whether or not roasted or decaffeinated; husks and skins; coffee substitutes containing coffee in any proportion","4","false","C00","TOTAL CPC","0","0","TOTAL MOT","8","kg","4574325.37","false","8","kg","4574325.37","false","4574325.37","false","0","false","34383477.825","31347183.509","34383477.825","0","false","true",
"C","A","20220101","2022","52","2022","36","AUS","Australia","M","Import","388","JAM","Jamaica","0","W00","World","H6","HS","true","0901","Coffee, whether or not roasted or decaffeinated; husks and skins; coffee substitutes containing coffee in any proportion","4","false","C00","TOTAL CPC","0","0","TOTAL MOT","8","kg","1629.47","false","8","kg","1629.47","false","1629.47","false","2161","false","97982.071","84853.802","97982.071","0","false","true",
"C","A","20220101","2022","52","2022","36","AUS","Australia","M","Import","392","JPN","Japan","0","W00","World","H6","HS","true","0901","Coffee, whether or not roasted or decaffeinated; husks and skins; coffee substitutes containing coffee in any proportion","4","false","C00","TOTAL CPC","0","0","TOTAL MOT","8","kg","1823.47","false","8","kg","1823.47","false","1823.47","false","0","false","35958.055","31695.135","35958.055","0","false","true",
"C","A","20220101","2022","52","2022","36","AUS","Australia","M","Import","400","JOR","Jordan","0","W00","World","H6","HS","true","0901","Coffee, whether or not roasted or decaffeinated; husks and skins; coffee substitutes containing coffee in any proportion","4","false","C00","TOTAL CPC","0","0","TOTAL MOT","8","kg","104081.8","false","8","kg","104081.8","false","104081.8","false","0","false","580100.102","517691.599","580100.102","0","false","true",
"C","A","20220101","2022","52","2022","36","AUS","Australia","M","Import","404","KEN","Kenya","0","W00","World","H6","HS","true","0901","Coffee, whether or not roasted or decaffeinated; husks and skins; coffee substitutes containing coffee in any proportion","4","false","C00","TOTAL CPC","0","0","TOTAL MOT","8","kg","2025387.7","false","8","kg","2025387.7","false","2025387.7","false","0","false","13168265.211","12410113.227","13168265.211","0","false","true",
"C","A","20220101","2022","52","2022","36","AUS","Australia","M","Import","410","KOR","Rep. of Korea","0","W00","World","H6","HS","true","0901","Coffee, whether or not roasted or decaffeinated; husks and skins; coffee substitutes containing coffee in any proportion","4","false","C00","TOTAL CPC","0","0","TOTAL MOT","8","kg","12603.51","false","8","kg","12603.51","false","12603.51","false","0","false","93988.659","80344.514","93988.659","0","false","true",
"C","A","20220101","2022","52","2022","36","AUS","Australia","M","Import","414","KWT","Kuwait","0","W00","World","H6","HS","true","0901","Coffee, whether or not roasted or decaffeinated; husks and skins; coffee substitutes containing coffee in any proportion","4","false","C00","TOTAL CPC","0","0","TOTAL MOT","8","kg","250","false","8","kg","250","false","250","false","0","false","2894.862","1728.107","2894.862","0","false","true",
"C","A","20220101","2022","52","2022","36","AUS","Australia","M","Import","418","LAO","Lao People's Dem. Rep.","0","W00","World","H6","HS","true","0901","Coffee, whether or not roasted or decaffeinated; husks and skins; coffee substitutes containing coffee in any proportion","4","false","C00","TOTAL CPC","0","0","TOTAL MOT","8","kg","25000","false","8","kg","25000","false","25000","false","0","false","171932.413","164015.911","171932.413","0","false","true",
"C","A","20220101","2022","52","2022","36","AUS","Australia","M","Import","422","LBN","Lebanon","0","W00","World","H6","HS","true","0901","Coffee, whether or not roasted or decaffeinated; husks and skins; coffee substitutes containing coffee in any proportion","4","false","C00","TOTAL CPC","0","0","TOTAL MOT","8","kg","71066.1","false","8","kg","71066.1","false","71066.1","false","0","false","629455.053","593413.414","629455.053","0","false","true",
"C","A","20220101","2022","52","2022","36","AUS","Australia","M","Import","458","MYS","Malaysia","0","W00","World","H6","HS","true","0901","Coffee, whether or not roasted or decaffeinated; husks and skins; coffee substitutes containing coffee in any proportion","4","false","C00","TOTAL CPC","0","0","TOTAL MOT","8","kg","121620.78","false","8","kg","121620.78","false","121620.78","false","0","false","1610111.443","1392817.556","1610111.443","0","false","true",
"C","A","20220101","2022","52","2022","36","AUS","Australia","M","Import","484","MEX","Mexico","0","W00","World","H6","HS","true","0901","Coffee, whether or not roasted or decaffeinated; husks and skins; coffee substitutes containing coffee in any proportion","4","false","C00","TOTAL CPC","0","0","TOTAL MOT","8","kg","1355680","false","8","kg","1355680","false","1355680","false","0","false","8860759.158","8580684.597","8860759.158","0","false","true",
"C","A","20220101","2022","52","2022","36","AUS","Australia","M","Import","490","S19","Other Asia, nes","0","W00","World","H6","HS","true","0901","Coffee, whether or not roasted or decaffeinated; husks and skins; coffee substitutes containing coffee in any proportion","4","false","C00","TOTAL CPC","0","0","TOTAL MOT","8","kg","1850","false","8","kg","1850","false","1850","false","0","false","51767.732","46948.497","51767.732","0","false","true",
"C","A","20220101","2022","52","2022","36","AUS","Australia","M","Import","512","OMN","Oman","0","W00","World","H6","HS","true","0901","Coffee, whether or not roasted or decaffeinated; husks and skins; coffee substitutes containing coffee in any proportion","4","false","C00","TOTAL CPC","0","0","TOTAL MOT","8","kg","83.9","false","8","kg","83.9","false","83.9","false","100","false","5726.915","4838.893","5726.915","0","false","true",
"C","A","20220101","2022","52","2022","36","AUS","Australia","M","Import","524","NPL","Nepal","0","W00","World","H6","HS","true","0901","Coffee, whether or not roasted or decaffeinated; husks and skins; coffee substitutes containing coffee in any proportion","4","false","C00","TOTAL CPC","0","0","TOTAL MOT","8","kg","3000","false","8","kg","3000","false","3000","false","3039","false","45203.695","29589.722","45203.695","0","false","true",
"C","A","20220101","2022","52","2022","36","AUS","Australia","M","Import","528","NLD","Netherlands","0","W00","World","H6","HS","true","0901","Coffee, whether or not roasted or decaffeinated; husks and skins; coffee substitutes containing coffee in any proportion","4","false","C00","TOTAL CPC","0","0","TOTAL MOT","8","kg","121408.86","false","8","kg","121408.86","false","121408.86","false","0","false","683115.057","650301.86","683115.057","0","false","true",
"C","A","20220101","2022","52","2022","36","AUS","Australia","M","Import","554","NZL","New Zealand","0","W00","World","H6","HS","true","0901","Coffee, whether or not roasted or decaffeinated; husks and skins; coffee substitutes containing coffee in any proportion","4","false","C00","TOTAL CPC","0","0","TOTAL MOT","8","kg","146027.72","false","8","kg","146027.72","false","146027.72","false","0","false","1621904.891","1577209.685","1621904.891","0","false","true",
"C","A","20220101","2022","52","2022","36","AUS","Australia","M","Import","558","NIC","Nicaragua","0","W00","World","H6","HS","true","0901","Coffee, whether or not roasted or decaffeinated; husks and skins; coffee substitutes containing coffee in any proportion","4","false","C00","TOTAL CPC","0","0","TOTAL MOT","8","kg","2180415.46","false","8","kg","2180415.46","false","2180415.46","false","2206978.8","false","13300860.898","12895835.078","13300860.898","0","false","true",
"C","A","20220101","2022","52","2022","36","AUS","Australia","M","Import","591","PAN","Panama","0","W00","World","H6","HS","true","0901","Coffee, whether or not roasted or decaffeinated; husks and skins; coffee substitutes containing coffee in any proportion","4","false","C00","TOTAL CPC","0","0","TOTAL MOT","8","kg","164930.331","true","-1","N/A","0","false","164930.331","true","95128.1","false","1129540.774","1053167.35","1129540.774","6","false","true",
"C","A","20220101","2022","52","2022","36","AUS","Australia","M","Import","598","PNG","Papua New Guinea","0","W00","World","H6","HS","true","0901","Coffee, whether or not roasted or decaffeinated; husks and skins; coffee substitutes containing coffee in any proportion","4","false","C00","TOTAL CPC","0","0","TOTAL MOT","8","kg","7197578","false","8","kg","7197578","false","7197578","false","7302552","false","38400058.342","37198255.955","38400058.342","0","false","true",
"C","A","20220101","2022","52","2022","36","AUS","Australia","M","Import","604","PER","Peru","0","W00","World","H6","HS","true","0901","Coffee, whether or not roasted or decaffeinated; husks and skins; coffee substitutes containing coffee in any proportion","4","false","C00","TOTAL CPC","0","0","TOTAL MOT","8","kg","2534581.4","false","8","kg","2534581.4","false","2534581.4","false","0","false","15149935.064","14595755.973","15149935.064","0","false","true",
"C","A","20220101","2022","52","2022","36","AUS","Australia","M","Import","608","PHL","Philippines","0","W00","World","H6","HS","true","0901","Coffee, whether or not roasted or decaffeinated; husks and skins; coffee substitutes containing coffee in any proportion","4","false","C00","TOTAL CPC","0","0","TOTAL MOT","8","kg","13809.8","false","8","kg","13809.8","false","13809.8","false","0","false","81466.182","72860.331","81466.182","0","false","true",
"C","A","20220101","2022","52","2022","36","AUS","Australia","M","Import","616","POL","Poland","0","W00","World","H6","HS","true","0901","Coffee, whether or not roasted or decaffeinated; husks and skins; coffee substitutes containing coffee in any proportion","4","false","C00","TOTAL CPC","0","0","TOTAL MOT","8","kg","1684.8","false","8","kg","1684.8","false","1684.8","false","6415","false","26132.711","22298.261","26132.711","0","false","true",
"C","A","20220101","2022","52","2022","36","AUS","Australia","M","Import","620","PRT","Portugal","0","W00","World","H6","HS","true","0901","Coffee, whether or not roasted or decaffeinated; husks and skins; coffee substitutes containing coffee in any proportion","4","false","C00","TOTAL CPC","0","0","TOTAL MOT","8","kg","9372","false","8","kg","9372","false","9372","false","10528.8","false","73011.261","62301.612","73011.261","0","false","true",
"C","A","20220101","2022","52","2022","36","AUS","Australia","M","Import","626","TLS","Timor-Leste","0","W00","World","H6","HS","true","0901","Coffee, whether or not roasted or decaffeinated; husks and skins; coffee substitutes containing coffee in any proportion","4","false","C00","TOTAL CPC","0","0","TOTAL MOT","8","kg","382009.9","false","8","kg","382009.9","false","382009.9","false","371892","false","1784355.882","1730915.417","1784355.882","0","false","true",
"C","A","20220101","2022","52","2022","36","AUS","Australia","M","Import","643","RUS","Russian Federation","0","W00","World","H6","HS","true","0901","Coffee, whether or not roasted or decaffeinated; husks and skins; coffee substitutes containing coffee in any proportion","4","false","C00","TOTAL CPC","0","0","TOTAL MOT","8","kg","300","false","8","kg","300","false","300","false","0","false","2731.086","2650.762","2731.086","0","false","true",
"C","A","20220101","2022","52","2022","36","AUS","Australia","M","Import","646","RWA","Rwanda","0","W00","World","H6","HS","true","0901","Coffee, whether or not roasted or decaffeinated; husks and skins; coffee substitutes containing coffee in any proportion","4","false","C00","TOTAL CPC","0","0","TOTAL MOT","8","kg","203227.6","false","8","kg","203227.6","false","203227.6","false","0","false","1541358.77","1477075.969","1541358.77","0","false","true",
"C","A","20220101","2022","52","2022","36","AUS","Australia","M","Import","682","SAU","Saudi Arabia","0","W00","World","H6","HS","true","0901","Coffee, whether or not roasted or decaffeinated; husks and skins; coffee substitutes containing coffee in any proportion","4","false","C00","TOTAL CPC","0","0","TOTAL MOT","8","kg","200","false","8","kg","200","false","200","false","0","false","5116.551","3812.794","5116.551","0","false","true",
"C","A","20220101","2022","52","2022","36","AUS","Australia","M","Import","688","SRB","Serbia","0","W00","World","H6","HS","true","0901","Coffee, whether or not roasted or decaffeinated; husks and skins; coffee substitutes containing coffee in any proportion","4","false","C00","TOTAL CPC","0","0","TOTAL MOT","8","kg","48515.16","false","8","kg","48515.16","false","48515.16","false","108019.4","false","274635.41","224947.315","274635.41","0","false","true",
"C","A","20220101","2022","52","2022","36","AUS","Australia","M","Import","699","IND","India","0","W00","World","H6","HS","true","0901","Coffee, whether or not roasted or decaffeinated; husks and skins; coffee substitutes containing coffee in any proportion","4","false","C00","TOTAL CPC","0","0","TOTAL MOT","8","kg","5695508.62","false","8","kg","5695508.62","false","5695508.62","false","0","false","20739672.925","19574849.54","20739672.925","0","false","true",
"C","A","20220101","2022","52","2022","36","AUS","Australia","M","Import","702","SGP","Singapore","0","W00","World","H6","HS","true","0901","Coffee, whether or not roasted or decaffeinated; husks and skins; coffee substitutes containing coffee in any proportion","4","false","C00","TOTAL CPC","0","0","TOTAL MOT","8","kg","68883.21","false","8","kg","68883.21","false","68883.21","false","0","false","261481.581","226174.938","261481.581","0","false","true",
"C","A","20220101","2022","52","2022","36","AUS","Australia","M","Import","704","VNM","Viet Nam","0","W00","World","H6","HS","true","0901","Coffee, whether or not roasted or decaffeinated; husks and skins; coffee substitutes containing coffee in any proportion","4","false","C00","TOTAL CPC","0","0","TOTAL MOT","8","kg","21411103.1","false","8","kg","21411103.1","false","21411103.1","false","0","false","52091240.607","48155012.505","52091240.607","0","false","true",
"C","A","20220101","2022","52","2022","36","AUS","Australia","M","Import","705","SVN","Slovenia","0","W00","World","H6","HS","true","0901","Coffee, whether or not roasted or decaffeinated; husks and skins; coffee substitutes containing coffee in any proportion","4","false","C00","TOTAL CPC","0","0","TOTAL MOT","8","kg","1224","false","8","kg","1224","false","1224","false","1628","false","6335.878","3938.697","6335.878","0","false","true",
"C","A","20220101","2022","52","2022","36","AUS","Australia","M","Import","710","ZAF","South Africa","0","W00","World","H6","HS","true","0901","Coffee, whether or not roasted or decaffeinated; husks and skins; coffee substitutes containing coffee in any proportion","4","false","C00","TOTAL CPC","0","0","TOTAL MOT","8","kg","975","false","8","kg","975","false","975","false","0","false","8055.904","7432.471","8055.904","0","false","true",
"C","A","20220101","2022","52","2022","36","AUS","Australia","M","Import","724","ESP","Spain","0","W00","World","H6","HS","true","0901","Coffee, whether or not roasted or decaffeinated; husks and skins; coffee substitutes containing coffee in any proportion","4","false","C00","TOTAL CPC","0","0","TOTAL MOT","8","kg","223464.26","false","8","kg","223464.26","false","223464.26","false","0","false","1766811.987","1601331.026","1766811.987","0","false","true",
"C","A","20220101","2022","52","2022","36","AUS","Australia","M","Import","752","SWE","Sweden","0","W00","World","H6","HS","true","0901","Coffee, whether or not roasted or decaffeinated; husks and skins; coffee substitutes containing coffee in any proportion","4","false","C00","TOTAL CPC","0","0","TOTAL MOT","8","kg","5036.65","false","8","kg","5036.65","false","5036.65","false","0","false","44562.707","39212.571","44562.707","0","false","true",
"C","A","20220101","2022","52","2022","36","AUS","Australia","M","Import","757","CHE","Switzerland","0","W00","World","H6","HS","true","0901","Coffee, whether or not roasted or decaffeinated; husks and skins; coffee substitutes containing coffee in any proportion","4","false","C00","TOTAL CPC","0","0","TOTAL MOT","8","kg","4030638.23","false","8","kg","4030638.23","false","4030638.23","false","0","false","104419253.551","98546194.283","104419253.551","0","false","true",
"C","A","20220101","2022","52","2022","36","AUS","Australia","M","Import","760","SYR","Syria","0","W00","World","H6","HS","true","0901","Coffee, whether or not roasted or decaffeinated; husks and skins; coffee substitutes containing coffee in any proportion","4","false","C00","TOTAL CPC","0","0","TOTAL MOT","8","kg","3127","false","8","kg","3127","false","3127","false","0","false","10399.056","8459.368","10399.056","0","false","true",
"C","A","20220101","2022","52","2022","36","AUS","Australia","M","Import","764","THA","Thailand","0","W00","World","H6","HS","true","0901","Coffee, whether or not roasted or decaffeinated; husks and skins; coffee substitutes containing coffee in any proportion","4","false","C00","TOTAL CPC","0","0","TOTAL MOT","8","kg","8857.86","false","8","kg","8857.86","false","8857.86","false","0","false","71537.624","66554.925","71537.624","0","false","true",
"C","A","20220101","2022","52","2022","36","AUS","Australia","M","Import","792","TUR","Türkiye","0","W00","World","H6","HS","true","0901","Coffee, whether or not roasted or decaffeinated; husks and skins; coffee substitutes containing coffee in any proportion","4","false","C00","TOTAL CPC","0","0","TOTAL MOT","8","kg","13706.37","false","8","kg","13706.37","false","13706.37","false","0","false","96306.737","83674.9","96306.737","0","false","true",
"C","A","20220101","2022","52","2022","36","AUS","Australia","M","Import","800","UGA","Uganda","0","W00","World","H6","HS","true","0901","Coffee, whether or not roasted or decaffeinated; husks and skins; coffee substitutes containing coffee in any proportion","4","false","C00","TOTAL CPC","0","0","TOTAL MOT","8","kg","892924","false","8","kg","892924","false","892924","false","0","false","4364101.83","4216047.4","4364101.83","0","false","true",
"C","A","20220101","2022","52","2022","36","AUS","Australia","M","Import","807","MKD","North Macedonia","0","W00","World","H6","HS","true","0901","Coffee, whether or not roasted or decaffeinated; husks and skins; coffee substitutes containing coffee in any proportion","4","false","C00","TOTAL CPC","0","0","TOTAL MOT","8","kg","12743","false","8","kg","12743","false","12743","false","0","false","108324.846","92159.274","108324.846","0","false","true",
"C","A","20220101","2022","52","2022","36","AUS","Australia","M","Import","826","GBR","United Kingdom","0","W00","World","H6","HS","true","0901","Coffee, whether or not roasted or decaffeinated; husks and skins; coffee substitutes containing coffee in any proportion","4","false","C00","TOTAL CPC","0","0","TOTAL MOT","8","kg","224446.98","false","8","kg","224446.98","false","224446.98","false","0","false","2671269.332","2413456.498","2671269.332","0","false","true",
"C","A","20220101","2022","52","2022","36","AUS","Australia","M","Import","834","TZA","United Rep. of Tanzania","0","W00","World","H6","HS","true","0901","Coffee, whether or not roasted or decaffeinated; husks and skins; coffee substitutes containing coffee in any proportion","4","false","C00","TOTAL CPC","0","0","TOTAL MOT","8","kg","908280","false","8","kg","908280","false","908280","false","0","false","4496949.039","4320749.724","4496949.039","0","false","true",
"C","A","20220101","2022","52","2022","36","AUS","Australia","M","Import","842","USA","USA","0","W00","World","H6","HS","true","0901","Coffee, whether or not roasted or decaffeinated; husks and skins; coffee substitutes containing coffee in any proportion","4","false","C00","TOTAL CPC","0","0","TOTAL MOT","8","kg","529313.19","false","8","kg","529313.19","false","529313.19","false","0","false","4139768.722","3923313.715","4139768.722","0","false","true",
"C","A","20220101","2022","52","2022","36","AUS","Australia","M","Import","887","YEM","Yemen","0","W00","World","H6","HS","true","0901","Coffee, whether or not roasted or decaffeinated; husks and skins; coffee substitutes containing coffee in any proportion","4","false","C00","TOTAL CPC","0","0","TOTAL MOT","8","kg","659.56","false","8","kg","659.56","false","659.56","false","0","false","31558.501","25695.084","31558.501","0","false","true",
"C","A","20220101","2022","52","2022","36","AUS","Australia","M","Import","894","ZMB","Zambia","0","W00","World","H6","HS","true","0901","Coffee, whether or not roasted or decaffeinated; husks and skins; coffee substitutes containing coffee in any proportion","4","false","C00","TOTAL CPC","0","0","TOTAL MOT","8","kg","300","false","8","kg","300","false","300","false","622.33","false","3981.148","3308.814","3981.148","0","false","true",
"C","A","20230101","2023","52","2023","36","AUS","Australia","M","Import","0","W00","World","0","W00","World","H6","HS","true","0901","Coffee, whether or not roasted or decaffeinated; husks and skins; coffee substitutes containing coffee in any proportion","4","false","C00","TOTAL CPC","0","0","TOTAL MOT","8","kg","107288833.12","false","8","kg","107288833.12","false","107288833.12","false","0","false","637679847.2","612123566.482","637679847.2","0","false","true",
"C","A","20230101","2023","52","2023","36","AUS","Australia","M","Import","36","AUS","Australia","0","W00","World","H6","HS","true","0901","Coffee, whether or not roasted or decaffeinated; husks and skins; coffee substitutes containing coffee in any proportion","4","false","C00","TOTAL CPC","0","0","TOTAL MOT","8","kg","33360.72","false","8","kg","33360.72","false","33360.72","false","0","false","330291.091","301191.357","330291.091","0","false","true",
"C","A","20230101","2023","52","2023","36","AUS","Australia","M","Import","40","AUT","Austria","0","W00","World","H6","HS","true","0901","Coffee, whether or not roasted or decaffeinated; husks and skins; coffee substitutes containing coffee in any proportion","4","false","C00","TOTAL CPC","0","0","TOTAL MOT","8","kg","873","false","8","kg","873","false","873","false","0","false","22200.324","21428.462","22200.324","0","false","true",
"C","A","20230101","2023","52","2023","36","AUS","Australia","M","Import","56","BEL","Belgium","0","W00","World","H6","HS","true","0901","Coffee, whether or not roasted or decaffeinated; husks and skins; coffee substitutes containing coffee in any proportion","4","false","C00","TOTAL CPC","0","0","TOTAL MOT","8","kg","350639.47","false","8","kg","350639.47","false","350639.47","false","0","false","1422367.418","1382499.423","1422367.418","0","false","true",
"C","A","20230101","2023","52","2023","36","AUS","Australia","M","Import","68","BOL","Bolivia (Plurinational State of)","0","W00","World","H6","HS","true","0901","Coffee, whether or not roasted or decaffeinated; husks and skins; coffee substitutes containing coffee in any proportion","4","false","C00","TOTAL CPC","0","0","TOTAL MOT","8","kg","21930","false","8","kg","21930","false","21930","false","0","false","284663.223","279099.026","284663.223","0","false","true",
"C","A","20230101","2023","52","2023","36","AUS","Australia","M","Import","70","BIH","Bosnia Herzegovina","0","W00","World","H6","HS","true","0901","Coffee, whether or not roasted or decaffeinated; husks and skins; coffee substitutes containing coffee in any proportion","4","false","C00","TOTAL CPC","0","0","TOTAL MOT","8","kg","23287.6","false","8","kg","23287.6","false","23287.6","false","0","false","151718.991","139108.12","151718.991","0","false","true",
"C","A","20230101","2023","52","2023","36","AUS","Australia","M","Import","76","BRA","Brazil","0","W00","World","H6","HS","true","0901","Coffee, whether or not roasted or decaffeinated; husks and skins; coffee substitutes containing coffee in any proportion","4","false","C00","TOTAL CPC","0","0","TOTAL MOT","8","kg","25141667.16","false","8","kg","25141667.16","false","25141667.16","false","0","false","112569223.755","107728935.093","112569223.755","0","false","true",
"C","A","20230101","2023","52","2023","36","AUS","Australia","M","Import","104","MMR","Myanmar","0","W00","World","H6","HS","true","0901","Coffee, whether or not roasted or decaffeinated; husks and skins; coffee substitutes containing coffee in any proportion","4","false","C00","TOTAL CPC","0","0","TOTAL MOT","8","kg","28164.3","false","8","kg","28164.3","false","28164.3","false","90403","false","187835.17","185368.56","187835.17","0","false","true",
"C","A","20230101","2023","52","2023","36","AUS","Australia","M","Import","108","BDI","Burundi","0","W00","World","H6","HS","true","0901","Coffee, whether or not roasted or decaffeinated; husks and skins; coffee substitutes containing coffee in any proportion","4","false","C00","TOTAL CPC","0","0","TOTAL MOT","8","kg","103560","false","8","kg","103560","false","103560","false","100542","false","726856.42","701328.757","726856.42","0","false","true",
"C","A","20230101","2023","52","2023","36","AUS","Australia","M","Import","124","CAN","Canada","0","W00","World","H6","HS","true","0901","Coffee, whether or not roasted or decaffeinated; husks and skins; coffee substitutes containing coffee in any proportion","4","false","C00","TOTAL CPC","0","0","TOTAL MOT","8","kg","471443.3","false","8","kg","471443.3","false","471443.3","false","436382.54","false","3437657.748","3373428.254","3437657.748","0","false","true",
"C","A","20230101","2023","52","2023","36","AUS","Australia","M","Import","144","LKA","Sri Lanka","0","W00","World","H6","HS","true","0901","Coffee, whether or not roasted or decaffeinated; husks and skins; coffee substitutes containing coffee in any proportion","4","false","C00","TOTAL CPC","0","0","TOTAL MOT","8","kg","1112.26","false","8","kg","1112.26","false","1112.26","false","0","false","10230.435","9977.039","10230.435","0","false","true",
"C","A","20230101","2023","52","2023","36","AUS","Australia","M","Import","152","CHL","Chile","0","W00","World","H6","HS","true","0901","Coffee, whether or not roasted or decaffeinated; husks and skins; coffee substitutes containing coffee in any proportion","4","false","C00","TOTAL CPC","0","0","TOTAL MOT","8","kg","38484","false","8","kg","38484","false","38484","false","39002","false","303198.185","297422.693","303198.185","0","false","true",
"C","A","20230101","2023","52","2023","36","AUS","Australia","M","Import","156","CHN","China","0","W00","World","H6","HS","true","0901","Coffee, whether or not roasted or decaffeinated; husks and skins; coffee substitutes containing coffee in any proportion","4","false","C00","TOTAL CPC","0","0","TOTAL MOT","8","kg","293785.99","false","8","kg","293785.99","false","293785.99","false","0","false","1474343.251","1435542.948","1474343.251","0","false","true",
"C","A","20230101","2023","52","2023","36","AUS","Australia","M","Import","170","COL","Colombia","0","W00","World","H6","HS","true","0901","Coffee, whether or not roasted or decaffeinated; husks and skins; coffee substitutes containing coffee in any proportion","4","false","C00","TOTAL CPC","0","0","TOTAL MOT","8","kg","11148312.18","false","8","kg","11148312.18","false","11148312.18","false","0","false","64858754.701","62473503.916","64858754.701","0","false","true",
"C","A","20230101","2023","52","2023","36","AUS","Australia","M","Import","188","CRI","Costa Rica","0","W00","World","H6","HS","true","0901","Coffee, whether or not roasted or decaffeinated; husks and skins; coffee substitutes containing coffee in any proportion","4","false","C00","TOTAL CPC","0","0","TOTAL MOT","8","kg","1026519.7","false","8","kg","1026519.7","false","1026519.7","false","0","false","6426764.826","6260905.557","6426764.826","0","false","true",
"C","A","20230101","2023","52","2023","36","AUS","Australia","M","Import","191","HRV","Croatia","0","W00","World","H6","HS","true","0901","Coffee, whether or not roasted or decaffeinated; husks and skins; coffee substitutes containing coffee in any proportion","4","false","C00","TOTAL CPC","0","0","TOTAL MOT","8","kg","7544","false","8","kg","7544","false","7544","false","0","false","55336.643","52304.011","55336.643","0","false","true",
"C","A","20230101","2023","52","2023","36","AUS","Australia","M","Import","196","CYP","Cyprus","0","W00","World","H6","HS","true","0901","Coffee, whether or not roasted or decaffeinated; husks and skins; coffee substitutes containing coffee in any proportion","4","false","C00","TOTAL CPC","0","0","TOTAL MOT","8","kg","2142.2","false","8","kg","2142.2","false","2142.2","false","15848","false","30479.805","26749.269","30479.805","0","false","true",
"C","A","20230101","2023","52","2023","36","AUS","Australia","M","Import","208","DNK","Denmark","0","W00","World","H6","HS","true","0901","Coffee, whether or not roasted or decaffeinated; husks and skins; coffee substitutes containing coffee in any proportion","4","false","C00","TOTAL CPC","0","0","TOTAL MOT","8","kg","96033.5","false","8","kg","96033.5","false","96033.5","false","98436.9","false","806151.536","781623.461","806151.536","0","false","true",
"C","A","20230101","2023","52","2023","36","AUS","Australia","M","Import","218","ECU","Ecuador","0","W00","World","H6","HS","true","0901","Coffee, whether or not roasted or decaffeinated; husks and skins; coffee substitutes containing coffee in any proportion","4","false","C00","TOTAL CPC","0","0","TOTAL MOT","8","kg","23856.55","false","8","kg","23856.55","false","23856.55","false","23780.2","false","382089.858","364948.964","382089.858","0","false","true",
"C","A","20230101","2023","52","2023","36","AUS","Australia","M","Import","222","SLV","El Salvador","0","W00","World","H6","HS","true","0901","Coffee, whether or not roasted or decaffeinated; husks and skins; coffee substitutes containing coffee in any proportion","4","false","C00","TOTAL CPC","0","0","TOTAL MOT","8","kg","1050122.8","false","8","kg","1050122.8","false","1050122.8","false","0","false","6478166.633","6266617.177","6478166.633","0","false","true",
"C","A","20230101","2023","52","2023","36","AUS","Australia","M","Import","231","ETH","Ethiopia","0","W00","World","H6","HS","true","0901","Coffee, whether or not roasted or decaffeinated; husks and skins; coffee substitutes containing coffee in any proportion","4","false","C00","TOTAL CPC","0","0","TOTAL MOT","8","kg","5497159.6","false","8","kg","5497159.6","false","5497159.6","false","4833991.8","false","29371690.83","28413514.858","29371690.83","0","false","true",
"C","A","20230101","2023","52","2023","36","AUS","Australia","M","Import","251","FRA","France","0","W00","World","H6","HS","true","0901","Coffee, whether or not roasted or decaffeinated; husks and skins; coffee substitutes containing coffee in any proportion","4","false","C00","TOTAL CPC","0","0","TOTAL MOT","8","kg","920806.88","false","8","kg","920806.88","false","920806.88","false","0","false","18646439.314","17427527.19","18646439.314","0","false","true",
"C","A","20230101","2023","52","2023","36","AUS","Australia","M","Import","262","DJI","Djibouti","0","W00","World","H6","HS","true","0901","Coffee, whether or not roasted or decaffeinated; husks and skins; coffee substitutes containing coffee in any proportion","4","false","C00","TOTAL CPC","0","0","TOTAL MOT","8","kg","138938","false","8","kg","138938","false","138938","false","130005","false","807920.7","791564.411","807920.7","0","false","true",
"C","A","20230101","2023","52","2023","36","AUS","Australia","M","Import","276","DEU","Germany","0","W00","World","H6","HS","true","0901","Coffee, whether or not roasted or decaffeinated; husks and skins; coffee substitutes containing coffee in any proportion","4","false","C00","TOTAL CPC","0","0","TOTAL MOT","8","kg","2472775.89","false","8","kg","2472775.89","false","2472775.89","false","0","false","28608759.832","27414266.733","28608759.832","0","false","true",
"C","A","20230101","2023","52","2023","36","AUS","Australia","M","Import","300","GRC","Greece","0","W00","World","H6","HS","true","0901","Coffee, whether or not roasted or decaffeinated; husks and skins; coffee substitutes containing coffee in any proportion","4","false","C00","TOTAL CPC","0","0","TOTAL MOT","8","kg","17440.36","false","8","kg","17440.36","false","17440.36","false","42952.5","false","217724.844","208082.885","217724.844","0","false","true",
"C","A","20230101","2023","52","2023","36","AUS","Australia","M","Import","320","GTM","Guatemala","0","W00","World","H6","HS","true","0901","Coffee, whether or not roasted or decaffeinated; husks and skins; coffee substitutes containing coffee in any proportion","4","false","C00","TOTAL CPC","0","0","TOTAL MOT","8","kg","2164582","false","8","kg","2164582","false","2164582","false","2189369.2","false","13247167.379","12868381.036","13247167.379","0","false","true",
"C","A","20230101","2023","52","2023","36","AUS","Australia","M","Import","340","HND","Honduras","0","W00","World","H6","HS","true","0901","Coffee, whether or not roasted or decaffeinated; husks and skins; coffee substitutes containing coffee in any proportion","4","false","C00","TOTAL CPC","0","0","TOTAL MOT","8","kg","7684436.64","false","8","kg","7684436.64","false","7684436.64","false","0","false","38887701.634","37143189.798","38887701.634","0","false","true",
"C","A","20230101","2023","52","2023","36","AUS","Australia","M","Import","348","HUN","Hungary","0","W00","World","H6","HS","true","0901","Coffee, whether or not roasted or decaffeinated; husks and skins; coffee substitutes containing coffee in any proportion","4","false","C00","TOTAL CPC","0","0","TOTAL MOT","8","kg","20700","false","8","kg","20700","false","20700","false","20700","false","84675.157","82275.654","84675.157","0","false","true",
"C","A","20230101","2023","52","2023","36","AUS","Australia","M","Import","360","IDN","Indonesia","0","W00","World","H6","HS","true","0901","Coffee, whether or not roasted or decaffeinated; husks and skins; coffee substitutes containing coffee in any proportion","4","false","C00","TOTAL CPC","0","0","TOTAL MOT","8","kg","1637538.9","false","8","kg","1637538.9","false","1637538.9","false","0","false","8643782.091","8467214.334","8643782.091","0","false","true",
"C","A","20230101","2023","52","2023","36","AUS","Australia","M","Import","376","ISR","Israel","0","W00","World","H6","HS","true","0901","Coffee, whether or not roasted or decaffeinated; husks and skins; coffee substitutes containing coffee in any proportion","4","false","C00","TOTAL CPC","0","0","TOTAL MOT","8","kg","1125","false","8","kg","1125","false","1125","false","0","false","12880.365","11778.91","12880.365","0","false","true",
"C","A","20230101","2023","52","2023","36","AUS","Australia","M","Import","380","ITA","Italy","0","W00","World","H6","HS","true","0901","Coffee, whether or not roasted or decaffeinated; husks and skins; coffee substitutes containing coffee in any proportion","4","false","C00","TOTAL CPC","0","0","TOTAL MOT","8","kg","3926384.64","false","8","kg","3926384.64","false","3926384.64","false","0","false","30513580.503","28919520.984","30513580.503","0","false","true",
"C","A","20230101","2023","52","2023","36","AUS","Australia","M","Import","388","JAM","Jamaica","0","W00","World","H6","HS","true","0901","Coffee, whether or not roasted or decaffeinated; husks and skins; coffee substitutes containing coffee in any proportion","4","false","C00","TOTAL CPC","0","0","TOTAL MOT","8","kg","1220","false","8","kg","1220","false","1220","false","2101","false","75318.352","63669.06","75318.352","0","false","true",
"C","A","20230101","2023","52","2023","36","AUS","Australia","M","Import","392","JPN","Japan","0","W00","World","H6","HS","true","0901","Coffee, whether or not roasted or decaffeinated; husks and skins; coffee substitutes containing coffee in any proportion","4","false","C00","TOTAL CPC","0","0","TOTAL MOT","8","kg","2849.45","false","8","kg","2849.45","false","2849.45","false","0","false","63645.807","59113.851","63645.807","0","false","true",
"C","A","20230101","2023","52","2023","36","AUS","Australia","M","Import","400","JOR","Jordan","0","W00","World","H6","HS","true","0901","Coffee, whether or not roasted or decaffeinated; husks and skins; coffee substitutes containing coffee in any proportion","4","false","C00","TOTAL CPC","0","0","TOTAL MOT","8","kg","106140.8","false","8","kg","106140.8","false","106140.8","false","0","false","835501.305","802771.606","835501.305","0","false","true",
"C","A","20230101","2023","52","2023","36","AUS","Australia","M","Import","404","KEN","Kenya","0","W00","World","H6","HS","true","0901","Coffee, whether or not roasted or decaffeinated; husks and skins; coffee substitutes containing coffee in any proportion","4","false","C00","TOTAL CPC","0","0","TOTAL MOT","8","kg","1879230","false","8","kg","1879230","false","1879230","false","0","false","12135347.407","11629607.127","12135347.407","0","false","true",
"C","A","20230101","2023","52","2023","36","AUS","Australia","M","Import","410","KOR","Rep. of Korea","0","W00","World","H6","HS","true","0901","Coffee, whether or not roasted or decaffeinated; husks and skins; coffee substitutes containing coffee in any proportion","4","false","C00","TOTAL CPC","0","0","TOTAL MOT","8","kg","20964.15","false","8","kg","20964.15","false","20964.15","false","0","false","153998.868","147569.418","153998.868","0","false","true",
"C","A","20230101","2023","52","2023","36","AUS","Australia","M","Import","418","LAO","Lao People's Dem. Rep.","0","W00","World","H6","HS","true","0901","Coffee, whether or not roasted or decaffeinated; husks and skins; coffee substitutes containing coffee in any proportion","4","false","C00","TOTAL CPC","0","0","TOTAL MOT","8","kg","9000","false","8","kg","9000","false","9000","false","9200","false","33271.63","31211.891","33271.63","0","false","true",
"C","A","20230101","2023","52","2023","36","AUS","Australia","M","Import","422","LBN","Lebanon","0","W00","World","H6","HS","true","0901","Coffee, whether or not roasted or decaffeinated; husks and skins; coffee substitutes containing coffee in any proportion","4","false","C00","TOTAL CPC","0","0","TOTAL MOT","8","kg","105913","false","8","kg","105913","false","105913","false","0","false","764204.888","742677.388","764204.888","0","false","true",
"C","A","20230101","2023","52","2023","36","AUS","Australia","M","Import","458","MYS","Malaysia","0","W00","World","H6","HS","true","0901","Coffee, whether or not roasted or decaffeinated; husks and skins; coffee substitutes containing coffee in any proportion","4","false","C00","TOTAL CPC","0","0","TOTAL MOT","8","kg","160088.38","false","8","kg","160088.38","false","160088.38","false","0","false","2188599.417","2065165.214","2188599.417","0","false","true",
"C","A","20230101","2023","52","2023","36","AUS","Australia","M","Import","484","MEX","Mexico","0","W00","World","H6","HS","true","0901","Coffee, whether or not roasted or decaffeinated; husks and skins; coffee substitutes containing coffee in any proportion","4","false","C00","TOTAL CPC","0","0","TOTAL MOT","8","kg","1429406.8","false","8","kg","1429406.8","false","1429406.8","false","0","false","8575695","8326650.458","8575695","0","false","true",
"C","A","20230101","2023","52","2023","36","AUS","Australia","M","Import","490","S19","Other Asia, nes","0","W00","World","H6","HS","true","0901","Coffee, whether or not roasted or decaffeinated; husks and skins; coffee substitutes containing coffee in any proportion","4","false","C00","TOTAL CPC","0","0","TOTAL MOT","8","kg","1135.4","false","8","kg","1135.4","false","1135.4","false","0","false","31589.319","30162.935","31589.319","0","false","true",
"C","A","20230101","2023","52","2023","36","AUS","Australia","M","Import","524","NPL","Nepal","0","W00","World","H6","HS","true","0901","Coffee, whether or not roasted or decaffeinated; husks and skins; coffee substitutes containing coffee in any proportion","4","false","C00","TOTAL CPC","0","0","TOTAL MOT","8","kg","1920","false","8","kg","1920","false","1920","false","1922","false","27941.509","20244.586","27941.509","0","false","true",
"C","A","20230101","2023","52","2023","36","AUS","Australia","M","Import","528","NLD","Netherlands","0","W00","World","H6","HS","true","0901","Coffee, whether or not roasted or decaffeinated; husks and skins; coffee substitutes containing coffee in any proportion","4","false","C00","TOTAL CPC","0","0","TOTAL MOT","8","kg","27593.37","false","8","kg","27593.37","false","27593.37","false","0","false","247239.031","232331.548","247239.031","0","false","true",
"C","A","20230101","2023","52","2023","36","AUS","Australia","M","Import","554","NZL","New Zealand","0","W00","World","H6","HS","true","0901","Coffee, whether or not roasted or decaffeinated; husks and skins; coffee substitutes containing coffee in any proportion","4","false","C00","TOTAL CPC","0","0","TOTAL MOT","8","kg","124825.98","false","8","kg","124825.98","false","124825.98","false","202724.7","false","1455115.546","1412245.128","1455115.546","0","false","true",
"C","A","20230101","2023","52","2023","36","AUS","Australia","M","Import","558","NIC","Nicaragua","0","W00","World","H6","HS","true","0901","Coffee, whether or not roasted or decaffeinated; husks and skins; coffee substitutes containing coffee in any proportion","4","false","C00","TOTAL CPC","0","0","TOTAL MOT","8","kg","2624577","false","8","kg","2624577","false","2624577","false","0","false","14133160.826","13714584.112","14133160.826","0","false","true",
"C","A","20230101","2023","52","2023","36","AUS","Australia","M","Import","586","PAK","Pakistan","0","W00","World","H6","HS","true","0901","Coffee, whether or not roasted or decaffeinated; husks and skins; coffee substitutes containing coffee in any proportion","4","false","C00","TOTAL CPC","0","0","TOTAL MOT","8","kg","120","false","8","kg","120","false","120","false","0","false","800.815","778.433","800.815","0","false","true",
"C","A","20230101","2023","52","2023","36","AUS","Australia","M","Import","591","PAN","Panama","0","W00","World","H6","HS","true","0901","Coffee, whether or not roasted or decaffeinated; husks and skins; coffee substitutes containing coffee in any proportion","4","false","C00","TOTAL CPC","0","0","TOTAL MOT","8","kg","209149.23","false","8","kg","209149.23","false","209149.23","false","112438.4","false","1312233.37","1264480.412","1312233.37","0","false","true",
"C","A","20230101","2023","52","2023","36","AUS","Australia","M","Import","598","PNG","Papua New Guinea","0","W00","World","H6","HS","true","0901","Coffee, whether or not roasted or decaffeinated; husks and skins; coffee substitutes containing coffee in any proportion","4","false","C00","TOTAL CPC","0","0","TOTAL MOT","8","kg","7996894","false","8","kg","7996894","false","7996894","false","0","false","35399049.709","34334315.905","35399049.709","0","false","true",
"C","A","20230101","2023","52","2023","36","AUS","Australia","M","Import","604","PER","Peru","0","W00","World","H6","HS","true","0901","Coffee, whether or not roasted or decaffeinated; husks and skins; coffee substitutes containing coffee in any proportion","4","false","C00","TOTAL CPC","0","0","TOTAL MOT","8","kg","2414698.4","false","8","kg","2414698.4","false","2414698.4","false","0","false","13656942.141","13227420.218","13656942.141","0","false","true",
"C","A","20230101","2023","52","2023","36","AUS","Australia","M","Import","608","PHL","Philippines","0","W00","World","H6","HS","true","0901","Coffee, whether or not roasted or decaffeinated; husks and skins; coffee substitutes containing coffee in any proportion","4","false","C00","TOTAL CPC","0","0","TOTAL MOT","8","kg","10841.4","false","8","kg","10841.4","false","10841.4","false","0","false","57127.405","55187.253","57127.405","0","false","true",
"C","A","20230101","2023","52","2023","36","AUS","Australia","M","Import","620","PRT","Portugal","0","W00","World","H6","HS","true","0901","Coffee, whether or not roasted or decaffeinated; husks and skins; coffee substitutes containing coffee in any proportion","4","false","C00","TOTAL CPC","0","0","TOTAL MOT","8","kg","6290","false","8","kg","6290","false","6290","false","0","false","68853.226","60338.194","68853.226","0","false","true",
"C","A","20230101","2023","52","2023","36","AUS","Australia","M","Import","626","TLS","Timor-Leste","0","W00","World","H6","HS","true","0901","Coffee, whether or not roasted or decaffeinated; husks and skins; coffee substitutes containing coffee in any proportion","4","false","C00","TOTAL CPC","0","0","TOTAL MOT","8","kg","243226","false","8","kg","243226","false","243226","false","0","false","1333262.318","1296167.38","1333262.318","0","false","true",
"C","A","20230101","2023","52","2023","36","AUS","Australia","M","Import","646","RWA","Rwanda","0","W00","World","H6","HS","true","0901","Coffee, whether or not roasted or decaffeinated; husks and skins; coffee substitutes containing coffee in any proportion","4","false","C00","TOTAL CPC","0","0","TOTAL MOT","8","kg","192860","false","8","kg","192860","false","192860","false","222273","false","1503781.414","1462377.162","1503781.414","0","false","true",
"C","A","20230101","2023","52","2023","36","AUS","Australia","M","Import","688","SRB","Serbia","0","W00","World","H6","HS","true","0901","Coffee, whether or not roasted or decaffeinated; husks and skins; coffee substitutes containing coffee in any proportion","4","false","C00","TOTAL CPC","0","0","TOTAL MOT","8","kg","52592","false","8","kg","52592","false","52592","false","0","false","324512.888","292359.13","324512.888","0","false","true",
"C","A","20230101","2023","52","2023","36","AUS","Australia","M","Import","699","IND","India","0","W00","World","H6","HS","true","0901","Coffee, whether or not roasted or decaffeinated; husks and skins; coffee substitutes containing coffee in any proportion","4","false","C00","TOTAL CPC","0","0","TOTAL MOT","8","kg","5436563.45","false","8","kg","5436563.45","false","5436563.45","false","0","false","19685710.517","18918317.549","19685710.517","0","false","true",
"C","A","20230101","2023","52","2023","36","AUS","Australia","M","Import","702","SGP","Singapore","0","W00","World","H6","HS","true","0901","Coffee, whether or not roasted or decaffeinated; husks and skins; coffee substitutes containing coffee in any proportion","4","false","C00","TOTAL CPC","0","0","TOTAL MOT","8","kg","155851.9","false","8","kg","155851.9","false","155851.9","false","0","false","774720.942","738159.59","774720.942","0","false","true",
"C","A","20230101","2023","52","2023","36","AUS","Australia","M","Import","704","VNM","Viet Nam","0","W00","World","H6","HS","true","0901","Coffee, whether or not roasted or decaffeinated; husks and skins; coffee substitutes containing coffee in any proportion","4","false","C00","TOTAL CPC","0","0","TOTAL MOT","8","kg","12761529.82","false","8","kg","12761529.82","false","12761529.82","false","0","false","34785969.41","33321857.477","34785969.41","0","false","true",
"C","A","20230101","2023","52","2023","36","AUS","Australia","M","Import","705","SVN","Slovenia","0","W00","World","H6","HS","true","0901","Coffee, whether or not roasted or decaffeinated; husks and skins; coffee substitutes containing coffee in any proportion","4","false","C00","TOTAL CPC","0","0","TOTAL MOT","8","kg","2640","false","8","kg","2640","false","2640","false","10144","false","17780.234","15367.63","17780.234","0","false","true",
"C","A","20230101","2023","52","2023","36","AUS","Australia","M","Import","710","ZAF","South Africa","0","W00","World","H6","HS","true","0901","Coffee, whether or not roasted or decaffeinated; husks and skins; coffee substitutes containing coffee in any proportion","4","false","C00","TOTAL CPC","0","0","TOTAL MOT","8","kg","894","false","8","kg","894","false","894","false","0","false","8089.651","7512.169","8089.651","0","false","true",
"C","A","20230101","2023","52","2023","36","AUS","Australia","M","Import","724","ESP","Spain","0","W00","World","H6","HS","true","0901","Coffee, whether or not roasted or decaffeinated; husks and skins; coffee substitutes containing coffee in any proportion","4","false","C00","TOTAL CPC","0","0","TOTAL MOT","8","kg","74079.26","false","8","kg","74079.26","false","74079.26","false","0","false","1495698.832","1404035.705","1495698.832","0","false","true",
"C","A","20230101","2023","52","2023","36","AUS","Australia","M","Import","732","ESH","Western Sahara","0","W00","World","H6","HS","true","0901","Coffee, whether or not roasted or decaffeinated; husks and skins; coffee substitutes containing coffee in any proportion","4","false","C00","TOTAL CPC","0","0","TOTAL MOT","8","kg","96000","false","8","kg","96000","false","96000","false","97200","false","422168.889","405195.256","422168.889","0","false","true",
"C","A","20230101","2023","52","2023","36","AUS","Australia","M","Import","752","SWE","Sweden","0","W00","World","H6","HS","true","0901","Coffee, whether or not roasted or decaffeinated; husks and skins; coffee substitutes containing coffee in any proportion","4","false","C00","TOTAL CPC","0","0","TOTAL MOT","8","kg","1362.4","false","8","kg","1362.4","false","1362.4","false","0","false","14360.815","13058.774","14360.815","0","false","true",
"C","A","20230101","2023","52","2023","36","AUS","Australia","M","Import","757","CHE","Switzerland","0","W00","World","H6","HS","true","0901","Coffee, whether or not roasted or decaffeinated; husks and skins; coffee substitutes containing coffee in any proportion","4","false","C00","TOTAL CPC","0","0","TOTAL MOT","8","kg","4668916.6","false","8","kg","4668916.6","false","4668916.6","false","0","false","104792987.532","100392321.763","104792987.532","0","false","true",
"C","A","20230101","2023","52","2023","36","AUS","Australia","M","Import","760","SYR","Syria","0","W00","World","H6","HS","true","0901","Coffee, whether or not roasted or decaffeinated; husks and skins; coffee substitutes containing coffee in any proportion","4","false","C00","TOTAL CPC","0","0","TOTAL MOT","8","kg","1320","false","8","kg","1320","false","1320","false","0","false","4215.91","3863.064","4215.91","0","false","true",
"C","A","20230101","2023","52","2023","36","AUS","Australia","M","Import","764","THA","Thailand","0","W00","World","H6","HS","true","0901","Coffee, whether or not roasted or decaffeinated; husks and skins; coffee substitutes containing coffee in any proportion","4","false","C00","TOTAL CPC","0","0","TOTAL MOT","8","kg","6471.68","false","8","kg","6471.68","false","6471.68","false","0","false","67760.115","65868.854","67760.115","0","false","true",
"C","A","20230101","2023","52","2023","36","AUS","Australia","M","Import","784","ARE","United Arab Emirates","0","W00","World","H6","HS","true","0901","Coffee, whether or not roasted or decaffeinated; husks and skins; coffee substitutes containing coffee in any proportion","4","false","C00","TOTAL CPC","0","0","TOTAL MOT","8","kg","18115.52","false","8","kg","18115.52","false","18115.52","false","0","false","193852.818","184176.578","193852.818","0","false","true",
"C","A","20230101","2023","52","2023","36","AUS","Australia","M","Import","792","TUR","Türkiye","0","W00","World","H6","HS","true","0901","Coffee, whether or not roasted or decaffeinated; husks and skins; coffee substitutes containing coffee in any proportion","4","false","C00","TOTAL CPC","0","0","TOTAL MOT","8","kg","9551.25","false","8","kg","9551.25","false","9551.25","false","79947.6","false","107694.388","101463.179","107694.388","0","false","true",
"C","A","20230101","2023","52","2023","36","AUS","Australia","M","Import","800","UGA","Uganda","0","W00","World","H6","HS","true","0901","Coffee, whether or not roasted or decaffeinated; husks and skins; coffee substitutes containing coffee in any proportion","4","false","C00","TOTAL CPC","0","0","TOTAL MOT","8","kg","818690","false","8","kg","818690","false","818690","false","826867","false","3451809.154","3335465.565","3451809.154","0","false","true",
"C","A","20230101","2023","52","2023","36","AUS","Australia","M","Import","807","MKD","North Macedonia","0","W00","World","H6","HS","true","0901","Coffee, whether or not roasted or decaffeinated; husks and skins; coffee substitutes containing coffee in any proportion","4","false","C00","TOTAL CPC","0","0","TOTAL MOT","8","kg","13030","false","8","kg","13030","false","13030","false","0","false","111616.747","101872.735","111616.747","0","false","true",
"C","A","20230101","2023","52","2023","36","AUS","Australia","M","Import","826","GBR","United Kingdom","0","W00","World","H6","HS","true","0901","Coffee, whether or not roasted or decaffeinated; husks and skins; coffee substitutes containing coffee in any proportion","4","false","C00","TOTAL CPC","0","0","TOTAL MOT","8","kg","180086.83","false","8","kg","180086.83","false","180086.83","false","0","false","2101809.183","1979403.982","2101809.183","0","false","true",
"C","A","20230101","2023","52","2023","36","AUS","Australia","M","Import","834","TZA","United Rep. of Tanzania","0","W00","World","H6","HS","true","0901","Coffee, whether or not roasted or decaffeinated; husks and skins; coffee substitutes containing coffee in any proportion","4","false","C00","TOTAL CPC","0","0","TOTAL MOT","8","kg","928460","false","8","kg","928460","false","928460","false","0","false","4638091.773","4490189.918","4638091.773","0","false","true",
"C","A","20230101","2023","52","2023","36","AUS","Australia","M","Import","842","USA","USA","0","W00","World","H6","HS","true","0901","Coffee, whether or not roasted or decaffeinated; husks and skins; coffee substitutes containing coffee in any proportion","4","false","C00","TOTAL CPC","0","0","TOTAL MOT","8","kg","126053.41","false","8","kg","126053.41","false","126053.41","false","0","false","1426363.719","1356482.413","1426363.719","0","false","true",
"C","A","20230101","2023","52","2023","36","AUS","Australia","M","Import","887","YEM","Yemen","0","W00","World","H6","HS","true","0901","Coffee, whether or not roasted or decaffeinated; husks and skins; coffee substitutes containing coffee in any proportion","4","false","C00","TOTAL CPC","0","0","TOTAL MOT","8","kg","3755","false","8","kg","3755","false","3755","false","6075","false","68655.583","59897.047","68655.583","0","false","true",
"C","A","20230101","2023","52","2023","36","AUS","Australia","M","Import","894","ZMB","Zambia","0","W00","World","H6","HS","true","0901","Coffee, whether or not roasted or decaffeinated; husks and skins; coffee substitutes containing coffee in any proportion","4","false","C00","TOTAL CPC","0","0","TOTAL MOT","8","kg","19200","false","8","kg","19200","false","19200","false","19520","false","132646.137","128329.941","132646.137","0","false","true",
"C","A","20240101","2024","52","2024","36","AUS","Australia","M","Import","0","W00","World","0","W00","World","H6","HS","true","0901","Coffee, whether or not roasted or decaffeinated; husks and skins; coffee substitutes containing coffee in any proportion","4","false","C00","TOTAL CPC","0","0","TOTAL MOT","8","kg","108628282.886","false","8","kg","108628282.886","false","108628282.886","false","0","false","677621527.723","654963045.931","677621527.723","0","false","true",
"C","A","20240101","2024","52","2024","36","AUS","Australia","M","Import","36","AUS","Australia","0","W00","World","H6","HS","true","0901","Coffee, whether or not roasted or decaffeinated; husks and skins; coffee substitutes containing coffee in any proportion","4","false","C00","TOTAL CPC","0","0","TOTAL MOT","8","kg","1309.58","false","8","kg","1309.58","false","1309.58","false","0","false","11617.769","10549.606","11617.769","0","false","true",
"C","A","20240101","2024","52","2024","36","AUS","Australia","M","Import","40","AUT","Austria","0","W00","World","H6","HS","true","0901","Coffee, whether or not roasted or decaffeinated; husks and skins; coffee substitutes containing coffee in any proportion","4","false","C00","TOTAL CPC","0","0","TOTAL MOT","8","kg","495","false","8","kg","495","false","495","false","0","false","14994.397","14678.65","14994.397","0","false","true",
"C","A","20240101","2024","52","2024","36","AUS","Australia","M","Import","56","BEL","Belgium","0","W00","World","H6","HS","true","0901","Coffee, whether or not roasted or decaffeinated; husks and skins; coffee substitutes containing coffee in any proportion","4","false","C00","TOTAL CPC","0","0","TOTAL MOT","8","kg","546083.24","false","8","kg","546083.24","false","546083.24","false","0","false","2790059.424","2737392.696","2790059.424","0","false","true",
"C","A","20240101","2024","52","2024","36","AUS","Australia","M","Import","68","BOL","Bolivia (Plurinational State of)","0","W00","World","H6","HS","true","0901","Coffee, whether or not roasted or decaffeinated; husks and skins; coffee substitutes containing coffee in any proportion","4","false","C00","TOTAL CPC","0","0","TOTAL MOT","8","kg","42210","false","8","kg","42210","false","42210","false","0","false","413057.049","399128.512","413057.049","0","false","true",
"C","A","20240101","2024","52","2024","36","AUS","Australia","M","Import","70","BIH","Bosnia Herzegovina","0","W00","World","H6","HS","true","0901","Coffee, whether or not roasted or decaffeinated; husks and skins; coffee substitutes containing coffee in any proportion","4","false","C00","TOTAL CPC","0","0","TOTAL MOT","8","kg","14228.2","false","8","kg","14228.2","false","14228.2","false","83.108","false","97278.337","89901.202","97278.337","0","false","true",
"C","A","20240101","2024","52","2024","36","AUS","Australia","M","Import","76","BRA","Brazil","0","W00","World","H6","HS","true","0901","Coffee, whether or not roasted or decaffeinated; husks and skins; coffee substitutes containing coffee in any proportion","4","false","C00","TOTAL CPC","0","0","TOTAL MOT","8","kg","28842765.6","false","8","kg","28842765.6","false","28842765.6","false","0","false","128210826.17","123951146.7","128210826.17","0","false","true",
"C","A","20240101","2024","52","2024","36","AUS","Australia","M","Import","84","BLZ","Belize","0","W00","World","H6","HS","true","0901","Coffee, whether or not roasted or decaffeinated; husks and skins; coffee substitutes containing coffee in any proportion","4","false","C00","TOTAL CPC","0","0","TOTAL MOT","8","kg","19200","false","8","kg","19200","false","19200","false","19.424","false","89986.714","86843.226","89986.714","0","false","true",
"C","A","20240101","2024","52","2024","36","AUS","Australia","M","Import","104","MMR","Myanmar","0","W00","World","H6","HS","true","0901","Coffee, whether or not roasted or decaffeinated; husks and skins; coffee substitutes containing coffee in any proportion","4","false","C00","TOTAL CPC","0","0","TOTAL MOT","8","kg","23130.9","false","8","kg","23130.9","false","23130.9","false","59.614","false","169339.096","162041.691","169339.096","0","false","true",
"C","A","20240101","2024","52","2024","36","AUS","Australia","M","Import","108","BDI","Burundi","0","W00","World","H6","HS","true","0901","Coffee, whether or not roasted or decaffeinated; husks and skins; coffee substitutes containing coffee in any proportion","4","false","C00","TOTAL CPC","0","0","TOTAL MOT","8","kg","352440","false","8","kg","352440","false","352440","false","0","false","741332.398","726786.964","741332.398","0","false","true",
"C","A","20240101","2024","52","2024","36","AUS","Australia","M","Import","124","CAN","Canada","0","W00","World","H6","HS","true","0901","Coffee, whether or not roasted or decaffeinated; husks and skins; coffee substitutes containing coffee in any proportion","4","false","C00","TOTAL CPC","0","0","TOTAL MOT","8","kg","426093.68","false","8","kg","426093.68","false","426093.68","false","421.789","false","3369494.816","3311887.711","3369494.816","0","false","true",
"C","A","20240101","2024","52","2024","36","AUS","Australia","M","Import","144","LKA","Sri Lanka","0","W00","World","H6","HS","true","0901","Coffee, whether or not roasted or decaffeinated; husks and skins; coffee substitutes containing coffee in any proportion","4","false","C00","TOTAL CPC","0","0","TOTAL MOT","8","kg","13018.35","false","8","kg","13018.35","false","13018.35","false","0","false","110786.986","104441.641","110786.986","0","false","true",
"C","A","20240101","2024","52","2024","36","AUS","Australia","M","Import","156","CHN","China","0","W00","World","H6","HS","true","0901","Coffee, whether or not roasted or decaffeinated; husks and skins; coffee substitutes containing coffee in any proportion","4","false","C00","TOTAL CPC","0","0","TOTAL MOT","8","kg","315533.74","false","8","kg","315533.74","false","315533.74","false","0","false","1734529.517","1693569.402","1734529.517","0","false","true",
"C","A","20240101","2024","52","2024","36","AUS","Australia","M","Import","170","COL","Colombia","0","W00","World","H6","HS","true","0901","Coffee, whether or not roasted or decaffeinated; husks and skins; coffee substitutes containing coffee in any proportion","4","false","C00","TOTAL CPC","0","0","TOTAL MOT","8","kg","11203808.21","false","8","kg","11203808.21","false","11203808.21","false","0","false","66017079.702","63643336.333","66017079.702","0","false","true",
"C","A","20240101","2024","52","2024","36","AUS","Australia","M","Import","178","COG","Congo","0","W00","World","H6","HS","true","0901","Coffee, whether or not roasted or decaffeinated; husks and skins; coffee substitutes containing coffee in any proportion","4","false","C00","TOTAL CPC","0","0","TOTAL MOT","8","kg","1560","false","8","kg","1560","false","1560","false","0","false","12679.644","11754.067","12679.644","0","false","true",
"C","A","20240101","2024","52","2024","36","AUS","Australia","M","Import","188","CRI","Costa Rica","0","W00","World","H6","HS","true","0901","Coffee, whether or not roasted or decaffeinated; husks and skins; coffee substitutes containing coffee in any proportion","4","false","C00","TOTAL CPC","0","0","TOTAL MOT","8","kg","1014183.5","false","8","kg","1014183.5","false","1014183.5","false","977.725","false","6047358.986","5911068.119","6047358.986","0","false","true",
"C","A","20240101","2024","52","2024","36","AUS","Australia","M","Import","191","HRV","Croatia","0","W00","World","H6","HS","true","0901","Coffee, whether or not roasted or decaffeinated; husks and skins; coffee substitutes containing coffee in any proportion","4","false","C00","TOTAL CPC","0","0","TOTAL MOT","8","kg","22830","false","8","kg","22830","false","22830","false","0","false","118672.548","114004.298","118672.548","0","false","true",
"C","A","20240101","2024","52","2024","36","AUS","Australia","M","Import","196","CYP","Cyprus","0","W00","World","H6","HS","true","0901","Coffee, whether or not roasted or decaffeinated; husks and skins; coffee substitutes containing coffee in any proportion","4","false","C00","TOTAL CPC","0","0","TOTAL MOT","8","kg","2205","false","8","kg","2205","false","2205","false","16.662","false","34547.334","32350.203","34547.334","0","false","true",
"C","A","20240101","2024","52","2024","36","AUS","Australia","M","Import","208","DNK","Denmark","0","W00","World","H6","HS","true","0901","Coffee, whether or not roasted or decaffeinated; husks and skins; coffee substitutes containing coffee in any proportion","4","false","C00","TOTAL CPC","0","0","TOTAL MOT","8","kg","19480.86","false","8","kg","19480.86","false","19480.86","false","19.505","false","150165.026","145177.314","150165.026","0","false","true",
"C","A","20240101","2024","52","2024","36","AUS","Australia","M","Import","218","ECU","Ecuador","0","W00","World","H6","HS","true","0901","Coffee, whether or not roasted or decaffeinated; husks and skins; coffee substitutes containing coffee in any proportion","4","false","C00","TOTAL CPC","0","0","TOTAL MOT","8","kg","33548.5","false","8","kg","33548.5","false","33548.5","false","44.137","false","401474.578","384612.154","401474.578","0","false","true",
"C","A","20240101","2024","52","2024","36","AUS","Australia","M","Import","222","SLV","El Salvador","0","W00","World","H6","HS","true","0901","Coffee, whether or not roasted or decaffeinated; husks and skins; coffee substitutes containing coffee in any proportion","4","false","C00","TOTAL CPC","0","0","TOTAL MOT","8","kg","810882.8","false","8","kg","810882.8","false","810882.8","false","0","false","4847257.517","4710779.922","4847257.517","0","false","true",
"C","A","20240101","2024","52","2024","36","AUS","Australia","M","Import","231","ETH","Ethiopia","0","W00","World","H6","HS","true","0901","Coffee, whether or not roasted or decaffeinated; husks and skins; coffee substitutes containing coffee in any proportion","4","false","C00","TOTAL CPC","0","0","TOTAL MOT","8","kg","4729221.96","false","8","kg","4729221.96","false","4729221.96","false","4787.836","false","27095848.99","26274448.148","27095848.99","0","false","true",
"C","A","20240101","2024","52","2024","36","AUS","Australia","M","Import","242","FJI","Fiji","0","W00","World","H6","HS","true","0901","Coffee, whether or not roasted or decaffeinated; husks and skins; coffee substitutes containing coffee in any proportion","4","false","C00","TOTAL CPC","0","0","TOTAL MOT","8","kg","480","false","8","kg","480","false","480","false","0.541","false","5317.403","4982.585","5317.403","0","false","true",
"C","A","20240101","2024","52","2024","36","AUS","Australia","M","Import","246","FIN","Finland","0","W00","World","H6","HS","true","0901","Coffee, whether or not roasted or decaffeinated; husks and skins; coffee substitutes containing coffee in any proportion","4","false","C00","TOTAL CPC","0","0","TOTAL MOT","8","kg","575","false","8","kg","575","false","575","false","9.223","false","10119.107","6659.086","10119.107","0","false","true",
"C","A","20240101","2024","52","2024","36","AUS","Australia","M","Import","251","FRA","France","0","W00","World","H6","HS","true","0901","Coffee, whether or not roasted or decaffeinated; husks and skins; coffee substitutes containing coffee in any proportion","4","false","C00","TOTAL CPC","0","0","TOTAL MOT","8","kg","1004041.38","false","8","kg","1004041.38","false","1004041.38","false","0","false","18991741.786","18115167.369","18991741.786","0","false","true",
"C","A","20240101","2024","52","2024","36","AUS","Australia","M","Import","262","DJI","Djibouti","0","W00","World","H6","HS","true","0901","Coffee, whether or not roasted or decaffeinated; husks and skins; coffee substitutes containing coffee in any proportion","4","false","C00","TOTAL CPC","0","0","TOTAL MOT","8","kg","99959.8","false","8","kg","99959.8","false","99959.8","false","97.27","false","665007.189","649648.818","665007.189","0","false","true",
"C","A","20240101","2024","52","2024","36","AUS","Australia","M","Import","276","DEU","Germany","0","W00","World","H6","HS","true","0901","Coffee, whether or not roasted or decaffeinated; husks and skins; coffee substitutes containing coffee in any proportion","4","false","C00","TOTAL CPC","0","0","TOTAL MOT","8","kg","1172828.65","false","8","kg","1172828.65","false","1172828.65","false","0","false","20987446.061","20359894.727","20987446.061","0","false","true",
"C","A","20240101","2024","52","2024","36","AUS","Australia","M","Import","300","GRC","Greece","0","W00","World","H6","HS","true","0901","Coffee, whether or not roasted or decaffeinated; husks and skins; coffee substitutes containing coffee in any proportion","4","false","C00","TOTAL CPC","0","0","TOTAL MOT","8","kg","27121.8","false","8","kg","27121.8","false","27121.8","false","0","false","333991.002","320402.042","333991.002","0","false","true",
"C","A","20240101","2024","52","2024","36","AUS","Australia","M","Import","320","GTM","Guatemala","0","W00","World","H6","HS","true","0901","Coffee, whether or not roasted or decaffeinated; husks and skins; coffee substitutes containing coffee in any proportion","4","false","C00","TOTAL CPC","0","0","TOTAL MOT","8","kg","1833785.46","false","8","kg","1833785.46","false","1833785.46","false","0","false","10848771.528","10561363.511","10848771.528","0","false","true",
"C","A","20240101","2024","52","2024","36","AUS","Australia","M","Import","340","HND","Honduras","0","W00","World","H6","HS","true","0901","Coffee, whether or not roasted or decaffeinated; husks and skins; coffee substitutes containing coffee in any proportion","4","false","C00","TOTAL CPC","0","0","TOTAL MOT","8","kg","6075188.28","false","8","kg","6075188.28","false","6075188.28","false","0","false","29620156.034","28445064.691","29620156.034","0","false","true",
"C","A","20240101","2024","52","2024","36","AUS","Australia","M","Import","344","HKG","China, Hong Kong SAR","0","W00","World","H6","HS","true","0901","Coffee, whether or not roasted or decaffeinated; husks and skins; coffee substitutes containing coffee in any proportion","4","false","C00","TOTAL CPC","0","0","TOTAL MOT","8","kg","544.8","false","8","kg","544.8","false","544.8","false","0","false","4187.723","4060.229","4187.723","0","false","true",
"C","A","20240101","2024","52","2024","36","AUS","Australia","M","Import","360","IDN","Indonesia","0","W00","World","H6","HS","true","0901","Coffee, whether or not roasted or decaffeinated; husks and skins; coffee substitutes containing coffee in any proportion","4","false","C00","TOTAL CPC","0","0","TOTAL MOT","8","kg","3944457.09","false","8","kg","3944457.09","false","3944457.09","false","0","false","21799985.288","21449685.388","21799985.288","0","false","true",
"C","A","20240101","2024","52","2024","36","AUS","Australia","M","Import","376","ISR","Israel","0","W00","World","H6","HS","true","0901","Coffee, whether or not roasted or decaffeinated; husks and skins; coffee substitutes containing coffee in any proportion","4","false","C00","TOTAL CPC","0","0","TOTAL MOT","8","kg","375","false","8","kg","375","false","375","false","0","false","4316.419","4146.584","4316.419","0","false","true",
"C","A","20240101","2024","52","2024","36","AUS","Australia","M","Import","380","ITA","Italy","0","W00","World","H6","HS","true","0901","Coffee, whether or not roasted or decaffeinated; husks and skins; coffee substitutes containing coffee in any proportion","4","false","C00","TOTAL CPC","0","0","TOTAL MOT","8","kg","3562739.482","false","8","kg","3562739.482","false","3562739.482","false","0","false","29637087.396","28357497.452","29637087.396","0","false","true",
"C","A","20240101","2024","52","2024","36","AUS","Australia","M","Import","388","JAM","Jamaica","0","W00","World","H6","HS","true","0901","Coffee, whether or not roasted or decaffeinated; husks and skins; coffee substitutes containing coffee in any proportion","4","false","C00","TOTAL CPC","0","0","TOTAL MOT","8","kg","1205","false","8","kg","1205","false","1205","false","1.39","false","68563.994","59573.116","68563.994","0","false","true",
"C","A","20240101","2024","52","2024","36","AUS","Australia","M","Import","392","JPN","Japan","0","W00","World","H6","HS","true","0901","Coffee, whether or not roasted or decaffeinated; husks and skins; coffee substitutes containing coffee in any proportion","4","false","C00","TOTAL CPC","0","0","TOTAL MOT","8","kg","7245.07","false","8","kg","7245.07","false","7245.07","false","0","false","107372.42","100673.673","107372.42","0","false","true",
"C","A","20240101","2024","52","2024","36","AUS","Australia","M","Import","400","JOR","Jordan","0","W00","World","H6","HS","true","0901","Coffee, whether or not roasted or decaffeinated; husks and skins; coffee substitutes containing coffee in any proportion","4","false","C00","TOTAL CPC","0","0","TOTAL MOT","8","kg","111985.8","false","8","kg","111985.8","false","111985.8","false","0","false","1006361.414","962392.709","1006361.414","0","false","true",
"C","A","20240101","2024","52","2024","36","AUS","Australia","M","Import","404","KEN","Kenya","0","W00","World","H6","HS","true","0901","Coffee, whether or not roasted or decaffeinated; husks and skins; coffee substitutes containing coffee in any proportion","4","false","C00","TOTAL CPC","0","0","TOTAL MOT","8","kg","2002912","false","8","kg","2002912","false","2002912","false","1966.758","false","11174169.881","10703517.585","11174169.881","0","false","true",
"C","A","20240101","2024","52","2024","36","AUS","Australia","M","Import","410","KOR","Rep. of Korea","0","W00","World","H6","HS","true","0901","Coffee, whether or not roasted or decaffeinated; husks and skins; coffee substitutes containing coffee in any proportion","4","false","C00","TOTAL CPC","0","0","TOTAL MOT","8","kg","17869.96","false","8","kg","17869.96","false","17869.96","false","0","false","148482.144","140905.657","148482.144","0","false","true",
"C","A","20240101","2024","52","2024","36","AUS","Australia","M","Import","418","LAO","Lao People's Dem. Rep.","0","W00","World","H6","HS","true","0901","Coffee, whether or not roasted or decaffeinated; husks and skins; coffee substitutes containing coffee in any proportion","4","false","C00","TOTAL CPC","0","0","TOTAL MOT","8","kg","34380","false","8","kg","34380","false","34380","false","0","false","173312.143","167322.82","173312.143","0","false","true",
"C","A","20240101","2024","52","2024","36","AUS","Australia","M","Import","422","LBN","Lebanon","0","W00","World","H6","HS","true","0901","Coffee, whether or not roasted or decaffeinated; husks and skins; coffee substitutes containing coffee in any proportion","4","false","C00","TOTAL CPC","0","0","TOTAL MOT","8","kg","87587.06","false","8","kg","87587.06","false","87587.06","false","0","false","810101.229","794349.44","810101.229","0","false","true",
"C","A","20240101","2024","52","2024","36","AUS","Australia","M","Import","458","MYS","Malaysia","0","W00","World","H6","HS","true","0901","Coffee, whether or not roasted or decaffeinated; husks and skins; coffee substitutes containing coffee in any proportion","4","false","C00","TOTAL CPC","0","0","TOTAL MOT","8","kg","139317.46","false","8","kg","139317.46","false","139317.46","false","0","false","1931018.533","1859993.523","1931018.533","0","false","true",
"C","A","20240101","2024","52","2024","36","AUS","Australia","M","Import","484","MEX","Mexico","0","W00","World","H6","HS","true","0901","Coffee, whether or not roasted or decaffeinated; husks and skins; coffee substitutes containing coffee in any proportion","4","false","C00","TOTAL CPC","0","0","TOTAL MOT","8","kg","1214522.45","false","8","kg","1214522.45","false","1214522.45","false","0","false","7201932.251","6976295.285","7201932.251","0","false","true",
"C","A","20240101","2024","52","2024","36","AUS","Australia","M","Import","490","S19","Other Asia, nes","0","W00","World","H6","HS","true","0901","Coffee, whether or not roasted or decaffeinated; husks and skins; coffee substitutes containing coffee in any proportion","4","false","C00","TOTAL CPC","0","0","TOTAL MOT","8","kg","565.92","false","8","kg","565.92","false","565.92","false","0","false","5901.543","5313.609","5901.543","0","false","true",
"C","A","20240101","2024","52","2024","36","AUS","Australia","M","Import","528","NLD","Netherlands","0","W00","World","H6","HS","true","0901","Coffee, whether or not roasted or decaffeinated; husks and skins; coffee substitutes containing coffee in any proportion","4","false","C00","TOTAL CPC","0","0","TOTAL MOT","8","kg","24922.96","false","8","kg","24922.96","false","24922.96","false","0","false","198869.635","190380.453","198869.635","0","false","true",
"C","A","20240101","2024","52","2024","36","AUS","Australia","M","Import","554","NZL","New Zealand","0","W00","World","H6","HS","true","0901","Coffee, whether or not roasted or decaffeinated; husks and skins; coffee substitutes containing coffee in any proportion","4","false","C00","TOTAL CPC","0","0","TOTAL MOT","8","kg","142165.32","false","8","kg","142165.32","false","142165.32","false","238.99","false","1608384.531","1557647.723","1608384.531","0","false","true",
"C","A","20240101","2024","52","2024","36","AUS","Australia","M","Import","558","NIC","Nicaragua","0","W00","World","H6","HS","true","0901","Coffee, whether or not roasted or decaffeinated; husks and skins; coffee substitutes containing coffee in any proportion","4","false","C00","TOTAL CPC","0","0","TOTAL MOT","8","kg","2098922.8","false","8","kg","2098922.8","false","2098922.8","false","0","false","11703340.076","11389806.319","11703340.076","0","false","true",
"C","A","20240101","2024","52","2024","36","AUS","Australia","M","Import","586","PAK","Pakistan","0","W00","World","H6","HS","true","0901","Coffee, whether or not roasted or decaffeinated; husks and skins; coffee substitutes containing coffee in any proportion","4","false","C00","TOTAL CPC","0","0","TOTAL MOT","8","kg","18","false","8","kg","18","false","18","false","0","false","756.989","736.255","756.989","0","false","true",
"C","A","20240101","2024","52","2024","36","AUS","Australia","M","Import","591","PAN","Panama","0","W00","World","H6","HS","true","0901","Coffee, whether or not roasted or decaffeinated; husks and skins; coffee substitutes containing coffee in any proportion","4","false","C00","TOTAL CPC","0","0","TOTAL MOT","8","kg","54077.71","false","8","kg","54077.71","false","54077.71","false","37.225","false","495605.198","470576.584","495605.198","0","false","true",
"C","A","20240101","2024","52","2024","36","AUS","Australia","M","Import","598","PNG","Papua New Guinea","0","W00","World","H6","HS","true","0901","Coffee, whether or not roasted or decaffeinated; husks and skins; coffee substitutes containing coffee in any proportion","4","false","C00","TOTAL CPC","0","0","TOTAL MOT","8","kg","7777105.5","false","8","kg","7777105.5","false","7777105.5","false","0","false","36558164.787","35624133.46","36558164.787","0","false","true",
"C","A","20240101","2024","52","2024","36","AUS","Australia","M","Import","604","PER","Peru","0","W00","World","H6","HS","true","0901","Coffee, whether or not roasted or decaffeinated; husks and skins; coffee substitutes containing coffee in any proportion","4","false","C00","TOTAL CPC","0","0","TOTAL MOT","8","kg","2699245.7","false","8","kg","2699245.7","false","2699245.7","false","0","false","15000559.827","14635741.134","15000559.827","0","false","true",
"C","A","20240101","2024","52","2024","36","AUS","Australia","M","Import","608","PHL","Philippines","0","W00","World","H6","HS","true","0901","Coffee, whether or not roasted or decaffeinated; husks and skins; coffee substitutes containing coffee in any proportion","4","false","C00","TOTAL CPC","0","0","TOTAL MOT","8","kg","4386.15","false","8","kg","4386.15","false","4386.15","false","0","false","41471.796","38359.891","41471.796","0","false","true",
"C","A","20240101","2024","52","2024","36","AUS","Australia","M","Import","616","POL","Poland","0","W00","World","H6","HS","true","0901","Coffee, whether or not roasted or decaffeinated; husks and skins; coffee substitutes containing coffee in any proportion","4","false","C00","TOTAL CPC","0","0","TOTAL MOT","8","kg","60","false","8","kg","60","false","60","false","0","false","766.406","697.472","766.406","0","false","true",
"C","A","20240101","2024","52","2024","36","AUS","Australia","M","Import","620","PRT","Portugal","0","W00","World","H6","HS","true","0901","Coffee, whether or not roasted or decaffeinated; husks and skins; coffee substitutes containing coffee in any proportion","4","false","C00","TOTAL CPC","0","0","TOTAL MOT","8","kg","235.2","false","8","kg","235.2","false","235.2","false","0.294","false","3281.073","2993.029","3281.073","0","false","true",
"C","A","20240101","2024","52","2024","36","AUS","Australia","M","Import","626","TLS","Timor-Leste","0","W00","World","H6","HS","true","0901","Coffee, whether or not roasted or decaffeinated; husks and skins; coffee substitutes containing coffee in any proportion","4","false","C00","TOTAL CPC","0","0","TOTAL MOT","8","kg","200758.8","false","8","kg","200758.8","false","200758.8","false","0","false","967294.587","944676.269","967294.587","0","false","true",
"C","A","20240101","2024","52","2024","36","AUS","Australia","M","Import","646","RWA","Rwanda","0","W00","World","H6","HS","true","0901","Coffee, whether or not roasted or decaffeinated; husks and skins; coffee substitutes containing coffee in any proportion","4","false","C00","TOTAL CPC","0","0","TOTAL MOT","8","kg","132569.6","false","8","kg","132569.6","false","132569.6","false","140.679","false","874271.7","849618.312","874271.7","0","false","true",
"C","A","20240101","2024","52","2024","36","AUS","Australia","M","Import","682","SAU","Saudi Arabia","0","W00","World","H6","HS","true","0901","Coffee, whether or not roasted or decaffeinated; husks and skins; coffee substitutes containing coffee in any proportion","4","false","C00","TOTAL CPC","0","0","TOTAL MOT","8","kg","1317.8","false","8","kg","1317.8","false","1317.8","false","0","false","10198.316","8043.71","10198.316","0","false","true",
"C","A","20240101","2024","52","2024","36","AUS","Australia","M","Import","688","SRB","Serbia","0","W00","World","H6","HS","true","0901","Coffee, whether or not roasted or decaffeinated; husks and skins; coffee substitutes containing coffee in any proportion","4","false","C00","TOTAL CPC","0","0","TOTAL MOT","8","kg","51461.2","false","8","kg","51461.2","false","51461.2","false","95.31","false","286193.149","261810.423","286193.149","0","false","true",
"C","A","20240101","2024","52","2024","36","AUS","Australia","M","Import","699","IND","India","0","W00","World","H6","HS","true","0901","Coffee, whether or not roasted or decaffeinated; husks and skins; coffee substitutes containing coffee in any proportion","4","false","C00","TOTAL CPC","0","0","TOTAL MOT","8","kg","4984945.34","false","8","kg","4984945.34","false","4984945.34","false","0","false","22883112.648","22222017.602","22883112.648","0","false","true",
"C","A","20240101","2024","52","2024","36","AUS","Australia","M","Import","702","SGP","Singapore","0","W00","World","H6","HS","true","0901","Coffee, whether or not roasted or decaffeinated; husks and skins; coffee substitutes containing coffee in any proportion","4","false","C00","TOTAL CPC","0","0","TOTAL MOT","8","kg","4714.66","false","8","kg","4714.66","false","4714.66","false","0","false","70959.982","68337.955","70959.982","0","false","true",
"C","A","20240101","2024","52","2024","36","AUS","Australia","M","Import","704","VNM","Viet Nam","0","W00","World","H6","HS","true","0901","Coffee, whether or not roasted or decaffeinated; husks and skins; coffee substitutes containing coffee in any proportion","4","false","C00","TOTAL CPC","0","0","TOTAL MOT","8","kg","14689581.11","false","8","kg","14689581.11","false","14689581.11","false","0","false","58854741.065","57749482.152","58854741.065","0","false","true",
"C","A","20240101","2024","52","2024","36","AUS","Australia","M","Import","705","SVN","Slovenia","0","W00","World","H6","HS","true","0901","Coffee, whether or not roasted or decaffeinated; husks and skins; coffee substitutes containing coffee in any proportion","4","false","C00","TOTAL CPC","0","0","TOTAL MOT","8","kg","2338","false","8","kg","2338","false","2338","false","0","false","17309.559","16434.103","17309.559","0","false","true",
"C","A","20240101","2024","52","2024","36","AUS","Australia","M","Import","710","ZAF","South Africa","0","W00","World","H6","HS","true","0901","Coffee, whether or not roasted or decaffeinated; husks and skins; coffee substitutes containing coffee in any proportion","4","false","C00","TOTAL CPC","0","0","TOTAL MOT","8","kg","1921.5","false","8","kg","1921.5","false","1921.5","false","0","false","17746.235","16817.108","17746.235","0","false","true",
"C","A","20240101","2024","52","2024","36","AUS","Australia","M","Import","724","ESP","Spain","0","W00","World","H6","HS","true","0901","Coffee, whether or not roasted or decaffeinated; husks and skins; coffee substitutes containing coffee in any proportion","4","false","C00","TOTAL CPC","0","0","TOTAL MOT","8","kg","26822.85","false","8","kg","26822.85","false","26822.85","false","0","false","277381.661","245885.91","277381.661","0","false","true",
"C","A","20240101","2024","52","2024","36","AUS","Australia","M","Import","752","SWE","Sweden","0","W00","World","H6","HS","true","0901","Coffee, whether or not roasted or decaffeinated; husks and skins; coffee substitutes containing coffee in any proportion","4","false","C00","TOTAL CPC","0","0","TOTAL MOT","8","kg","24.1","false","8","kg","24.1","false","24.1","false","0.024","false","1195.064","846.493","1195.064","0","false","true",
"C","A","20240101","2024","52","2024","36","AUS","Australia","M","Import","757","CHE","Switzerland","0","W00","World","H6","HS","true","0901","Coffee, whether or not roasted or decaffeinated; husks and skins; coffee substitutes containing coffee in any proportion","4","false","C00","TOTAL CPC","0","0","TOTAL MOT","8","kg","3635163.434","false","8","kg","3635163.434","false","3635163.434","false","0","false","115668430.565","110513531.271","115668430.565","0","false","true",
"C","A","20240101","2024","52","2024","36","AUS","Australia","M","Import","760","SYR","Syria","0","W00","World","H6","HS","true","0901","Coffee, whether or not roasted or decaffeinated; husks and skins; coffee substitutes containing coffee in any proportion","4","false","C00","TOTAL CPC","0","0","TOTAL MOT","8","kg","2245","false","8","kg","2245","false","2245","false","0","false","5936.881","4530.217","5936.881","0","false","true",
"C","A","20240101","2024","52","2024","36","AUS","Australia","M","Import","764","THA","Thailand","0","W00","World","H6","HS","true","0901","Coffee, whether or not roasted or decaffeinated; husks and skins; coffee substitutes containing coffee in any proportion","4","false","C00","TOTAL CPC","0","0","TOTAL MOT","8","kg","24485.08","false","8","kg","24485.08","false","24485.08","false","0","false","195401.154","187850.259","195401.154","0","false","true",
"C","A","20240101","2024","52","2024","36","AUS","Australia","M","Import","784","ARE","United Arab Emirates","0","W00","World","H6","HS","true","0901","Coffee, whether or not roasted or decaffeinated; husks and skins; coffee substitutes containing coffee in any proportion","4","false","C00","TOTAL CPC","0","0","TOTAL MOT","8","kg","24923.42","false","8","kg","24923.42","false","24923.42","false","53.923","false","235008.917","226872.436","235008.917","0","false","true",
"C","A","20240101","2024","52","2024","36","AUS","Australia","M","Import","792","TUR","Türkiye","0","W00","World","H6","HS","true","0901","Coffee, whether or not roasted or decaffeinated; husks and skins; coffee substitutes containing coffee in any proportion","4","false","C00","TOTAL CPC","0","0","TOTAL MOT","8","kg","17341.2","false","8","kg","17341.2","false","17341.2","false","0","false","115081.747","110221.522","115081.747","0","false","true",
"C","A","20240101","2024","52","2024","36","AUS","Australia","M","Import","800","UGA","Uganda","0","W00","World","H6","HS","true","0901","Coffee, whether or not roasted or decaffeinated; husks and skins; coffee substitutes containing coffee in any proportion","4","false","C00","TOTAL CPC","0","0","TOTAL MOT","8","kg","946223.1","false","8","kg","946223.1","false","946223.1","false","0","false","4519539.679","4398613.479","4519539.679","0","false","true",
"C","A","20240101","2024","52","2024","36","AUS","Australia","M","Import","807","MKD","North Macedonia","0","W00","World","H6","HS","true","0901","Coffee, whether or not roasted or decaffeinated; husks and skins; coffee substitutes containing coffee in any proportion","4","false","C00","TOTAL CPC","0","0","TOTAL MOT","8","kg","15487","false","8","kg","15487","false","15487","false","0","false","137604.774","127993.646","137604.774","0","false","true",
"C","A","20240101","2024","52","2024","36","AUS","Australia","M","Import","826","GBR","United Kingdom","0","W00","World","H6","HS","true","0901","Coffee, whether or not roasted or decaffeinated; husks and skins; coffee substitutes containing coffee in any proportion","4","false","C00","TOTAL CPC","0","0","TOTAL MOT","8","kg","172463.31","false","8","kg","172463.31","false","172463.31","false","0","false","2416944.348","2287551.66","2416944.348","0","false","true",
"C","A","20240101","2024","52","2024","36","AUS","Australia","M","Import","834","TZA","United Rep. of Tanzania","0","W00","World","H6","HS","true","0901","Coffee, whether or not roasted or decaffeinated; husks and skins; coffee substitutes containing coffee in any proportion","4","false","C00","TOTAL CPC","0","0","TOTAL MOT","8","kg","911263","false","8","kg","911263","false","911263","false","0","false","4625594.285","4515144.876","4625594.285","0","false","true",
"C","A","20240101","2024","52","2024","36","AUS","Australia","M","Import","842","USA","USA","0","W00","World","H6","HS","true","0901","Coffee, whether or not roasted or decaffeinated; husks and skins; coffee substitutes containing coffee in any proportion","4","false","C00","TOTAL CPC","0","0","TOTAL MOT","8","kg","207177.46","false","8","kg","207177.46","false","207177.46","false","0","false","1816651.605","1730885.751","1816651.605","0","false","true",
"C","A","20250101","2025","52","2025","36","AUS","Australia","M","Import","0","W00","World","0","W00","World","H6","HS","true","0901","Coffee, whether or not roasted or decaffeinated; husks and skins; coffee substitutes containing coffee in any proportion","4","false","C00","TOTAL CPC","0","0","TOTAL MOT","8","kg","122823988.811","false","8","kg","122823988.811","false","122823988.811","false","0","false","1020461918.342","994809100.955","1020461918.342","0","false","true",
"C","A","20250101","2025","52","2025","36","AUS","Australia","M","Import","10","ATA","Antarctica","0","W00","World","H6","HS","true","0901","Coffee, whether or not roasted or decaffeinated; husks and skins; coffee substitutes containing coffee in any proportion","4","false","C00","TOTAL CPC","0","0","TOTAL MOT","8","kg","20","false","8","kg","20","false","20","false","7.524","false","883.5","733.77","883.5","0","false","true",
"C","A","20250101","2025","52","2025","36","AUS","Australia","M","Import","36","AUS","Australia","0","W00","World","H6","HS","true","0901","Coffee, whether or not roasted or decaffeinated; husks and skins; coffee substitutes containing coffee in any proportion","4","false","C00","TOTAL CPC","0","0","TOTAL MOT","8","kg","20729.61","false","8","kg","20729.61","false","20729.61","false","28.831","false","193286.08","190165.76","193286.08","0","false","true",
"C","A","20250101","2025","52","2025","36","AUS","Australia","M","Import","40","AUT","Austria","0","W00","World","H6","HS","true","0901","Coffee, whether or not roasted or decaffeinated; husks and skins; coffee substitutes containing coffee in any proportion","4","false","C00","TOTAL CPC","0","0","TOTAL MOT","8","kg","495","false","8","kg","495","false","495","false","0","false","15284.782","15063.622","15284.782","0","false","true",
"C","A","20250101","2025","52","2025","36","AUS","Australia","M","Import","56","BEL","Belgium","0","W00","World","H6","HS","true","0901","Coffee, whether or not roasted or decaffeinated; husks and skins; coffee substitutes containing coffee in any proportion","4","false","C00","TOTAL CPC","0","0","TOTAL MOT","8","kg","1905.38","false","8","kg","1905.38","false","1905.38","false","0","false","38670.838","36905.398","38670.838","0","false","true",
"C","A","20250101","2025","52","2025","36","AUS","Australia","M","Import","68","BOL","Bolivia (Plurinational State of)","0","W00","World","H6","HS","true","0901","Coffee, whether or not roasted or decaffeinated; husks and skins; coffee substitutes containing coffee in any proportion","4","false","C00","TOTAL CPC","0","0","TOTAL MOT","8","kg","21528","false","8","kg","21528","false","21528","false","0","false","253300.865","247029.323","253300.865","0","false","true",
"C","A","20250101","2025","52","2025","36","AUS","Australia","M","Import","70","BIH","Bosnia Herzegovina","0","W00","World","H6","HS","true","0901","Coffee, whether or not roasted or decaffeinated; husks and skins; coffee substitutes containing coffee in any proportion","4","false","C00","TOTAL CPC","0","0","TOTAL MOT","8","kg","18948.4","false","8","kg","18948.4","false","18948.4","false","53.278","false","179937.57","169247.214","179937.57","0","false","true",
"C","A","20250101","2025","52","2025","36","AUS","Australia","M","Import","76","BRA","Brazil","0","W00","World","H6","HS","true","0901","Coffee, whether or not roasted or decaffeinated; husks and skins; coffee substitutes containing coffee in any proportion","4","false","C00","TOTAL CPC","0","0","TOTAL MOT","8","kg","30351955.126","false","8","kg","30351955.126","false","30351955.126","false","0","false","216751485.801","211777598.455","216751485.801","0","false","true",
"C","A","20250101","2025","52","2025","36","AUS","Australia","M","Import","104","MMR","Myanmar","0","W00","World","H6","HS","true","0901","Coffee, whether or not roasted or decaffeinated; husks and skins; coffee substitutes containing coffee in any proportion","4","false","C00","TOTAL CPC","0","0","TOTAL MOT","8","kg","31263.832","false","8","kg","31263.832","false","31263.832","false","0","false","209065.09","204000.154","209065.09","0","false","true",
"C","A","20250101","2025","52","2025","36","AUS","Australia","M","Import","108","BDI","Burundi","0","W00","World","H6","HS","true","0901","Coffee, whether or not roasted or decaffeinated; husks and skins; coffee substitutes containing coffee in any proportion","4","false","C00","TOTAL CPC","0","0","TOTAL MOT","8","kg","72780","false","8","kg","72780","false","72780","false","74.235","false","549835.197","539936.357","549835.197","0","false","true",
"C","A","20250101","2025","52","2025","36","AUS","Australia","M","Import","124","CAN","Canada","0","W00","World","H6","HS","true","0901","Coffee, whether or not roasted or decaffeinated; husks and skins; coffee substitutes containing coffee in any proportion","4","false","C00","TOTAL CPC","0","0","TOTAL MOT","8","kg","655048.93","false","8","kg","655048.93","false","655048.93","false","644.353","false","6944674.404","6873769.868","6944674.404","0","false","true",
"C","A","20250101","2025","52","2025","36","AUS","Australia","M","Import","144","LKA","Sri Lanka","0","W00","World","H6","HS","true","0901","Coffee, whether or not roasted or decaffeinated; husks and skins; coffee substitutes containing coffee in any proportion","4","false","C00","TOTAL CPC","0","0","TOTAL MOT","8","kg","12520.85","false","8","kg","12520.85","false","12520.85","false","0","false","102321.021","96049.808","102321.021","0","false","true",
"C","A","20250101","2025","52","2025","36","AUS","Australia","M","Import","152","CHL","Chile","0","W00","World","H6","HS","true","0901","Coffee, whether or not roasted or decaffeinated; husks and skins; coffee substitutes containing coffee in any proportion","4","false","C00","TOTAL CPC","0","0","TOTAL MOT","8","kg","55233","false","8","kg","55233","false","55233","false","55.863","false","461330.967","452552.192","461330.967","0","false","true",
"C","A","20250101","2025","52","2025","36","AUS","Australia","M","Import","156","CHN","China","0","W00","World","H6","HS","true","0901","Coffee, whether or not roasted or decaffeinated; husks and skins; coffee substitutes containing coffee in any proportion","4","false","C00","TOTAL CPC","0","0","TOTAL MOT","8","kg","626513.61","false","8","kg","626513.61","false","626513.61","false","0","false","4907533.274","4826980.858","4907533.274","0","false","true",
"C","A","20250101","2025","52","2025","36","AUS","Australia","M","Import","170","COL","Colombia","0","W00","World","H6","HS","true","0901","Coffee, whether or not roasted or decaffeinated; husks and skins; coffee substitutes containing coffee in any proportion","4","false","C00","TOTAL CPC","0","0","TOTAL MOT","8","kg","16355653.211","false","8","kg","16355653.211","false","16355653.211","false","0","false","131900484.125","128033297.459","131900484.125","0","false","true",
"C","A","20250101","2025","52","2025","36","AUS","Australia","M","Import","188","CRI","Costa Rica","0","W00","World","H6","HS","true","0901","Coffee, whether or not roasted or decaffeinated; husks and skins; coffee substitutes containing coffee in any proportion","4","false","C00","TOTAL CPC","0","0","TOTAL MOT","8","kg","940452.61","false","8","kg","940452.61","false","940452.61","false","951.623","false","8438170.596","8290529.327","8438170.596","0","false","true",
"C","A","20250101","2025","52","2025","36","AUS","Australia","M","Import","191","HRV","Croatia","0","W00","World","H6","HS","true","0901","Coffee, whether or not roasted or decaffeinated; husks and skins; coffee substitutes containing coffee in any proportion","4","false","C00","TOTAL CPC","0","0","TOTAL MOT","8","kg","65922","false","8","kg","65922","false","65922","false","0","false","486627.161","477903.889","486627.161","0","false","true",
"C","A","20250101","2025","52","2025","36","AUS","Australia","M","Import","196","CYP","Cyprus","0","W00","World","H6","HS","true","0901","Coffee, whether or not roasted or decaffeinated; husks and skins; coffee substitutes containing coffee in any proportion","4","false","C00","TOTAL CPC","0","0","TOTAL MOT","8","kg","2826","false","8","kg","2826","false","2826","false","0","false","56913.157","51926.701","56913.157","0","false","true",
"C","A","20250101","2025","52","2025","36","AUS","Australia","M","Import","203","CZE","Czechia","0","W00","World","H6","HS","true","0901","Coffee, whether or not roasted or decaffeinated; husks and skins; coffee substitutes containing coffee in any proportion","4","false","C00","TOTAL CPC","0","0","TOTAL MOT","8","kg","517.405","false","8","kg","517.405","false","517.405","false","0.016","false","3382.195","3131.274","3382.195","0","false","true",
"C","A","20250101","2025","52","2025","36","AUS","Australia","M","Import","208","DNK","Denmark","0","W00","World","H6","HS","true","0901","Coffee, whether or not roasted or decaffeinated; husks and skins; coffee substitutes containing coffee in any proportion","4","false","C00","TOTAL CPC","0","0","TOTAL MOT","8","kg","83.86","false","8","kg","83.86","false","83.86","false","0.137","false","5799.003","4924.208","5799.003","0","false","true",
"C","A","20250101","2025","52","2025","36","AUS","Australia","M","Import","218","ECU","Ecuador","0","W00","World","H6","HS","true","0901","Coffee, whether or not roasted or decaffeinated; husks and skins; coffee substitutes containing coffee in any proportion","4","false","C00","TOTAL CPC","0","0","TOTAL MOT","8","kg","14921.5","false","8","kg","14921.5","false","14921.5","false","15.35","false","295253.57","277307.483","295253.57","0","false","true",
"C","A","20250101","2025","52","2025","36","AUS","Australia","M","Import","222","SLV","El Salvador","0","W00","World","H6","HS","true","0901","Coffee, whether or not roasted or decaffeinated; husks and skins; coffee substitutes containing coffee in any proportion","4","false","C00","TOTAL CPC","0","0","TOTAL MOT","8","kg","807353.452","false","8","kg","807353.452","false","807353.452","false","755.645","false","5980024.65","5856937.331","5980024.65","0","false","true",
"C","A","20250101","2025","52","2025","36","AUS","Australia","M","Import","231","ETH","Ethiopia","0","W00","World","H6","HS","true","0901","Coffee, whether or not roasted or decaffeinated; husks and skins; coffee substitutes containing coffee in any proportion","4","false","C00","TOTAL CPC","0","0","TOTAL MOT","8","kg","8724245.64","false","8","kg","8724245.64","false","8724245.64","false","0","false","59837595.212","58129879.516","59837595.212","0","false","true",
"C","A","20250101","2025","52","2025","36","AUS","Australia","M","Import","242","FJI","Fiji","0","W00","World","H6","HS","true","0901","Coffee, whether or not roasted or decaffeinated; husks and skins; coffee substitutes containing coffee in any proportion","4","false","C00","TOTAL CPC","0","0","TOTAL MOT","8","kg","98","false","8","kg","98","false","98","false","0.1","false","1096.322","906.509","1096.322","0","false","true",
"C","A","20250101","2025","52","2025","36","AUS","Australia","M","Import","246","FIN","Finland","0","W00","World","H6","HS","true","0901","Coffee, whether or not roasted or decaffeinated; husks and skins; coffee substitutes containing coffee in any proportion","4","false","C00","TOTAL CPC","0","0","TOTAL MOT","8","kg","360","false","8","kg","360","false","360","false","0.396","false","9093.988","5412.378","9093.988","0","false","true",
"C","A","20250101","2025","52","2025","36","AUS","Australia","M","Import","251","FRA","France","0","W00","World","H6","HS","true","0901","Coffee, whether or not roasted or decaffeinated; husks and skins; coffee substitutes containing coffee in any proportion","4","false","C00","TOTAL CPC","0","0","TOTAL MOT","8","kg","1012134.54","false","8","kg","1012134.54","false","1012134.54","false","0","false","22682470.961","21695208.973","22682470.961","0","false","true",
"C","A","20250101","2025","52","2025","36","AUS","Australia","M","Import","262","DJI","Djibouti","0","W00","World","H6","HS","true","0901","Coffee, whether or not roasted or decaffeinated; husks and skins; coffee substitutes containing coffee in any proportion","4","false","C00","TOTAL CPC","0","0","TOTAL MOT","8","kg","184443.79","false","8","kg","184443.79","false","184443.79","false","184.993","false","1611065.405","1581773.786","1611065.405","0","false","true",
"C","A","20250101","2025","52","2025","36","AUS","Australia","M","Import","276","DEU","Germany","0","W00","World","H6","HS","true","0901","Coffee, whether or not roasted or decaffeinated; husks and skins; coffee substitutes containing coffee in any proportion","4","false","C00","TOTAL CPC","0","0","TOTAL MOT","8","kg","596947.73","false","8","kg","596947.73","false","596947.73","false","0","false","12745958.487","12411143.055","12745958.487","0","false","true",
"C","A","20250101","2025","52","2025","36","AUS","Australia","M","Import","300","GRC","Greece","0","W00","World","H6","HS","true","0901","Coffee, whether or not roasted or decaffeinated; husks and skins; coffee substitutes containing coffee in any proportion","4","false","C00","TOTAL CPC","0","0","TOTAL MOT","8","kg","17475.6","false","8","kg","17475.6","false","17475.6","false","0","false","293099.946","281552.92","293099.946","0","false","true",
"C","A","20250101","2025","52","2025","36","AUS","Australia","M","Import","320","GTM","Guatemala","0","W00","World","H6","HS","true","0901","Coffee, whether or not roasted or decaffeinated; husks and skins; coffee substitutes containing coffee in any proportion","4","false","C00","TOTAL CPC","0","0","TOTAL MOT","8","kg","2120182.076","false","8","kg","2120182.076","false","2120182.076","false","2078.36","false","18194786.639","17884144.711","18194786.639","0","false","true",
"C","A","20250101","2025","52","2025","36","AUS","Australia","M","Import","340","HND","Honduras","0","W00","World","H6","HS","true","0901","Coffee, whether or not roasted or decaffeinated; husks and skins; coffee substitutes containing coffee in any proportion","4","false","C00","TOTAL CPC","0","0","TOTAL MOT","8","kg","7961466.16","false","8","kg","7961466.16","false","7961466.16","false","0","false","60930071.01","58680632.936","60930071.01","0","false","true",
"C","A","20250101","2025","52","2025","36","AUS","Australia","M","Import","360","IDN","Indonesia","0","W00","World","H6","HS","true","0901","Coffee, whether or not roasted or decaffeinated; husks and skins; coffee substitutes containing coffee in any proportion","4","false","C00","TOTAL CPC","0","0","TOTAL MOT","8","kg","2677255.5","false","8","kg","2677255.5","false","2677255.5","false","0","false","18689538.089","18364197.513","18689538.089","0","false","true",
"C","A","20250101","2025","52","2025","36","AUS","Australia","M","Import","364","IRN","Iran","0","W00","World","H6","HS","true","0901","Coffee, whether or not roasted or decaffeinated; husks and skins; coffee substitutes containing coffee in any proportion","4","false","C00","TOTAL CPC","0","0","TOTAL MOT","8","kg","127","false","8","kg","127","false","127","false","0.137","false","2067.09","1179.776","2067.09","0","false","true",
"C","A","20250101","2025","52","2025","36","AUS","Australia","M","Import","368","IRQ","Iraq","0","W00","World","H6","HS","true","0901","Coffee, whether or not roasted or decaffeinated; husks and skins; coffee substitutes containing coffee in any proportion","4","false","C00","TOTAL CPC","0","0","TOTAL MOT","8","kg","7894","false","8","kg","7894","false","7894","false","0","false","47612.391","40776.789","47612.391","0","false","true",
"C","A","20250101","2025","52","2025","36","AUS","Australia","M","Import","376","ISR","Israel","0","W00","World","H6","HS","true","0901","Coffee, whether or not roasted or decaffeinated; husks and skins; coffee substitutes containing coffee in any proportion","4","false","C00","TOTAL CPC","0","0","TOTAL MOT","8","kg","1500","false","8","kg","1500","false","1500","false","0","false","20641.735","18645.373","20641.735","0","false","true",
"C","A","20250101","2025","52","2025","36","AUS","Australia","M","Import","380","ITA","Italy","0","W00","World","H6","HS","true","0901","Coffee, whether or not roasted or decaffeinated; husks and skins; coffee substitutes containing coffee in any proportion","4","false","C00","TOTAL CPC","0","0","TOTAL MOT","8","kg","3621834.579","false","8","kg","3621834.579","false","3621834.579","false","0","false","36698761.807","35326787.057","36698761.807","0","false","true",
"C","A","20250101","2025","52","2025","36","AUS","Australia","M","Import","388","JAM","Jamaica","0","W00","World","H6","HS","true","0901","Coffee, whether or not roasted or decaffeinated; husks and skins; coffee substitutes containing coffee in any proportion","4","false","C00","TOTAL CPC","0","0","TOTAL MOT","8","kg","435","false","8","kg","435","false","435","false","0.529","false","24171.147","20861.014","24171.147","0","false","true",
"C","A","20250101","2025","52","2025","36","AUS","Australia","M","Import","392","JPN","Japan","0","W00","World","H6","HS","true","0901","Coffee, whether or not roasted or decaffeinated; husks and skins; coffee substitutes containing coffee in any proportion","4","false","C00","TOTAL CPC","0","0","TOTAL MOT","8","kg","8254.56","false","8","kg","8254.56","false","8254.56","false","0","false","138793.717","132326.429","138793.717","0","false","true",
"C","A","20250101","2025","52","2025","36","AUS","Australia","M","Import","400","JOR","Jordan","0","W00","World","H6","HS","true","0901","Coffee, whether or not roasted or decaffeinated; husks and skins; coffee substitutes containing coffee in any proportion","4","false","C00","TOTAL CPC","0","0","TOTAL MOT","8","kg","60270","false","8","kg","60270","false","60270","false","0","false","710606.755","689469.607","710606.755","0","false","true",
"C","A","20250101","2025","52","2025","36","AUS","Australia","M","Import","404","KEN","Kenya","0","W00","World","H6","HS","true","0901","Coffee, whether or not roasted or decaffeinated; husks and skins; coffee substitutes containing coffee in any proportion","4","false","C00","TOTAL CPC","0","0","TOTAL MOT","8","kg","1192445.8","false","8","kg","1192445.8","false","1192445.8","false","1209.551","false","9682750.137","9465709.618","9682750.137","0","false","true",
"C","A","20250101","2025","52","2025","36","AUS","Australia","M","Import","410","KOR","Rep. of Korea","0","W00","World","H6","HS","true","0901","Coffee, whether or not roasted or decaffeinated; husks and skins; coffee substitutes containing coffee in any proportion","4","false","C00","TOTAL CPC","0","0","TOTAL MOT","8","kg","7513.22","false","8","kg","7513.22","false","7513.22","false","0","false","74777.215","70491.101","74777.215","0","false","true",
"C","A","20250101","2025","52","2025","36","AUS","Australia","M","Import","418","LAO","Lao People's Dem. Rep.","0","W00","World","H6","HS","true","0901","Coffee, whether or not roasted or decaffeinated; husks and skins; coffee substitutes containing coffee in any proportion","4","false","C00","TOTAL CPC","0","0","TOTAL MOT","8","kg","134400","false","8","kg","134400","false","134400","false","135.436","false","1068318.761","1051205.857","1068318.761","0","false","true",
"C","A","20250101","2025","52","2025","36","AUS","Australia","M","Import","422","LBN","Lebanon","0","W00","World","H6","HS","true","0901","Coffee, whether or not roasted or decaffeinated; husks and skins; coffee substitutes containing coffee in any proportion","4","false","C00","TOTAL CPC","0","0","TOTAL MOT","8","kg","83644","false","8","kg","83644","false","83644","false","0","false","1035066.473","1020051.447","1035066.473","0","false","true",
"C","A","20250101","2025","52","2025","36","AUS","Australia","M","Import","454","MWI","Malawi","0","W00","World","H6","HS","true","0901","Coffee, whether or not roasted or decaffeinated; husks and skins; coffee substitutes containing coffee in any proportion","4","false","C00","TOTAL CPC","0","0","TOTAL MOT","8","kg","465","false","8","kg","465","false","465","false","0","false","4488.06","4212.654","4488.06","0","false","true",
"C","A","20250101","2025","52","2025","36","AUS","Australia","M","Import","458","MYS","Malaysia","0","W00","World","H6","HS","true","0901","Coffee, whether or not roasted or decaffeinated; husks and skins; coffee substitutes containing coffee in any proportion","4","false","C00","TOTAL CPC","0","0","TOTAL MOT","8","kg","129281.25","false","8","kg","129281.25","false","129281.25","false","0","false","2104163.845","2024311.364","2104163.845","0","false","true",
"C","A","20250101","2025","52","2025","36","AUS","Australia","M","Import","484","MEX","Mexico","0","W00","World","H6","HS","true","0901","Coffee, whether or not roasted or decaffeinated; husks and skins; coffee substitutes containing coffee in any proportion","4","false","C00","TOTAL CPC","0","0","TOTAL MOT","8","kg","1848776.93","false","8","kg","1848776.93","false","1848776.93","false","0","false","16306164.454","15992817.547","16306164.454","0","false","true",
"C","A","20250101","2025","52","2025","36","AUS","Australia","M","Import","490","S19","Other Asia, nes","0","W00","World","H6","HS","true","0901","Coffee, whether or not roasted or decaffeinated; husks and skins; coffee substitutes containing coffee in any proportion","4","false","C00","TOTAL CPC","0","0","TOTAL MOT","8","kg","1033","false","8","kg","1033","false","1033","false","0","false","15808.018","15376.232","15808.018","0","false","true",
"C","A","20250101","2025","52","2025","36","AUS","Australia","M","Import","524","NPL","Nepal","0","W00","World","H6","HS","true","0901","Coffee, whether or not roasted or decaffeinated; husks and skins; coffee substitutes containing coffee in any proportion","4","false","C00","TOTAL CPC","0","0","TOTAL MOT","8","kg","400","false","8","kg","400","false","400","false","0.405","false","7379.037","5919.106","7379.037","0","false","true",
"C","A","20250101","2025","52","2025","36","AUS","Australia","M","Import","528","NLD","Netherlands","0","W00","World","H6","HS","true","0901","Coffee, whether or not roasted or decaffeinated; husks and skins; coffee substitutes containing coffee in any proportion","4","false","C00","TOTAL CPC","0","0","TOTAL MOT","8","kg","2835.03","false","8","kg","2835.03","false","2835.03","false","0","false","66140.586","61897.822","66140.586","0","false","true",
"C","A","20250101","2025","52","2025","36","AUS","Australia","M","Import","548","VUT","Vanuatu","0","W00","World","H6","HS","true","0901","Coffee, whether or not roasted or decaffeinated; husks and skins; coffee substitutes containing coffee in any proportion","4","false","C00","TOTAL CPC","0","0","TOTAL MOT","8","kg","103","false","8","kg","103","false","103","false","0.111","false","3223.116","2903.516","3223.116","0","false","true",
"C","A","20250101","2025","52","2025","36","AUS","Australia","M","Import","554","NZL","New Zealand","0","W00","World","H6","HS","true","0901","Coffee, whether or not roasted or decaffeinated; husks and skins; coffee substitutes containing coffee in any proportion","4","false","C00","TOTAL CPC","0","0","TOTAL MOT","8","kg","209590.81","false","8","kg","209590.81","false","209590.81","false","289.437","false","2245604.397","2193322.901","2245604.397","0","false","true",
"C","A","20250101","2025","52","2025","36","AUS","Australia","M","Import","558","NIC","Nicaragua","0","W00","World","H6","HS","true","0901","Coffee, whether or not roasted or decaffeinated; husks and skins; coffee substitutes containing coffee in any proportion","4","false","C00","TOTAL CPC","0","0","TOTAL MOT","8","kg","2473851.37","false","8","kg","2473851.37","false","2473851.37","false","0","false","20754088.838","20393457.685","20754088.838","0","false","true",
"C","A","20250101","2025","52","2025","36","AUS","Australia","M","Import","566","NGA","Nigeria","0","W00","World","H6","HS","true","0901","Coffee, whether or not roasted or decaffeinated; husks and skins; coffee substitutes containing coffee in any proportion","4","false","C00","TOTAL CPC","0","0","TOTAL MOT","8","kg","200","false","8","kg","200","false","200","false","0.217","false","3652.814","2764.166","3652.814","0","false","true",
"C","A","20250101","2025","52","2025","36","AUS","Australia","M","Import","579","NOR","Norway","0","W00","World","H6","HS","true","0901","Coffee, whether or not roasted or decaffeinated; husks and skins; coffee substitutes containing coffee in any proportion","4","false","C00","TOTAL CPC","0","0","TOTAL MOT","8","kg","19219.3","false","8","kg","19219.3","false","19219.3","false","19.475","false","80700.483","78549.359","80700.483","0","false","true",
"C","A","20250101","2025","52","2025","36","AUS","Australia","M","Import","591","PAN","Panama","0","W00","World","H6","HS","true","0901","Coffee, whether or not roasted or decaffeinated; husks and skins; coffee substitutes containing coffee in any proportion","4","false","C00","TOTAL CPC","0","0","TOTAL MOT","8","kg","21625.739","false","8","kg","21625.739","false","21625.739","false","4.382","false","352816.509","307461.518","352816.509","0","false","true",
"C","A","20250101","2025","52","2025","36","AUS","Australia","M","Import","598","PNG","Papua New Guinea","0","W00","World","H6","HS","true","0901","Coffee, whether or not roasted or decaffeinated; husks and skins; coffee substitutes containing coffee in any proportion","4","false","C00","TOTAL CPC","0","0","TOTAL MOT","8","kg","10252843.073","false","8","kg","10252843.073","false","10252843.073","false","10369.529","false","73785466.806","72535775.879","73785466.806","0","false","true",
"C","A","20250101","2025","52","2025","36","AUS","Australia","M","Import","604","PER","Peru","0","W00","World","H6","HS","true","0901","Coffee, whether or not roasted or decaffeinated; husks and skins; coffee substitutes containing coffee in any proportion","4","false","C00","TOTAL CPC","0","0","TOTAL MOT","8","kg","2414650.478","false","8","kg","2414650.478","false","2414650.478","false","0","false","18614485.378","18304144.719","18614485.378","0","false","true",
"C","A","20250101","2025","52","2025","36","AUS","Australia","M","Import","608","PHL","Philippines","0","W00","World","H6","HS","true","0901","Coffee, whether or not roasted or decaffeinated; husks and skins; coffee substitutes containing coffee in any proportion","4","false","C00","TOTAL CPC","0","0","TOTAL MOT","8","kg","3663.25","false","8","kg","3663.25","false","3663.25","false","0","false","36144.456","35122.722","36144.456","0","false","true",
"C","A","20250101","2025","52","2025","36","AUS","Australia","M","Import","612","PCN","Pitcairn","0","W00","World","H6","HS","true","0901","Coffee, whether or not roasted or decaffeinated; husks and skins; coffee substitutes containing coffee in any proportion","4","false","C00","TOTAL CPC","0","0","TOTAL MOT","8","kg","19200","false","8","kg","19200","false","19200","false","19.392","false","105351.754","103787.209","105351.754","0","false","true",
"C","A","20250101","2025","52","2025","36","AUS","Australia","M","Import","620","PRT","Portugal","0","W00","World","H6","HS","true","0901","Coffee, whether or not roasted or decaffeinated; husks and skins; coffee substitutes containing coffee in any proportion","4","false","C00","TOTAL CPC","0","0","TOTAL MOT","8","kg","100","false","8","kg","100","false","100","false","0","false","1186.091","1126.877","1186.091","0","false","true",
"C","A","20250101","2025","52","2025","36","AUS","Australia","M","Import","626","TLS","Timor-Leste","0","W00","World","H6","HS","true","0901","Coffee, whether or not roasted or decaffeinated; husks and skins; coffee substitutes containing coffee in any proportion","4","false","C00","TOTAL CPC","0","0","TOTAL MOT","8","kg","614323","false","8","kg","614323","false","614323","false","0","false","3986804.52","3924131.38","3986804.52","0","false","true",
"C","A","20250101","2025","52","2025","36","AUS","Australia","M","Import","646","RWA","Rwanda","0","W00","World","H6","HS","true","0901","Coffee, whether or not roasted or decaffeinated; husks and skins; coffee substitutes containing coffee in any proportion","4","false","C00","TOTAL CPC","0","0","TOTAL MOT","8","kg","94510","false","8","kg","94510","false","94510","false","95.997","false","876398.127","854374.135","876398.127","0","false","true",
"C","A","20250101","2025","52","2025","36","AUS","Australia","M","Import","682","SAU","Saudi Arabia","0","W00","World","H6","HS","true","0901","Coffee, whether or not roasted or decaffeinated; husks and skins; coffee substitutes containing coffee in any proportion","4","false","C00","TOTAL CPC","0","0","TOTAL MOT","8","kg","3494","false","8","kg","3494","false","3494","false","0","false","6545.711","5584.627","6545.711","0","false","true",
"C","A","20250101","2025","52","2025","36","AUS","Australia","M","Import","688","SRB","Serbia","0","W00","World","H6","HS","true","0901","Coffee, whether or not roasted or decaffeinated; husks and skins; coffee substitutes containing coffee in any proportion","4","false","C00","TOTAL CPC","0","0","TOTAL MOT","8","kg","38683.6","false","8","kg","38683.6","false","38683.6","false","0","false","221415.004","203223.774","221415.004","0","false","true",
"C","A","20250101","2025","52","2025","36","AUS","Australia","M","Import","699","IND","India","0","W00","World","H6","HS","true","0901","Coffee, whether or not roasted or decaffeinated; husks and skins; coffee substitutes containing coffee in any proportion","4","false","C00","TOTAL CPC","0","0","TOTAL MOT","8","kg","5446848.079","false","8","kg","5446848.079","false","5446848.079","false","0","false","32310307.162","31332308.726","32310307.162","0","false","true",
"C","A","20250101","2025","52","2025","36","AUS","Australia","M","Import","702","SGP","Singapore","0","W00","World","H6","HS","true","0901","Coffee, whether or not roasted or decaffeinated; husks and skins; coffee substitutes containing coffee in any proportion","4","false","C00","TOTAL CPC","0","0","TOTAL MOT","8","kg","3482.98","false","8","kg","3482.98","false","3482.98","false","4.206","false","94836.43","91873.733","94836.43","0","false","true",
"C","A","20250101","2025","52","2025","36","AUS","Australia","M","Import","704","VNM","Viet Nam","0","W00","World","H6","HS","true","0901","Coffee, whether or not roasted or decaffeinated; husks and skins; coffee substitutes containing coffee in any proportion","4","false","C00","TOTAL CPC","0","0","TOTAL MOT","8","kg","12409409.737","false","8","kg","12409409.737","false","12409409.737","false","0","false","71779177.044","70750788.544","71779177.044","0","false","true",
"C","A","20250101","2025","52","2025","36","AUS","Australia","M","Import","705","SVN","Slovenia","0","W00","World","H6","HS","true","0901","Coffee, whether or not roasted or decaffeinated; husks and skins; coffee substitutes containing coffee in any proportion","4","false","C00","TOTAL CPC","0","0","TOTAL MOT","8","kg","615","false","8","kg","615","false","615","false","0.645","false","3282.35","3036.505","3282.35","0","false","true",
"C","A","20250101","2025","52","2025","36","AUS","Australia","M","Import","710","ZAF","South Africa","0","W00","World","H6","HS","true","0901","Coffee, whether or not roasted or decaffeinated; husks and skins; coffee substitutes containing coffee in any proportion","4","false","C00","TOTAL CPC","0","0","TOTAL MOT","8","kg","1215","false","8","kg","1215","false","1215","false","0","false","14620.741","13923.563","14620.741","0","false","true",
"C","A","20250101","2025","52","2025","36","AUS","Australia","M","Import","724","ESP","Spain","0","W00","World","H6","HS","true","0901","Coffee, whether or not roasted or decaffeinated; husks and skins; coffee substitutes containing coffee in any proportion","4","false","C00","TOTAL CPC","0","0","TOTAL MOT","8","kg","4523.64","false","8","kg","4523.64","false","4523.64","false","7.331","false","95739.853","88386.679","95739.853","0","false","true",
"C","A","20250101","2025","52","2025","36","AUS","Australia","M","Import","752","SWE","Sweden","0","W00","World","H6","HS","true","0901","Coffee, whether or not roasted or decaffeinated; husks and skins; coffee substitutes containing coffee in any proportion","4","false","C00","TOTAL CPC","0","0","TOTAL MOT","8","kg","19.3","false","8","kg","19.3","false","19.3","false","0.019","false","1059.621","698.287","1059.621","0","false","true",
"C","A","20250101","2025","52","2025","36","AUS","Australia","M","Import","757","CHE","Switzerland","0","W00","World","H6","HS","true","0901","Coffee, whether or not roasted or decaffeinated; husks and skins; coffee substitutes containing coffee in any proportion","4","false","C00","TOTAL CPC","0","0","TOTAL MOT","8","kg","3044251.136","false","8","kg","3044251.136","false","3044251.136","false","0","false","118519381.504","115253636.856","118519381.504","0","false","true",
"C","A","20250101","2025","52","2025","36","AUS","Australia","M","Import","760","SYR","Syria","0","W00","World","H6","HS","true","0901","Coffee, whether or not roasted or decaffeinated; husks and skins; coffee substitutes containing coffee in any proportion","4","false","C00","TOTAL CPC","0","0","TOTAL MOT","8","kg","7305","false","8","kg","7305","false","7305","false","25.28","false","71866.599","59862.137","71866.599","0","false","true",
"C","A","20250101","2025","52","2025","36","AUS","Australia","M","Import","764","THA","Thailand","0","W00","World","H6","HS","true","0901","Coffee, whether or not roasted or decaffeinated; husks and skins; coffee substitutes containing coffee in any proportion","4","false","C00","TOTAL CPC","0","0","TOTAL MOT","8","kg","10179.66","false","8","kg","10179.66","false","10179.66","false","0","false","165030.494","157244.968","165030.494","0","false","true",
"C","A","20250101","2025","52","2025","36","AUS","Australia","M","Import","784","ARE","United Arab Emirates","0","W00","World","H6","HS","true","0901","Coffee, whether or not roasted or decaffeinated; husks and skins; coffee substitutes containing coffee in any proportion","4","false","C00","TOTAL CPC","0","0","TOTAL MOT","8","kg","20371.35","false","8","kg","20371.35","false","20371.35","false","0","false","298270.701","291943.972","298270.701","0","false","true",
"C","A","20250101","2025","52","2025","36","AUS","Australia","M","Import","792","TUR","Türkiye","0","W00","World","H6","HS","true","0901","Coffee, whether or not roasted or decaffeinated; husks and skins; coffee substitutes containing coffee in any proportion","4","false","C00","TOTAL CPC","0","0","TOTAL MOT","8","kg","14464.16","false","8","kg","14464.16","false","14464.16","false","0","false","155919.264","149397.677","155919.264","0","false","true",
"C","A","20250101","2025","52","2025","36","AUS","Australia","M","Import","800","UGA","Uganda","0","W00","World","H6","HS","true","0901","Coffee, whether or not roasted or decaffeinated; husks and skins; coffee substitutes containing coffee in any proportion","4","false","C00","TOTAL CPC","0","0","TOTAL MOT","8","kg","3376139.2","false","8","kg","3376139.2","false","3376139.2","false","3154.488","false","20412023.114","19984243.6","20412023.114","0","false","true",
"C","A","20250101","2025","52","2025","36","AUS","Australia","M","Import","807","MKD","North Macedonia","0","W00","World","H6","HS","true","0901","Coffee, whether or not roasted or decaffeinated; husks and skins; coffee substitutes containing coffee in any proportion","4","false","C00","TOTAL CPC","0","0","TOTAL MOT","8","kg","10907","false","8","kg","10907","false","10907","false","0","false","122562.228","114692.823","122562.228","0","false","true",
"C","A","20250101","2025","52","2025","36","AUS","Australia","M","Import","826","GBR","United Kingdom","0","W00","World","H6","HS","true","0901","Coffee, whether or not roasted or decaffeinated; husks and skins; coffee substitutes containing coffee in any proportion","4","false","C00","TOTAL CPC","0","0","TOTAL MOT","8","kg","117224.29","false","8","kg","117224.29","false","117224.29","false","0","false","1868839.395","1801035.823","1868839.395","0","false","true",
"C","A","20250101","2025","52","2025","36","AUS","Australia","M","Import","834","TZA","United Rep. of Tanzania","0","W00","World","H6","HS","true","0901","Coffee, whether or not roasted or decaffeinated; husks and skins; coffee substitutes containing coffee in any proportion","4","false","C00","TOTAL CPC","0","0","TOTAL MOT","8","kg","1414865.288","false","8","kg","1414865.288","false","1414865.288","false","1380.574","false","8775783.483","8574700.285","8775783.483","0","false","true",
"C","A","20250101","2025","52","2025","36","AUS","Australia","M","Import","842","USA","USA","0","W00","World","H6","HS","true","0901","Coffee, whether or not roasted or decaffeinated; husks and skins; coffee substitutes containing coffee in any proportion","4","false","C00","TOTAL CPC","0","0","TOTAL MOT","8","kg","274320.19","false","8","kg","274320.19","false","274320.19","false","0","false","3548314.628","3425843.482","3548314.628","0","false","true",
"C","A","20250101","2025","52","2025","36","AUS","Australia","M","Import","862","VEN","Venezuela","0","W00","World","H6","HS","true","0901","Coffee, whether or not roasted or decaffeinated; husks and skins; coffee substitutes containing coffee in any proportion","4","false","C00","TOTAL CPC","0","0","TOTAL MOT","8","kg","48400","false","8","kg","48400","false","48400","false","0","false","372969.294","365701.765","372969.294","0","false","true",
"C","A","20250101","2025","52","2025","36","AUS","Australia","M","Import","887","YEM","Yemen","0","W00","World","H6","HS","true","0901","Coffee, whether or not roasted or decaffeinated; husks and skins; coffee substitutes containing coffee in any proportion","4","false","C00","TOTAL CPC","0","0","TOTAL MOT","8","kg","1000","false","8","kg","1000","false","1000","false","2.418","false","1299.299","1169.525","1299.299","0","false","true",
